occurrence,capture,record_index,field_u32_00,field_u32_08,field_u32_0c,field_f32_14,field_f32_18,field_f32_1c,hypothesis_f32_20_unprojected
occurrence-001,accept_leve.pcapng,0,value-001,value-005,value-006,59.9616966,4,-1204.78613,-1.27599955
occurrence-002,accept_leve.pcapng,0,value-001,value-005,value-006,59.9616966,4,-1204.78613,-1.27599955
occurrence-003,accept_leve.pcapng,0,value-001,value-005,value-006,59.9616966,4,-1204.78613,-1.27599955
occurrence-004,accept_leve.pcapng,0,value-001,value-005,value-006,59.9616966,4,-1204.78613,-1.27599955
occurrence-005,accept_leve.pcapng,0,value-001,value-005,value-006,59.9616966,4,-1204.78613,-1.27599955
occurrence-006,accept_leve.pcapng,0,value-001,value-005,value-006,59.9616966,4,-1204.78613,-1.27599955
occurrence-007,accept_local_leve.pcapng,0,value-001,value-005,value-006,59.5802917,4,-1205.6958,-1.84860277
occurrence-008,accept_local_leve.pcapng,0,value-001,value-005,value-006,59.5802917,4,-1205.6958,-1.84860277
occurrence-009,accept_local_leve.pcapng,0,value-001,value-005,value-006,59.5802917,4,-1205.6958,-1.84860277
occurrence-010,accept_local_leve.pcapng,0,value-001,value-005,value-006,59.5802917,4,-1205.6958,-1.84860277
occurrence-011,accept_local_leve.pcapng,0,value-001,value-005,value-006,59.5802917,4,-1205.6958,-1.84860277
occurrence-012,accept_quest.pcapng,0,value-001,value-005,value-006,67.6306458,-6.99999809,-1207.82458,1.52462757
occurrence-013,accept_quest.pcapng,0,value-001,value-005,value-006,67.6306458,-6.99999809,-1207.82458,1.52462757
occurrence-014,accept_quest.pcapng,0,value-001,value-005,value-006,67.6306458,-6.99999809,-1207.82458,1.52462757
occurrence-015,accept_quest.pcapng,0,value-001,value-005,value-006,67.6306458,-6.99999809,-1207.82458,1.52462757
occurrence-016,add_str.pcapng,0,value-001,value-005,value-006,1823.60938,149.472565,1728.02478,-2.35400939
occurrence-017,add_str.pcapng,0,value-001,value-005,value-006,1823.60938,149.472565,1728.02478,-2.35400939
occurrence-018,battle_mode_passive_mode.pcapng,0,value-001,value-005,value-006,822.815369,0.922718287,1092.52087,1.74839211
occurrence-019,buy_square_maple_shield.pcapng,0,value-001,value-005,value-006,58.1691322,4,-1209.35168,-2.66340685
occurrence-020,buy_square_maple_shield.pcapng,0,value-001,value-005,value-006,58.1691322,4,-1209.35168,-2.66340685
occurrence-021,buy_square_maple_shield.pcapng,0,value-001,value-005,value-006,58.1691322,4,-1209.35168,-2.66340685
occurrence-022,buy_square_maple_shield.pcapng,0,value-001,value-005,value-006,58.1691322,4,-1209.35168,-2.66340685
occurrence-023,buy_square_maple_shield.pcapng,0,value-001,value-005,value-006,58.1691322,4,-1209.35168,-2.66340685
occurrence-024,buy_square_maple_shield.pcapng,0,value-001,value-005,value-006,58.1691322,4,-1209.35168,-2.66340685
occurrence-025,change_to_botanist.pcapng,0,value-001,value-005,value-006,283.415131,4.1421175,-550.660095,-2.24736404
occurrence-026,change_to_botanist.pcapng,0,value-001,value-005,value-006,283.415131,4.1421175,-550.660095,-2.24736404
occurrence-027,change_to_botanist.pcapng,0,value-001,value-005,value-006,283.415131,4.1421175,-550.660095,-2.24736404
occurrence-028,change_to_botanist.pcapng,0,value-001,value-005,value-006,283.415131,4.1421175,-550.660095,-2.24736404
occurrence-029,change_to_botanist.pcapng,0,value-001,value-005,value-006,283.415131,4.1421175,-550.660095,-2.24736404
occurrence-030,chat_say.pcapng,0,value-001,value-005,value-006,1823.60938,149.472565,1728.02478,-2.35400939
occurrence-031,chat_shout.pcapng,0,value-001,value-005,value-006,1823.60938,149.472565,1728.02478,-2.35400939
occurrence-032,coerthas_map.pcapng,0,value-001,value-005,value-006,1823.60938,149.472565,1728.02478,-2.35400939
occurrence-033,coerthas_map.pcapng,0,value-001,value-005,value-006,1823.60938,149.472565,1728.02478,-2.35400939
occurrence-034,combat_autoattack.pcapng,0,value-001,value-005,value-006,822.815369,0.922718287,1092.52087,1.74839211
occurrence-035,combat_autoattack.pcapng,0,value-001,value-005,value-006,821.0896,0.325347126,1087.85291,-2.82472205
occurrence-036,combat_autoattack.pcapng,0,value-001,value-005,value-006,821.0896,0.325347126,1087.85291,-2.82472205
occurrence-037,combat_autoattack.pcapng,0,value-001,value-005,value-006,821.0896,0.325347126,1087.85291,-2.82472205
occurrence-038,combat_autoattack.pcapng,0,value-001,value-005,value-006,821.0896,0.325347126,1087.85291,-2.82472205
occurrence-039,combat_autoattack.pcapng,0,value-001,value-005,value-006,816.789734,-0.854764223,1074.62659,-2.82741475
occurrence-040,combat_autoattack.pcapng,0,value-001,value-005,value-006,819.868164,-0.245251611,1084.10046,-2.82741284
occurrence-041,combat_autoattack.pcapng,0,value-001,value-005,value-006,818.737,-0.74556309,1080.62036,-2.82745934
occurrence-042,combat_skills.pcapng,0,value-001,value-005,value-006,819.18512,-0.846734643,1079.60986,2.72414064
occurrence-043,combat_skills.pcapng,0,value-001,value-005,value-006,822.597229,-0.029163003,1066.44092,2.7121141
occurrence-044,combat_skills.pcapng,0,value-001,value-005,value-006,822.597229,-0.029163003,1066.44092,2.7121141
occurrence-045,combat_skills.pcapng,0,value-001,value-005,value-006,822.597229,-0.029163003,1066.44092,2.7121141
occurrence-046,combat_skills.pcapng,0,value-001,value-005,value-006,822.597229,-0.029163003,1066.44092,2.7121141
occurrence-047,combat_skills.pcapng,0,value-001,value-005,value-006,822.634766,-0.029163003,1067.88037,0.026040215
occurrence-048,combat_skills.pcapng,0,value-001,value-005,value-006,822.634766,-0.029163003,1067.88037,0.026040215
occurrence-049,from_gridania_to_blackshroud.pcapng,0,value-001,value-005,value-006,61.850769,4,-1210.83447,-1.31518984
occurrence-050,from_gridania_to_blackshroud.pcapng,0,value-001,value-005,value-006,75.4978943,4.02539444,-1209.16833,1.25482249
occurrence-051,from_gridania_to_blackshroud.pcapng,0,value-001,value-005,value-006,99.3384171,3.60166144,-1202.40979,1.29682386
occurrence-052,from_gridania_to_blackshroud.pcapng,0,value-001,value-005,value-006,119.026459,4.12400246,-1190.08008,0.511425674
occurrence-053,from_gridania_to_blackshroud.pcapng,0,value-001,value-005,value-006,137.327042,1.32460403,-1176.70911,0.720864236
occurrence-054,from_gridania_to_blackshroud.pcapng,0,value-001,value-005,value-006,160.335663,-0.959503651,-1164.04785,0.968805492
occurrence-055,from_gridania_to_blackshroud.pcapng,0,value-001,value-005,value-006,182.82222,-0.999999166,-1154.69739,1.52081501
occurrence-056,from_gridania_to_blackshroud.pcapng,0,value-001,value-005,value-006,208.033066,0.979967535,-1153.18079,1.62880564
occurrence-057,from_gridania_to_blackshroud.pcapng,0,value-001,value-005,value-006,231.424576,4.51629257,-1155.6344,1.69281673
occurrence-058,from_gridania_to_blackshroud.pcapng,0,value-001,value-005,value-006,254.6604,6.55023098,-1151.31079,0.850814104
occurrence-059,from_gridania_to_blackshroud.pcapng,0,value-001,value-005,value-006,269.163818,6.53746939,-1138.5946,0.850814104
occurrence-060,from_gridania_to_blackshroud.pcapng,0,value-001,value-005,value-006,280.853485,6.53604507,-1128.06372,0.82081455
occurrence-061,from_gridania_to_blackshroud.pcapng,0,value-001,value-005,value-006,296.7771,6.10013819,-1111.30798,0.82081455
occurrence-062,from_gridania_to_blackshroud.pcapng,0,value-001,value-005,value-006,306.437012,6.5360446,-1090.00024,0.0354163833
occurrence-063,from_gridania_to_blackshroud.pcapng,0,value-001,value-005,value-006,318.363129,5.99401617,-1066.36401,0.150812119
occurrence-064,from_gridania_to_blackshroud.pcapng,0,value-001,value-005,value-006,319.243073,6.53604412,-1041.06482,0.0128141325
occurrence-065,from_gridania_to_blackshroud.pcapng,0,value-001,value-005,value-006,319.543854,6.5360446,-1017.599,0.0128137581
occurrence-066,from_gridania_to_blackshroud.pcapng,0,value-001,value-005,value-006,318.287964,4.05350161,-992.431458,-0.315187931
occurrence-067,from_gridania_to_blackshroud.pcapng,0,value-001,value-005,value-006,317.45874,6.8381443,-966.879639,0.434811652
occurrence-068,from_gridania_to_blackshroud.pcapng,0,value-001,value-005,value-006,330.729492,6.15636063,-945.56073,0.596815526
occurrence-069,from_gridania_to_blackshroud.pcapng,0,value-001,value-005,value-006,343.781494,4.13787699,-924.236633,0.54881233
occurrence-070,from_gridania_to_blackshroud.pcapng,0,value-001,value-005,value-006,367.364868,5.90112591,-912.047668,1.83220863
occurrence-071,gather_wood.pcapng,0,value-001,value-005,value-006,388.021637,5.21288204,-469.845642,2.07059598
occurrence-072,gather_wood.pcapng,0,value-001,value-005,value-006,388.021637,5.21288204,-469.845642,2.07059598
occurrence-073,gather_wood.pcapng,0,value-001,value-005,value-006,388.021637,5.21288204,-469.845642,2.07059598
occurrence-074,gather_wood.pcapng,0,value-001,value-005,value-006,388.021637,5.21288204,-469.845642,2.07059598
occurrence-075,gather_wood.pcapng,0,value-001,value-005,value-006,388.021637,5.21288204,-469.845642,2.07059598
occurrence-076,gather_wood.pcapng,0,value-001,value-005,value-006,388.021637,5.21288204,-469.845642,2.07059598
occurrence-077,gather_wood.pcapng,0,value-001,value-005,value-006,388.021637,5.21288204,-469.845642,2.07059598
occurrence-078,gather_wood.pcapng,0,value-001,value-005,value-006,388.021637,5.21288204,-469.845642,2.07059598
occurrence-079,gather_wood.pcapng,0,value-001,value-005,value-006,388.021637,5.21288204,-469.845642,2.07059598
occurrence-080,gather_wood.pcapng,0,value-001,value-005,value-006,388.021637,5.21288204,-469.845642,2.07059598
occurrence-081,gather_wood.pcapng,0,value-001,value-005,value-006,388.021637,5.21288204,-469.845642,2.07059598
occurrence-082,gather_wood.pcapng,0,value-001,value-005,value-006,388.021637,5.21288204,-469.845642,2.07059598
occurrence-083,gather_wood.pcapng,0,value-001,value-005,value-006,388.021637,5.21288204,-469.845642,2.07059598
occurrence-084,gather_wood.pcapng,0,value-001,value-005,value-006,388.021637,5.21288204,-469.845642,2.07059598
occurrence-085,gather_wood.pcapng,0,value-001,value-005,value-006,388.021637,5.21288204,-469.845642,2.07059598
occurrence-086,gather_wood.pcapng,0,value-001,value-005,value-006,388.021637,5.21288204,-469.845642,2.07059598
occurrence-087,gather_wood.pcapng,0,value-001,value-005,value-006,388.021637,5.21288204,-469.845642,2.07059598
occurrence-088,gather_wood.pcapng,0,value-001,value-005,value-006,388.021637,5.21288204,-469.845642,2.07059598
occurrence-089,gridania_map.pcapng,0,value-001,value-005,value-006,115.62529,4.88313246,-1195.10791,1.7960403
occurrence-090,gridania_map.pcapng,0,value-001,value-005,value-006,115.62529,4.88313246,-1195.10791,1.7960403
occurrence-091,gridania_to_coerthas.pcapng,0,value-001,value-005,value-006,129.469604,3.29370475,-1185.1803,0.862033963
occurrence-092,gridania_to_coerthas.pcapng,0,value-001,value-005,value-006,149.230469,-0.259869546,-1171.36475,0.862033188
occurrence-093,gridania_to_coerthas.pcapng,0,value-001,value-005,value-006,169.447281,-1.28188086,-1157.85889,1.64743137
occurrence-094,gridania_to_coerthas.pcapng,0,value-001,value-005,value-006,192.936722,-0.902297735,-1152.48181,1.5100292
occurrence-095,gridania_to_coerthas.pcapng,0,value-001,value-005,value-006,216.297562,2.83124328,-1152.53003,2.39942646
occurrence-096,gridania_to_coerthas.pcapng,0,value-001,value-005,value-006,242.665161,6.3622241,-1155.98499,1.24402893
occurrence-097,gridania_to_coerthas.pcapng,0,value-001,value-005,value-006,263.691589,6.28723001,-1144.19104,0.850035846
occurrence-098,gridania_to_coerthas.pcapng,0,value-001,value-005,value-006,281.632385,6.5360446,-1126.27576,0.758030713
occurrence-099,gridania_to_coerthas.pcapng,0,value-001,value-005,value-006,299.020996,6.1013093,-1107.89722,0.758030713
occurrence-100,gridania_to_coerthas.pcapng,0,value-001,value-005,value-006,307.72937,6.5360446,-1086.2677,0.758030713
occurrence-101,gridania_to_coerthas.pcapng,0,value-001,value-005,value-006,319.06665,5.95932627,-1065.54639,0.758030713
occurrence-102,gridania_to_coerthas.pcapng,0,value-001,value-005,value-006,319.736389,6.5360446,-1040.59375,-0.0273752213
occurrence-103,gridania_to_coerthas.pcapng,0,value-001,value-005,value-006,319.088654,6.53604412,-1017.02832,-0.0273575783
occurrence-104,gridania_to_coerthas.pcapng,0,value-001,value-005,value-006,317.652679,4.07335472,-990.093689,-0.645362377
occurrence-105,gridania_to_coerthas.pcapng,0,value-001,value-005,value-006,317.858673,6.85579586,-966.155701,0.444035381
occurrence-106,gridania_to_coerthas.pcapng,0,value-001,value-005,value-006,329.999512,6.05024004,-944.137512,0.532033682
occurrence-107,gridania_to_coerthas.pcapng,0,value-001,value-005,value-006,350.979248,4.10565519,-920.61908,1.15203047
occurrence-108,gridania_to_coerthas.pcapng,0,value-001,value-005,value-006,384.016815,7.02075577,-892.779358,0.34003216
occurrence-109,gridania_to_coerthas.pcapng,0,value-001,value-005,value-006,380.976532,2.43692279,-849.949036,-0.12396574
occurrence-110,gridania_to_coerthas.pcapng,0,value-001,value-005,value-006,385.342194,3.45631266,-806.398682,-0.525362015
occurrence-111,gridania_to_coerthas.pcapng,0,value-001,value-005,value-006,383.75412,4.32217073,-764.454651,-0.525362015
occurrence-112,gridania_to_coerthas.pcapng,0,value-001,value-005,value-006,360.729889,4.0607028,-729.28479,-0.289963722
occurrence-113,gridania_to_coerthas.pcapng,0,value-001,value-005,value-006,324.982422,4.47356033,-708.961609,-1.36396217
occurrence-114,gridania_to_coerthas.pcapng,0,value-001,value-005,value-006,280.870575,3.99230742,-699.000793,-1.30596495
occurrence-115,gridania_to_coerthas.pcapng,0,value-001,value-005,value-006,235.824707,4.16222334,-700.753662,-1.79396772
occurrence-116,gridania_to_coerthas.pcapng,0,value-001,value-005,value-006,192.82933,3.51111841,-700.528809,-1.11796284
occurrence-117,gridania_to_coerthas.pcapng,0,value-001,value-005,value-006,151.18045,5.13163853,-707.554443,-1.98596525
occurrence-118,gridania_to_coerthas.pcapng,0,value-001,value-005,value-006,108.970917,16.1275673,-699.85144,-1.44596243
occurrence-119,gridania_to_coerthas.pcapng,0,value-001,value-005,value-006,65.7027283,20.1868629,-699.972046,-2.38596416
occurrence-120,gridania_to_coerthas.pcapng,0,value-001,value-005,value-006,42.3828621,20.2006493,-739.131287,-2.61996484
occurrence-121,gridania_to_coerthas.pcapng,0,value-001,value-005,value-006,4.91256332,20.2125912,-762.284119,-2.41796684
occurrence-122,gridania_to_coerthas.pcapng,0,value-001,value-005,value-006,-32.9585609,20.0551567,-769.763672,-1.60396481
occurrence-123,gridania_to_coerthas.pcapng,0,value-001,value-005,value-006,-75.7321243,7.36040545,-759.725403,-1.76196194
occurrence-124,gridania_to_coerthas.pcapng,0,value-001,value-005,value-006,-117.952347,0.48773095,-768.72345,-1.16996098
occurrence-125,gridania_to_coerthas.pcapng,0,value-001,value-005,value-006,-162.337875,4.07878017,-765.479065,-1.49996042
occurrence-126,gridania_to_coerthas.pcapng,0,value-001,value-005,value-006,-198.434753,4.31137991,-774.253662,-2.42796326
occurrence-127,gridania_to_coerthas.pcapng,0,value-001,value-005,value-006,-228.363159,4.18609142,-808.819153,-2.42796326
occurrence-128,gridania_to_coerthas.pcapng,0,value-001,value-005,value-006,-260.297394,4.40046406,-837.274963,-2.42796326
occurrence-129,gridania_to_coerthas.pcapng,0,value-001,value-005,value-006,-300.699188,4.8639884,-834.859924,-1.54796505
occurrence-130,gridania_to_coerthas.pcapng,0,value-001,value-005,value-006,-339.523254,4.51179361,-857.055115,-2.26796818
occurrence-131,gridania_to_coerthas.pcapng,0,value-001,value-005,value-006,-361.890442,5.38137579,-881.805664,-2.70430255
occurrence-132,gridania_to_coerthas.pcapng,0,value-001,value-005,value-006,-396.622253,5.16538715,-904.21344,-1.15796614
occurrence-133,gridania_to_coerthas.pcapng,0,value-001,value-005,value-006,-440.914917,0.285342425,-898.240051,-1.33796501
occurrence-134,gridania_to_coerthas.pcapng,0,value-001,value-005,value-006,-485.319183,4.14283466,-894.221497,-1.72396469
occurrence-135,gridania_to_coerthas.pcapng,0,value-001,value-005,value-006,-524.766907,6.08672905,-912.214783,-2.11596537
occurrence-136,gridania_to_coerthas.pcapng,0,value-001,value-005,value-006,-560.374207,4.68745327,-939.632202,-1.652565
occurrence-137,gridania_to_coerthas.pcapng,0,value-001,value-005,value-006,-592.365723,4.67355967,-967.32074,-1.19996881
occurrence-138,gridania_to_coerthas.pcapng,0,value-001,value-005,value-006,-633.098022,3.80103588,-950.26709,-1.50996256
occurrence-139,gridania_to_coerthas.pcapng,0,value-001,value-005,value-006,-642.771057,4.00000048,-987.618591,2.58322287
occurrence-140,gridania_to_coerthas.pcapng,0,value-001,value-005,value-006,-638.564941,11.2882299,-1028.26526,-2.34196329
occurrence-141,gridania_to_coerthas.pcapng,0,value-001,value-005,value-006,-636.048584,22.0448666,-1070.95129,2.90922093
occurrence-142,gridania_to_coerthas.pcapng,0,value-001,value-005,value-006,-657.152039,21.0040951,-1109.92102,-2.78395796
occurrence-143,gridania_to_coerthas.pcapng,0,value-001,value-005,value-006,-672.373901,19.7500019,-1151.91638,-2.79796505
occurrence-144,gridania_to_coerthas.pcapng,0,value-001,value-005,value-006,-688.63855,21.1581993,-1194.22168,-2.79796505
occurrence-145,gridania_to_coerthas.pcapng,0,value-001,value-005,value-006,-708.83551,22.1718407,-1232.40015,-2.79796505
occurrence-146,gridania_to_coerthas.pcapng,0,value-001,value-005,value-006,-698.036987,19.6518116,-1274.33228,-2.79796505
occurrence-147,gridania_to_coerthas.pcapng,0,value-001,value-005,value-006,-733.991577,20.0296669,-1279.05066,-1.27396679
occurrence-148,gridania_to_coerthas.pcapng,0,value-001,value-005,value-006,-772.797302,20.2104034,-1284.11194,-2.54996443
occurrence-149,gridania_to_coerthas.pcapng,0,value-001,value-005,value-006,-804.311401,20.0097313,-1315.58508,-2.43196154
occurrence-150,gridania_to_coerthas.pcapng,0,value-001,value-005,value-006,-832.514526,20.1322861,-1345.16492,-2.43196154
occurrence-151,gridania_to_coerthas.pcapng,0,value-001,value-005,value-006,-872.537659,19.7427044,-1339.755,-1.16395855
occurrence-152,gridania_to_coerthas.pcapng,0,value-001,value-005,value-006,-903.534058,19.5701294,-1356.15076,-3.11796808
occurrence-153,gridania_to_coerthas.pcapng,0,value-001,value-005,value-006,-896.077393,19.8166199,-1399.77417,-2.71196318
occurrence-154,gridania_to_coerthas.pcapng,0,value-001,value-005,value-006,-896.983521,20.0316277,-1441.33789,2.75122356
occurrence-155,gridania_to_coerthas.pcapng,0,value-001,value-005,value-006,-890.544739,20.1996517,-1494.91077,-3.06796122
occurrence-156,gridania_to_coerthas.pcapng,0,value-001,value-005,value-006,-892.968201,19.5689583,-1539.17395,-2.77796435
occurrence-157,gridania_to_coerthas.pcapng,0,value-001,value-005,value-006,-889.257751,19.8351727,-1582.71155,2.88922191
occurrence-158,gridania_to_coerthas.pcapng,0,value-001,value-005,value-006,-914.126099,19.4597797,-1605.29285,-1.25195837
occurrence-159,gridania_to_coerthas.pcapng,0,value-001,value-005,value-006,-957.67865,22.2189884,-1594.54114,-1.62595987
occurrence-160,gridania_to_coerthas.pcapng,0,value-001,value-005,value-006,-1002.88708,20.4223804,-1595.98816,-1.19995928
occurrence-161,gridania_to_coerthas.pcapng,0,value-001,value-005,value-006,-1037.2804,20.5873642,-1616.45544,-2.44396925
occurrence-162,gridania_to_coerthas.pcapng,0,value-001,value-005,value-006,-1068.64465,21.3641872,-1645.59839,-2.30196524
occurrence-163,gridania_to_coerthas.pcapng,0,value-001,value-005,value-006,-1092.52747,21.5329514,-1683.44751,2.97722149
occurrence-164,gridania_to_coerthas.pcapng,0,value-001,value-005,value-006,-1095.08057,22.4415379,-1723.12842,-2.2859621
occurrence-165,gridania_to_coerthas.pcapng,0,value-001,value-005,value-006,-1140.17334,16.8870525,-1729.24524,-1.33796692
occurrence-166,gridania_to_coerthas.pcapng,0,value-001,value-005,value-006,-1185.20239,20.067564,-1725.85364,-1.64995909
occurrence-167,gridania_to_coerthas.pcapng,0,value-001,value-005,value-006,-1226.85327,19.2339554,-1733.32959,-1.75396395
occurrence-168,gridania_to_coerthas.pcapng,0,value-001,value-005,value-006,-1271.41833,19.6371803,-1730.13647,-1.22597218
occurrence-169,gridania_to_coerthas.pcapng,0,value-001,value-005,value-006,-1310.60132,20.0673313,-1725.8761,-1.92995882
occurrence-170,gridania_to_coerthas.pcapng,0,value-001,value-005,value-006,-1353.18494,19.984951,-1733.69421,-1.18196201
occurrence-171,gridania_to_coerthas.pcapng,0,value-001,value-005,value-006,-1396.12341,21.2465897,-1719.625,-1.27596521
occurrence-172,gridania_to_coerthas.pcapng,0,value-001,value-005,value-006,-1427.56824,21.2339745,-1749.70667,-2.50396228
occurrence-173,gridania_to_coerthas.pcapng,0,value-001,value-005,value-006,-1461.40833,20.5339699,-1779.74744,-2.2899642
occurrence-174,gridania_to_coerthas.pcapng,0,value-001,value-005,value-006,-1494.10754,20.2732811,-1793.79541,-0.918568611
occurrence-175,gridania_to_coerthas.pcapng,0,value-001,value-005,value-006,-1535.89648,19.506876,-1804.36853,-1.6659646
occurrence-176,gridania_to_coerthas.pcapng,0,value-001,value-005,value-006,-1577.06067,19.6839218,-1788.33044,-1.19796658
occurrence-177,gridania_to_coerthas.pcapng,0,value-001,value-005,value-006,-1606.60669,19.8219604,-1806.4104,3.04322433
occurrence-178,gridania_to_coerthas.pcapng,0,value-001,value-005,value-006,-1606.89954,20.6587296,-1850.22241,2.8232255
occurrence-179,gridania_to_coerthas.pcapng,0,value-001,value-005,value-006,-1582.74353,20.3370361,-1887.27466,2.91521645
occurrence-180,gridania_to_coerthas.pcapng,0,value-001,value-005,value-006,-1603.79407,20.4306469,-1926.22424,-2.12396812
occurrence-181,gridania_to_coerthas.pcapng,0,value-001,value-005,value-006,-1612.62634,21.1526623,-1927.96228,-1.30596161
occurrence-182,gridania_to_coerthas.pcapng,0,value-001,value-005,value-006,1836.94482,148,1741.29932,-2.3499999
occurrence-183,gridania_to_coerthas.pcapng,0,value-001,value-005,value-006,1836.94482,148,1741.29932,-2.3499999
occurrence-184,gridania_to_coerthas.pcapng,0,value-001,value-005,value-006,1825.78186,149.23848,1730.1875,-2.35400963
occurrence-185,harvest.pcapng,0,value-001,value-005,value-006,388.518799,5.03876591,-425.918549,-0.92777586
occurrence-186,harvest.pcapng,0,value-001,value-005,value-006,388.518799,5.03876591,-425.918549,-2.56135368
occurrence-187,harvest.pcapng,0,value-001,value-005,value-006,388.518799,5.03876591,-425.918549,-2.56135368
occurrence-188,harvest.pcapng,0,value-001,value-005,value-006,387.94458,5.2789917,-423.799652,-0.927775383
occurrence-189,harvest.pcapng,0,value-001,value-005,value-006,387.287903,5.37145996,-424.676178,-0.714602947
occurrence-190,harvest.pcapng,0,value-001,value-005,value-006,387.287903,5.37145996,-424.676178,-0.714602947
occurrence-191,idle_in_party.pcapng,0,value-001,value-005,value-006,61.2363625,4,-1217.60364,1.86106634
occurrence-191,idle_in_party.pcapng,1,value-007,value-008,value-006,58.9560966,4,-1219.13916,2.66046476
occurrence-192,idle_in_party.pcapng,0,value-001,value-005,value-006,61.2319489,4,-1216.79944,-0.212384701
occurrence-192,idle_in_party.pcapng,1,value-007,value-008,value-006,58.9560966,4,-1219.13916,2.66046476
occurrence-193,idling.pcapng,0,value-001,value-005,value-006,1828.76526,149.012756,1731.32703,-2.14040232
occurrence-194,idling.pcapng,0,value-001,value-005,value-006,1828.76526,149.012756,1731.32703,-2.14040232
occurrence-195,idling.pcapng,0,value-001,value-005,value-006,1828.76526,149.012756,1731.32703,-2.14040232
occurrence-196,idling.pcapng,0,value-001,value-005,value-006,1828.76526,149.012756,1731.32703,-2.14040232
occurrence-197,idling.pcapng,0,value-001,value-005,value-006,1828.76526,149.012756,1731.32703,-2.14040232
occurrence-198,idling.pcapng,0,value-001,value-005,value-006,1828.76526,149.012756,1731.32703,-2.14040232
occurrence-199,invite_join_party.pcapng,0,value-001,value-005,value-006,60.5067558,4,-1208.15234,-2.43800116
occurrence-200,invite_join_party.pcapng,0,value-001,value-005,value-006,60.5067558,4,-1208.15234,-2.43800116
occurrence-201,invite_join_party.pcapng,0,value-001,value-005,value-006,60.5067558,4,-1208.15234,-2.43800116
occurrence-202,invite_join_party.pcapng,0,value-001,value-005,value-006,60.5067558,4,-1208.15234,-2.43800116
occurrence-203,invite_join_party.pcapng,0,value-001,value-005,value-006,60.5067558,4,-1208.15234,-2.43800116
occurrence-204,invite_join_party.pcapng,0,value-001,value-005,value-006,60.5067558,4,-1208.15234,-2.43800116
occurrence-205,invite_join_party.pcapng,0,value-001,value-005,value-006,60.5067558,4,-1208.15234,-2.43800116
occurrence-206,invite_join_party.pcapng,0,value-001,value-005,value-006,60.5067558,4,-1208.15234,-2.43800116
occurrence-207,invite_join_party.pcapng,0,value-001,value-005,value-006,60.5067558,4,-1208.15234,-2.43800116
occurrence-208,invite_join_party.pcapng,0,value-001,value-005,value-006,60.5067558,4,-1208.15234,-2.43800116
occurrence-208,invite_join_party.pcapng,1,value-006,value-006,value-006,0,0,0,0
occurrence-209,local_leve_complete.pcapng,0,value-001,value-005,value-006,276.856842,4.53056145,-554.504028,-2.65999889
occurrence-210,local_leve_complete.pcapng,0,value-001,value-005,value-006,276.856842,4.53056145,-554.504028,-2.65999889
occurrence-211,local_leve_complete.pcapng,0,value-001,value-005,value-006,276.856842,4.53056145,-554.504028,-2.65999889
occurrence-212,local_leve_complete.pcapng,0,value-001,value-005,value-006,277.748169,4.53056145,-553.033813,0.544960558
occurrence-213,local_leve_complete.pcapng,0,value-001,value-005,value-006,277.748169,4.53056145,-553.033813,0.544960558
occurrence-214,local_leve_complete.pcapng,0,value-001,value-005,value-006,277.748169,4.53056145,-553.033813,0.544960558
occurrence-215,local_leve_complete.pcapng,0,value-001,value-005,value-006,277.748169,4.53056145,-553.033813,0.544960558
occurrence-216,local_leve_complete.pcapng,0,value-001,value-005,value-006,277.748169,4.53056145,-553.033813,0.544960558
occurrence-217,local_leve_complete.pcapng,0,value-001,value-005,value-006,277.748169,4.53056145,-553.033813,0.544960558
occurrence-218,local_leve_complete.pcapng,0,value-001,value-005,value-006,277.748169,4.53056145,-553.033813,0.544960558
occurrence-219,local_leve_complete.pcapng,0,value-001,value-005,value-006,277.748169,4.53056145,-553.033813,0.544960558
occurrence-220,local_leve_complete.pcapng,0,value-001,value-005,value-006,277.748169,4.53056145,-553.033813,0.544960558
occurrence-221,local_leve_complete.pcapng,0,value-001,value-005,value-006,277.748169,4.53056145,-553.033813,0.544960558
occurrence-222,local_leve_complete.pcapng,0,value-001,value-005,value-006,277.748169,4.53056145,-553.033813,0.544960558
occurrence-223,local_leve_complete.pcapng,0,value-001,value-005,value-006,277.748169,4.53056145,-553.033813,0.544960558
occurrence-224,local_leve_complete.pcapng,0,value-001,value-005,value-006,277.748169,4.53056145,-553.033813,0.544960558
occurrence-225,local_leve_complete.pcapng,0,value-001,value-005,value-006,277.748169,4.53056145,-553.033813,0.544960558
occurrence-226,local_leve_complete.pcapng,0,value-001,value-005,value-006,277.748169,4.53056145,-553.033813,0.544960558
occurrence-227,local_leve_complete.pcapng,0,value-001,value-005,value-006,277.748169,4.53056145,-553.033813,0.544960558
occurrence-228,local_leve_complete.pcapng,0,value-001,value-005,value-006,277.748169,4.53056145,-553.033813,0.544960558
occurrence-229,local_leve_complete.pcapng,0,value-001,value-005,value-006,277.748169,4.53056145,-553.033813,0.544960558
occurrence-230,local_leve_complete.pcapng,0,value-001,value-005,value-006,277.748169,4.53056145,-553.033813,0.544960558
occurrence-231,local_leve_complete.pcapng,0,value-001,value-005,value-006,277.748169,4.53056145,-553.033813,0.544960558
occurrence-232,local_leve_complete.pcapng,0,value-001,value-005,value-006,277.748169,4.53056145,-553.033813,0.544960558
occurrence-233,local_leve_complete.pcapng,0,value-001,value-005,value-006,277.748169,4.53056145,-553.033813,0.544960558
occurrence-234,local_leve_complete.pcapng,0,value-001,value-005,value-006,277.748169,4.53056145,-553.033813,0.544960558
occurrence-235,local_leve_complete.pcapng,0,value-001,value-005,value-006,277.748169,4.53056145,-553.033813,0.544960558
occurrence-236,local_leve_complete.pcapng,0,value-001,value-005,value-006,277.748169,4.53056145,-553.033813,0.544960558
occurrence-237,local_leve_complete.pcapng,0,value-001,value-005,value-006,277.748169,4.53056145,-553.033813,0.544960558
occurrence-238,local_leve_complete.pcapng,0,value-001,value-005,value-006,277.748169,4.53056145,-553.033813,0.544960558
occurrence-239,local_leve_complete.pcapng,0,value-001,value-005,value-006,277.748169,4.53056145,-553.033813,0.544960558
occurrence-240,local_leve_complete.pcapng,0,value-001,value-005,value-006,277.748169,4.53056145,-553.033813,0.544960558
occurrence-241,local_leve_complete.pcapng,0,value-001,value-005,value-006,277.748169,4.53056145,-553.033813,0.544960558
occurrence-242,local_leve_complete.pcapng,0,value-001,value-005,value-006,277.748169,4.53056145,-553.033813,0.544960558
occurrence-243,local_leve_complete.pcapng,0,value-001,value-005,value-006,277.748169,4.53056145,-553.033813,0.544960558
occurrence-244,local_leve_complete.pcapng,0,value-001,value-005,value-006,277.748169,4.53056145,-553.033813,0.544960558
occurrence-245,local_leve_complete.pcapng,0,value-001,value-005,value-006,277.748169,4.53056145,-553.033813,0.544960558
occurrence-246,local_leve_complete.pcapng,0,value-001,value-005,value-006,277.748169,4.53056145,-553.033813,0.544960558
occurrence-247,local_leve_complete.pcapng,0,value-001,value-005,value-006,277.748169,4.53056145,-553.033813,0.544960558
occurrence-248,local_leve_complete.pcapng,0,value-001,value-005,value-006,277.748169,4.53056145,-553.033813,0.544960558
occurrence-249,local_leve_complete.pcapng,0,value-001,value-005,value-006,275.763031,4.57070684,-555.367371,-2.43663383
occurrence-250,local_leve_complete.pcapng,0,value-001,value-005,value-006,275.763031,4.57070684,-555.367371,-2.43663383
occurrence-251,local_leve_complete.pcapng,0,value-001,value-005,value-006,277.94458,4.51090717,-554.070923,1.59743023
occurrence-252,mount_unmount_chocobo.pcapng,0,value-001,value-005,value-006,387.029724,5.16503143,-874.579529,-0.285186768
occurrence-253,mount_unmount_chocobo.pcapng,0,value-001,value-005,value-006,385.644073,6.90996647,-894.855896,-1.07058477
occurrence-254,move_around_gridania.pcapng,0,value-001,value-005,value-006,-120.316643,16.054224,-1333.43005,-0.489998698
occurrence-255,move_around_gridania.pcapng,0,value-001,value-005,value-006,-111.415771,16.9482765,-1343.1156,2.33000159
occurrence-256,move_around_gridania.pcapng,0,value-001,value-005,value-006,-119.105354,17.9115257,-1360.60742,-2.29717994
occurrence-257,move_around_gridania.pcapng,0,value-001,value-005,value-006,-128.280075,18.4694481,-1382.01648,-3.08258057
occurrence-258,move_around_gridania.pcapng,0,value-001,value-005,value-006,-140.180069,20.3450184,-1402.39282,-2.29717922
occurrence-259,move_around_gridania.pcapng,0,value-001,value-005,value-006,-162.343445,22.1553135,-1408.17139,-1.51118064
occurrence-260,move_around_gridania.pcapng,0,value-001,value-005,value-006,-179.563065,22.2940502,-1411.63257,1.64600408
occurrence-261,move_around_gridania.pcapng,0,value-001,value-005,value-006,-154.464111,21.5042953,-1406.69714,1.38399124
occurrence-262,move_around_gridania.pcapng,0,value-001,value-005,value-006,-131.326218,19.270401,-1399.78979,1.38399124
occurrence-263,move_around_gridania.pcapng,0,value-001,value-005,value-006,-116.925697,18.5909309,-1417.89905,2.39600253
occurrence-264,move_around_gridania.pcapng,0,value-001,value-005,value-006,-104.222542,18.6895313,-1439.48364,2.39600253
occurrence-265,move_around_gridania.pcapng,0,value-001,value-005,value-006,-87.2888565,18.969017,-1457.83496,2.39600253
occurrence-266,move_around_gridania.pcapng,0,value-001,value-005,value-006,-70.9778595,19.0002575,-1474.00854,1.95966065
occurrence-267,move_around_gridania.pcapng,0,value-001,value-005,value-006,-70.1411209,19,-1475.14331,-0.745589614
occurrence-268,move_around_gridania.pcapng,0,value-001,value-005,value-006,-89.0397263,18.9393578,-1463.41882,-2.31637931
occurrence-269,move_around_gridania.pcapng,0,value-001,value-005,value-006,-81.9730988,16.9670334,-1477.31885,-3.10178423
occurrence-270,move_around_gridania.pcapng,0,value-001,value-005,value-006,-84.2893524,19.0605507,-1500.84253,2.85800171
occurrence-271,move_around_gridania.pcapng,0,value-001,value-005,value-006,-70.0798569,19.3071232,-1521.07007,2.58799767
occurrence-272,move_around_gridania.pcapng,0,value-001,value-005,value-006,-50.7430573,20.3700523,-1535.30212,1.78999436
occurrence-273,move_around_gridania.pcapng,0,value-001,value-005,value-006,-25.6720409,22.6258106,-1536.86987,1.72800386
occurrence-274,move_around_gridania.pcapng,0,value-001,value-005,value-006,-10.1562471,22.7238579,-1555.02844,2.70400071
occurrence-275,move_around_gridania.pcapng,0,value-001,value-005,value-006,10.9348421,22.0001812,-1563.76331,1.7519902
occurrence-276,move_out_of_room.pcapng,0,value-001,value-005,value-006,58.9199982,4,-1219.06995,0.519999981
occurrence-277,move_out_of_room.pcapng,0,value-001,value-005,value-006,58.9199982,4,-1219.06995,0.519999981
occurrence-278,move_out_of_room.pcapng,0,value-001,value-005,value-006,58.9199982,4,-1219.06995,0.519999981
occurrence-279,move_out_of_room.pcapng,0,value-001,value-005,value-006,58.9199982,4,-1219.06995,0.519999981
occurrence-280,move_out_of_room.pcapng,0,value-001,value-005,value-006,62.4434662,4,-1204.45972,-0.475998878
occurrence-281,move_out_of_room.pcapng,0,value-001,value-005,value-006,70.3083725,4.00199986,-1209.13623,-2.78718543
occurrence-282,moving_around_gridania.pcapng,0,value-001,value-005,value-006,58.1691322,4,-1209.35168,-2.66340685
occurrence-283,moving_around_gridania.pcapng,0,value-001,value-005,value-006,67.5285721,4,-1199.50146,-0.781960011
occurrence-284,moving_around_gridania.pcapng,0,value-001,value-005,value-006,63.3174171,3.79999995,-1183.41345,1.70802283
occurrence-285,moving_around_gridania.pcapng,0,value-001,value-005,value-006,72.8643799,-4.05782986,-1202.04114,-3.11515212
occurrence-286,moving_around_gridania.pcapng,0,value-001,value-005,value-006,73.0809784,-6.07772207,-1206.44934,0.164847136
occurrence-287,moving_around_gridania.pcapng,0,value-001,value-005,value-006,68.2740555,3.79999995,-1184.52747,-1.1291523
occurrence-288,moving_around_gridania.pcapng,0,value-001,value-005,value-006,66.6612015,4,-1198.52454,1.95603001
occurrence-289,moving_around_gridania.pcapng,0,value-001,value-005,value-006,87.8523331,3.73172736,-1204.54272,1.22403097
occurrence-290,moving_around_gridania.pcapng,0,value-001,value-005,value-006,111.000076,4.47350216,-1196.18604,1.22403097
occurrence-291,moving_around_gridania.pcapng,0,value-001,value-005,value-006,105.176544,10.3561497,-1215.57349,-2.66715527
occurrence-292,moving_around_gridania.pcapng,0,value-001,value-005,value-006,94.4406052,12.5632267,-1236.48242,-2.66715527
occurrence-293,moving_around_gridania.pcapng,0,value-001,value-005,value-006,85.3741913,10.5594454,-1254.13928,-2.66715527
occurrence-294,moving_around_gridania.pcapng,0,value-001,value-005,value-006,94.0046387,12.472084,-1274.95947,2.13003135
occurrence-295,moving_around_gridania.pcapng,0,value-001,value-005,value-006,115.295456,15.9136019,-1288.28113,2.13003135
occurrence-296,moving_around_gridania.pcapng,0,value-001,value-005,value-006,135.490021,17.6721458,-1300.91711,2.13003159
occurrence-297,moving_around_gridania.pcapng,0,value-001,value-005,value-006,153.882278,21.1496296,-1316.71533,2.13003159
occurrence-298,moving_around_gridania.pcapng,0,value-001,value-005,value-006,171.924957,22.9160576,-1332.15808,2.13003159
occurrence-299,moving_around_gridania.pcapng,0,value-001,value-005,value-006,192.296371,24.9443741,-1345.6969,2.12543082
occurrence-300,moving_around_gridania.pcapng,0,value-001,value-005,value-006,186.518555,27.5020008,-1359.98682,2.82603192
occurrence-301,moving_around_gridania.pcapng,0,value-001,value-005,value-006,194.890625,27.5000019,-1385.20557,2.80603218
occurrence-302,moving_around_gridania.pcapng,0,value-001,value-005,value-006,196.789566,27.5000019,-1407.75439,2.92203426
occurrence-303,moving_around_gridania.pcapng,0,value-001,value-005,value-006,195.317154,27.5000038,-1431.12073,-2.75115156
occurrence-304,moving_around_gridania.pcapng,0,value-001,value-005,value-006,185.798141,27.5020027,-1455.81714,-2.75115156
occurrence-305,moving_around_gridania.pcapng,0,value-001,value-005,value-006,180.988998,24.1123657,-1478.91931,2.74663568
occurrence-306,moving_around_gridania.pcapng,0,value-001,value-005,value-006,188.511292,23.8506508,-1497.20642,2.74663544
occurrence-307,moving_around_gridania.pcapng,0,value-001,value-005,value-006,190.019699,23.9645901,-1520.14124,-2.75115156
occurrence-308,moving_around_gridania.pcapng,0,value-001,value-005,value-006,178.564392,24.9732571,-1542.0658,-1.96575356
occurrence-309,moving_around_gridania.pcapng,0,value-001,value-005,value-006,172.825394,26.2503815,-1562.36438,2.74663568
occurrence-310,moving_around_gridania.pcapng,0,value-001,value-005,value-006,175.104248,27.5000019,-1582.75159,0.900635123
occurrence-311,moving_around_gridania.pcapng,0,value-001,value-005,value-006,186.169373,27.5189095,-1582.84473,-1.74796629
occurrence-312,moving_around_gridania.pcapng,0,value-001,value-005,value-006,171.680695,27.5023708,-1572.36377,-0.201437473
occurrence-313,moving_around_gridania.pcapng,0,value-001,value-005,value-006,156.816711,25.0728874,-1562.58044,-1.94676638
occurrence-314,moving_around_gridania.pcapng,0,value-001,value-005,value-006,150.829407,25.9449501,-1581.979,-2.99396729
occurrence-315,moving_around_gridania.pcapng,0,value-001,value-005,value-006,146.154129,27.3170662,-1591.4259,0.84142971
occurrence-316,moving_around_gridania.pcapng,0,value-001,value-005,value-006,152.407242,25.7058659,-1569.15381,0.0560314953
occurrence-317,moving_around_gridania.pcapng,0,value-001,value-005,value-006,137.901627,23.0836048,-1552.81616,-0.729366302
occurrence-318,moving_around_gridania.pcapng,0,value-001,value-005,value-006,115.355751,24.8544884,-1557.802,-2.30016279
occurrence-319,moving_around_gridania.pcapng,0,value-001,value-005,value-006,99.4543533,24.7937527,-1576.06592,-2.3759656
occurrence-320,moving_around_gridania.pcapng,0,value-001,value-005,value-006,77.3415527,24.5473957,-1586.71338,-2.66137052
occurrence-321,moving_around_gridania.pcapng,0,value-001,value-005,value-006,57.5738297,24.9571877,-1599.40674,-2.66137052
occurrence-322,moving_around_gridania.pcapng,0,value-001,value-005,value-006,36.0869484,24.4131012,-1598.64368,-1.17785215
occurrence-323,moving_around_gridania.pcapng,0,value-001,value-005,value-006,12.9316883,23.0735207,-1594.26965,-1.0905757
occurrence-324,moving_around_gridania.pcapng,0,value-001,value-005,value-006,-2.06346512,22.9443207,-1578.56165,-1.09054899
occurrence-325,moving_around_gridania.pcapng,0,value-001,value-005,value-006,-8.95091915,22.7017498,-1557.31421,-0.120699883
occurrence-326,moving_around_gridania.pcapng,0,value-001,value-005,value-006,-18.3710861,23.2834091,-1533.94519,-0.389965534
occurrence-327,moving_around_gridania.pcapng,0,value-001,value-005,value-006,-9.87461376,23.1995697,-1510.43274,0.395432234
occurrence-328,moving_around_gridania.pcapng,0,value-001,value-005,value-006,-0.381167948,21.4813423,-1487.68896,0.395428509
occurrence-329,moving_around_gridania.pcapng,0,value-001,value-005,value-006,14.9537945,20.136137,-1469.7594,1.18083
occurrence-330,moving_around_gridania.pcapng,0,value-001,value-005,value-006,27.8571739,19.0605526,-1450.39575,0.716031611
occurrence-331,moving_around_gridania.pcapng,0,value-001,value-005,value-006,46.1687965,19.1231155,-1432.95984,0.816036999
occurrence-332,moving_around_gridania.pcapng,0,value-001,value-005,value-006,63.5542908,20.0066299,-1418.70984,1.60143483
occurrence-333,moving_around_gridania.pcapng,0,value-001,value-005,value-006,87.5275879,19.6274166,-1417.22009,0.858034968
occurrence-334,moving_around_gridania.pcapng,0,value-001,value-005,value-006,112.549927,18.125494,-1414.86365,1.43404031
occurrence-335,moving_around_gridania.pcapng,0,value-001,value-005,value-006,136.683746,22.4333153,-1408.20422,0.648642421
occurrence-336,moving_around_gridania.pcapng,0,value-001,value-005,value-006,158.305084,24.8848591,-1406.60217,1.69803441
occurrence-337,moving_around_gridania.pcapng,0,value-001,value-005,value-006,183.363571,27.5,-1408.07788,1.62003958
occurrence-338,moving_around_gridania.pcapng,0,value-001,value-005,value-006,198.915634,27.5000019,-1395.9126,-0.331965446
occurrence-339,moving_around_gridania.pcapng,0,value-001,value-005,value-006,190.672424,27.5000019,-1372.20801,-0.357964039
occurrence-340,moving_around_gridania.pcapng,0,value-001,value-005,value-006,182.014008,25.6177597,-1348.40137,-0.339967728
occurrence-341,moving_around_gridania.pcapng,0,value-001,value-005,value-006,169.41655,22.8015537,-1328.89331,-0.846110344
occurrence-342,moving_around_gridania.pcapng,0,value-001,value-005,value-006,149.580856,20.7500553,-1315.28357,-0.339968681
occurrence-343,moving_around_gridania.pcapng,0,value-001,value-005,value-006,133.320236,17.32621,-1298.77942,-0.339967728
occurrence-344,moving_around_gridania.pcapng,0,value-001,value-005,value-006,130.353012,14.336895,-1275.73511,0.130034089
occurrence-345,moving_around_gridania.pcapng,0,value-001,value-005,value-006,139.801956,12.1999168,-1254.36572,0.130034089
occurrence-346,moving_around_gridania.pcapng,0,value-001,value-005,value-006,151.4198,11.9021282,-1234.04883,0.915432274
occurrence-347,moving_around_gridania.pcapng,0,value-001,value-005,value-006,173.893036,11.7702723,-1228.5824,0.915429294
occurrence-348,moving_around_gridania.pcapng,0,value-001,value-005,value-006,197.549973,9.4783268,-1233.03955,2.98556638
occurrence-349,moving_around_gridania.pcapng,0,value-001,value-005,value-006,219.926529,9.52639008,-1241.17627,2.12132049
occurrence-350,moving_around_gridania.pcapng,0,value-001,value-005,value-006,226.684845,12.0100002,-1263.36511,3.05403328
occurrence-351,moving_around_gridania.pcapng,0,value-001,value-005,value-006,237.714767,12.0000248,-1274.10193,-1.83609819
occurrence-352,moving_around_gridania.pcapng,0,value-001,value-005,value-006,225.585678,12.0100002,-1256.6123,0.611433327
occurrence-353,moving_around_gridania.pcapng,0,value-001,value-005,value-006,207.701035,9.52639008,-1244.26904,-0.99196291
occurrence-354,moving_around_gridania.pcapng,0,value-001,value-005,value-006,186.916168,10.7738771,-1230.69995,-0.99196291
occurrence-355,moving_around_gridania.pcapng,0,value-001,value-005,value-006,163.439209,11.9291754,-1230.63062,-1.77735996
occurrence-356,moving_around_gridania.pcapng,0,value-001,value-005,value-006,145.170029,12,-1245.91309,-2.56276178
occurrence-357,moving_around_gridania.pcapng,0,value-001,value-005,value-006,138.30423,12.9174271,-1266.98499,-2.56279278
occurrence-358,moving_around_gridania.pcapng,0,value-001,value-005,value-006,131.088394,16.0154934,-1287.29333,2.93503237
occurrence-359,moving_around_gridania.pcapng,0,value-001,value-005,value-006,131.984756,17.1771793,-1297.60132,-0.548575401
occurrence-360,moving_around_gridania.pcapng,0,value-001,value-005,value-006,109.491386,15.0918989,-1284.26868,-1.10597038
occurrence-361,moving_around_gridania.pcapng,0,value-001,value-005,value-006,90.154129,11.6945238,-1272.06995,-0.987362862
occurrence-362,moving_around_gridania.pcapng,0,value-001,value-005,value-006,88.4898987,11.2698755,-1249.14294,0.424035609
occurrence-363,moving_around_gridania.pcapng,0,value-001,value-005,value-006,102.416443,12.3917646,-1228.24646,0.506036162
occurrence-364,moving_around_gridania.pcapng,0,value-001,value-005,value-006,110.201431,6.7652421,-1202.6106,0.402037054
occurrence-365,moving_around_gridania.pcapng,0,value-001,value-005,value-006,92.5351334,3.44351292,-1202.24744,-1.93596554
occurrence-366,moving_around_gridania.pcapng,0,value-001,value-005,value-006,68.4803619,4,-1205.66504,-1.34796524
occurrence-367,party_battle_leve.pcapng,0,value-001,value-005,value-006,-94.2800369,4.00000143,-544.504028,-0.333858967
occurrence-367,party_battle_leve.pcapng,1,value-007,value-008,value-006,-90.89505,4.03999996,-545.50647,-0.429999828
occurrence-368,party_battle_leve.pcapng,0,value-001,value-005,value-006,-94.2800369,4.00000143,-544.504028,-0.333858967
occurrence-368,party_battle_leve.pcapng,1,value-007,value-008,value-006,-90.9213715,4.03999996,-545.479614,-0.776822627
occurrence-369,party_battle_leve.pcapng,0,value-001,value-005,value-006,-94.2800369,4.00000143,-544.504028,-0.333858967
occurrence-369,party_battle_leve.pcapng,1,value-007,value-008,value-006,-90.9213715,4.03999996,-545.479614,-0.776822627
occurrence-370,party_battle_leve.pcapng,0,value-001,value-005,value-006,-94.2800369,4.00000143,-544.504028,-0.333858967
occurrence-370,party_battle_leve.pcapng,1,value-007,value-008,value-006,-90.9213715,4.03999996,-545.479614,-0.776822627
occurrence-371,party_battle_leve.pcapng,0,value-001,value-005,value-006,-89.7742081,4.09177732,-543.699158,-0.63258934
occurrence-371,party_battle_leve.pcapng,1,value-007,value-008,value-006,-90.9213715,4.03999996,-545.479614,-0.776822627
occurrence-372,party_battle_leve.pcapng,0,value-001,value-005,value-006,-83.4601974,4.6012392,-536.14917,0.779408693
occurrence-372,party_battle_leve.pcapng,1,value-007,value-008,value-006,-73.7482376,6.19451523,-528.445129,0.743271768
occurrence-373,party_battle_leve.pcapng,0,value-001,value-005,value-006,-63.4307098,7.5235815,-520.82196,0.983408272
occurrence-373,party_battle_leve.pcapng,1,value-007,value-008,value-006,-52.7922134,5.71289444,-515.962463,1.25411022
occurrence-374,party_battle_leve.pcapng,0,value-001,value-005,value-006,-40.3159218,4.25315809,-510.903473,1.33740878
occurrence-374,party_battle_leve.pcapng,1,value-007,value-008,value-006,-29.0877266,4.0781374,-509.499634,1.34318185
occurrence-375,party_battle_leve.pcapng,0,value-001,value-005,value-006,-16.4771576,3.81245518,-503.000732,0.8434093
occurrence-375,party_battle_leve.pcapng,1,value-007,value-008,value-006,-10.1366262,3.82195497,-494.922211,0.597596347
occurrence-376,party_battle_leve.pcapng,0,value-001,value-005,value-006,-3.86671448,4.10310984,-482.227905,0.151409447
occurrence-376,party_battle_leve.pcapng,1,value-007,value-008,value-006,-1.99652314,3.80419087,-470.368286,0.162946507
occurrence-377,party_battle_leve.pcapng,0,value-001,value-005,value-006,-1.41341329,3.7472713,-457.139618,0.571408987
occurrence-377,party_battle_leve.pcapng,1,value-007,value-008,value-006,-1.72750223,3.63357258,-455.757233,0.505558312
occurrence-378,party_battle_leve.pcapng,0,value-001,value-005,value-006,-0.324054986,3.70402598,-454.534149,-1.36618376
occurrence-378,party_battle_leve.pcapng,1,value-007,value-008,value-006,-1.72750223,3.63357258,-455.757233,0.505558312
occurrence-379,party_battle_leve.pcapng,0,value-001,value-005,value-006,3.81563997,4.03895712,-455.420471,1.22240782
occurrence-379,party_battle_leve.pcapng,1,value-007,value-008,value-006,3.95930195,3.63853908,-451.584534,0.803243458
occurrence-380,party_battle_leve.pcapng,0,value-001,value-005,value-006,12.4579029,3.27943707,-438.466858,0.165407777
occurrence-380,party_battle_leve.pcapng,1,value-007,value-008,value-006,10.7339411,3.29079485,-433.587952,-0.0942773893
occurrence-381,party_battle_leve.pcapng,0,value-001,value-005,value-006,6.98782825,4.0062561,-423.010284,-0.504591465
occurrence-381,party_battle_leve.pcapng,1,value-007,value-008,value-006,3.18099451,3.76246333,-422.326691,3.03027511
occurrence-382,party_battle_leve.pcapng,0,value-001,value-005,value-006,6.98782825,4.0062561,-423.010284,-0.504591465
occurrence-382,party_battle_leve.pcapng,1,value-007,value-008,value-006,3.2016871,3.55170512,-424.112366,-1.24370956
occurrence-383,party_battle_leve.pcapng,0,value-001,value-005,value-006,5.29537201,3.73792624,-424.002411,-2.03338718
occurrence-383,party_battle_leve.pcapng,1,value-007,value-008,value-006,3.20169902,3.52287507,-424.112396,-1.24370956
occurrence-384,party_battle_leve.pcapng,0,value-001,value-005,value-006,1.08406377,3.58712006,-424.127197,-0.674720287
occurrence-384,party_battle_leve.pcapng,1,value-007,value-008,value-006,2.2267096,3.59870124,-423.688812,-1.16088057
occurrence-385,party_battle_leve.pcapng,0,value-001,value-005,value-006,1.21683276,3.58712006,-424.018066,-0.692316532
occurrence-385,party_battle_leve.pcapng,1,value-007,value-008,value-006,2.22804332,3.6385355,-423.689423,-1.16086006
occurrence-386,party_battle_leve.pcapng,0,value-001,value-005,value-006,1.64897358,3.62315297,-424.095337,-0.991029978
occurrence-386,party_battle_leve.pcapng,1,value-007,value-008,value-006,2.22804332,3.6385355,-423.689423,-1.16086006
occurrence-387,party_battle_leve.pcapng,0,value-001,value-005,value-006,1.64897358,3.62315297,-424.095337,-0.991029978
occurrence-387,party_battle_leve.pcapng,1,value-007,value-008,value-006,1.99694037,3.6385355,-423.58905,-1.16082287
occurrence-388,party_battle_leve.pcapng,0,value-001,value-005,value-006,3.069098,3.84335041,-421.775909,-0.760899842
occurrence-388,party_battle_leve.pcapng,1,value-007,value-008,value-006,2.10084438,3.70336843,-422.86673,-0.462711811
occurrence-389,party_battle_leve.pcapng,0,value-001,value-005,value-006,2.48614359,3.84335041,-421.99353,-0.053976994
occurrence-389,party_battle_leve.pcapng,1,value-007,value-008,value-006,2.10077929,3.73344493,-422.867096,0.14288044
occurrence-390,party_battle_leve.pcapng,0,value-001,value-005,value-006,2.48614359,3.84335041,-421.99353,-0.053976994
occurrence-390,party_battle_leve.pcapng,1,value-007,value-008,value-006,2.10077929,3.73344493,-422.867096,0.14288044
occurrence-391,party_battle_leve.pcapng,0,value-001,value-005,value-006,2.51733589,3.74697709,-422.487427,-0.18639943
occurrence-391,party_battle_leve.pcapng,1,value-007,value-008,value-006,2.10077929,3.73344493,-422.867096,0.14288044
occurrence-392,party_battle_leve.pcapng,0,value-001,value-005,value-006,2.85587478,3.74697709,-422.514221,-0.501781821
occurrence-392,party_battle_leve.pcapng,1,value-007,value-008,value-006,2.10077929,3.73344493,-422.867096,0.14288044
occurrence-393,party_battle_leve.pcapng,0,value-001,value-005,value-006,4.22640085,3.77999616,-422.018433,1.18673623
occurrence-393,party_battle_leve.pcapng,1,value-007,value-008,value-006,0.411476701,4.01460266,-416.175079,-0.139923096
occurrence-394,party_battle_leve.pcapng,0,value-001,value-005,value-006,0.742630661,4.07528973,-411.914337,-0.0180549566
occurrence-394,party_battle_leve.pcapng,1,value-007,value-008,value-006,-1.86104918,4.3669138,-409.531891,-0.34240818
occurrence-395,party_battle_leve.pcapng,0,value-001,value-005,value-006,-3.52555561,5.85232306,-397.3284,-0.41605413
occurrence-395,party_battle_leve.pcapng,1,value-007,value-008,value-006,-4.90095949,5.57035542,-399.860474,-0.223032966
occurrence-396,party_battle_leve.pcapng,0,value-001,value-005,value-006,-3.87354517,6.02108955,-396.540863,-0.41605413
occurrence-396,party_battle_leve.pcapng,1,value-007,value-008,value-006,-8.96115017,8.03479862,-390.044312,0.0539780743
occurrence-397,party_battle_leve.pcapng,0,value-001,value-005,value-006,-3.59717059,12.4492273,-379.785431,1.06994367
occurrence-397,party_battle_leve.pcapng,1,value-007,value-008,value-006,5.87310028,14.7624846,-380.413818,2.0177536
occurrence-398,party_battle_leve.pcapng,0,value-001,value-005,value-006,17.6315575,15.8681002,-388.544159,1.93994498
occurrence-398,party_battle_leve.pcapng,1,value-007,value-008,value-006,29.6767006,16.114563,-387.278198,1.57033515
occurrence-399,party_battle_leve.pcapng,0,value-001,value-005,value-006,42.0991402,16.1217022,-388.829865,2.33594513
occurrence-399,party_battle_leve.pcapng,1,value-007,value-008,value-006,51.2358017,16.0211639,-397.798279,2.3177073
occurrence-400,party_battle_leve.pcapng,0,value-001,value-005,value-006,59.9422798,16.1912842,-408.444794,2.40594387
occurrence-400,party_battle_leve.pcapng,1,value-007,value-008,value-006,68.985817,16.4257812,-414.230621,2.3177073
occurrence-401,party_battle_leve.pcapng,0,value-001,value-005,value-006,60.0220718,16.2314625,-425.026947,-2.6852417
occurrence-401,party_battle_leve.pcapng,1,value-007,value-008,value-006,60.8106003,16.9177818,-432.697968,-2.53699946
occurrence-402,party_battle_leve.pcapng,0,value-001,value-005,value-006,60.3827438,15.752367,-446.979156,2.4259429
occurrence-402,party_battle_leve.pcapng,1,value-007,value-008,value-006,70.059082,15.9318829,-451.238281,1.94093204
occurrence-403,party_battle_leve.pcapng,0,value-001,value-005,value-006,83.0500412,15.6954021,-453.314636,1.35994458
occurrence-403,party_battle_leve.pcapng,1,value-007,value-008,value-006,94.2649231,15.8234653,-450.035736,1.56441998
occurrence-404,party_battle_leve.pcapng,0,value-001,value-005,value-006,103.843979,15.6761627,-451.183533,1.45393932
occurrence-404,party_battle_leve.pcapng,1,value-007,value-008,value-006,119.606743,15.5573435,-446.0755,0.859696269
occurrence-405,party_battle_leve.pcapng,0,value-001,value-005,value-006,113.530952,15.6412544,-450.046692,1.45394516
occurrence-405,party_battle_leve.pcapng,1,value-007,value-008,value-006,133.759155,15.4299984,-428.736481,0.372597814
occurrence-406,party_battle_leve.pcapng,0,value-001,value-005,value-006,131.320618,15.4078312,-435.743073,0.815943897
occurrence-406,party_battle_leve.pcapng,1,value-007,value-008,value-006,134.879242,15.4619122,-429.289032,2.02550673
occurrence-407,party_battle_leve.pcapng,0,value-001,value-005,value-006,139.006012,15.9444656,-426.882202,0.030545909
occurrence-407,party_battle_leve.pcapng,1,value-007,value-008,value-006,134.879242,15.4619122,-429.289032,2.02550673
occurrence-408,party_battle_leve.pcapng,0,value-001,value-005,value-006,134.735931,15.4153109,-433.653015,-1.69732893
occurrence-408,party_battle_leve.pcapng,1,value-007,value-008,value-006,134.879242,15.4619122,-429.289032,2.02550673
occurrence-409,party_battle_leve.pcapng,0,value-001,value-005,value-006,134.735931,15.4153109,-433.653015,-1.69732893
occurrence-409,party_battle_leve.pcapng,1,value-007,value-008,value-006,134.879242,15.4619122,-429.289032,2.02550673
occurrence-410,party_battle_leve.pcapng,0,value-001,value-005,value-006,134.735931,15.4153109,-433.653015,-1.69732893
occurrence-410,party_battle_leve.pcapng,1,value-007,value-008,value-006,134.879242,15.4619122,-429.289032,2.02550673
occurrence-411,party_battle_leve.pcapng,0,value-001,value-005,value-006,134.735931,15.4153109,-433.653015,-1.69732893
occurrence-411,party_battle_leve.pcapng,1,value-007,value-008,value-006,134.879242,15.4619122,-429.289032,2.02550673
occurrence-412,party_battle_leve.pcapng,0,value-001,value-005,value-006,134.735931,15.4153109,-433.653015,-1.69732893
occurrence-412,party_battle_leve.pcapng,1,value-007,value-008,value-006,134.879242,15.4619122,-429.289032,2.02550673
occurrence-413,party_battle_leve.pcapng,0,value-001,value-005,value-006,134.735931,15.4153109,-433.653015,-1.69732893
occurrence-413,party_battle_leve.pcapng,1,value-007,value-008,value-006,134.879242,15.4619122,-429.289032,2.02550673
occurrence-414,party_battle_leve.pcapng,0,value-001,value-005,value-006,134.735931,15.4153109,-433.653015,-1.69732893
occurrence-414,party_battle_leve.pcapng,1,value-007,value-008,value-006,134.879242,15.4619122,-429.289032,2.02550673
occurrence-415,party_battle_leve.pcapng,0,value-001,value-005,value-006,134.735931,15.4153109,-433.653015,-1.69732893
occurrence-415,party_battle_leve.pcapng,1,value-007,value-008,value-006,134.879242,15.4619122,-429.289032,2.02550673
occurrence-416,party_battle_leve.pcapng,0,value-001,value-005,value-006,134.735931,15.4153109,-433.653015,-1.69732893
occurrence-416,party_battle_leve.pcapng,1,value-007,value-008,value-006,134.879242,15.4619122,-429.289032,2.02550673
occurrence-417,party_battle_leve.pcapng,0,value-001,value-005,value-006,135.330429,15.4277859,-433.501984,1.32194161
occurrence-417,party_battle_leve.pcapng,1,value-007,value-008,value-006,134.879242,15.4619122,-429.289032,2.02550673
occurrence-418,party_battle_leve.pcapng,0,value-001,value-005,value-006,134.102112,15.4277859,-433.201843,1.32194042
occurrence-418,party_battle_leve.pcapng,1,value-007,value-008,value-006,134.879242,15.4619122,-429.289032,2.02550673
occurrence-419,party_battle_leve.pcapng,0,value-001,value-005,value-006,134.102112,15.4277859,-433.201843,1.32194042
occurrence-419,party_battle_leve.pcapng,1,value-007,value-008,value-006,134.879242,15.4619122,-429.289032,2.02550673
occurrence-420,party_battle_leve.pcapng,0,value-001,value-005,value-006,134.102112,15.4277859,-433.201843,1.32194042
occurrence-420,party_battle_leve.pcapng,1,value-007,value-008,value-006,134.879242,15.4619122,-429.289032,2.02550673
occurrence-421,party_battle_leve.pcapng,0,value-001,value-005,value-006,134.102112,15.4277859,-433.201843,1.32194042
occurrence-421,party_battle_leve.pcapng,1,value-007,value-008,value-006,134.879242,15.4619122,-429.289032,2.02550673
occurrence-422,party_battle_leve.pcapng,0,value-001,value-005,value-006,134.102112,15.4277859,-433.201843,1.32194042
occurrence-422,party_battle_leve.pcapng,1,value-007,value-008,value-006,134.879242,15.4619122,-429.289032,2.02550673
occurrence-423,party_battle_leve.pcapng,0,value-001,value-005,value-006,134.102112,15.4277859,-433.201843,1.32194042
occurrence-423,party_battle_leve.pcapng,1,value-007,value-008,value-006,134.879242,15.4619122,-429.289032,2.02550673
occurrence-424,party_battle_leve.pcapng,0,value-001,value-005,value-006,134.102112,15.4277859,-433.201843,1.32194042
occurrence-424,party_battle_leve.pcapng,1,value-007,value-008,value-006,134.879242,15.4619122,-429.289032,2.02550673
occurrence-425,party_battle_leve.pcapng,0,value-001,value-005,value-006,134.472153,15.4277859,-433.06723,1.22194207
occurrence-425,party_battle_leve.pcapng,1,value-007,value-008,value-006,134.879242,15.4619122,-429.289032,2.02550673
occurrence-426,party_battle_leve.pcapng,0,value-001,value-005,value-006,135.733337,15.4546108,-433.52475,1.22193348
occurrence-426,party_battle_leve.pcapng,1,value-007,value-008,value-006,134.879242,15.4619122,-429.289032,2.02550673
occurrence-427,party_battle_leve.pcapng,0,value-001,value-005,value-006,137.096939,15.6420794,-427.559814,-0.348851115
occurrence-427,party_battle_leve.pcapng,1,value-007,value-008,value-006,134.879242,15.4619122,-429.289032,2.02550673
occurrence-428,party_battle_leve.pcapng,0,value-001,value-005,value-006,133.126709,15.4053364,-431.387268,2.79273987
occurrence-428,party_battle_leve.pcapng,1,value-007,value-008,value-006,134.907898,15.4619122,-429.317047,2.33262944
occurrence-429,party_battle_leve.pcapng,0,value-001,value-005,value-006,134.327515,15.4053364,-433.098694,1.83194149
occurrence-429,party_battle_leve.pcapng,1,value-007,value-008,value-006,139.898148,15.7468424,-433.150787,2.29434061
occurrence-430,party_battle_leve.pcapng,0,value-001,value-005,value-006,139.732025,15.8965578,-437.373932,1.13379097
occurrence-430,party_battle_leve.pcapng,1,value-007,value-008,value-006,139.95108,16.1843433,-439.233002,0.132730544
occurrence-431,party_battle_leve.pcapng,0,value-001,value-005,value-006,140.456238,16.1357498,-438.836884,0.552556217
occurrence-431,party_battle_leve.pcapng,1,value-007,value-008,value-006,139.714859,16.1843433,-439.115479,0.463587284
occurrence-432,party_battle_leve.pcapng,0,value-001,value-005,value-006,140.147552,16.1357498,-438.700073,0.426906824
occurrence-432,party_battle_leve.pcapng,1,value-007,value-008,value-006,139.714401,16.1124363,-439.11615,0.463587284
occurrence-433,party_battle_leve.pcapng,0,value-001,value-005,value-006,140.147552,16.1357498,-438.700073,0.426906824
occurrence-433,party_battle_leve.pcapng,1,value-007,value-008,value-006,139.714401,16.1124363,-439.11615,0.463587284
occurrence-434,party_battle_leve.pcapng,0,value-001,value-005,value-006,140.239441,16.1357498,-438.545319,0.535647869
occurrence-434,party_battle_leve.pcapng,1,value-007,value-008,value-006,140.147186,16.1124363,-438.475677,0.594097376
occurrence-435,party_battle_leve.pcapng,0,value-001,value-005,value-006,140.068695,16.1357498,-438.566772,0.186462536
occurrence-435,party_battle_leve.pcapng,1,value-007,value-008,value-006,140.147186,16.1124363,-438.475677,-0.103956215
occurrence-436,party_battle_leve.pcapng,0,value-001,value-005,value-006,139.965256,16.1357498,-438.579132,-0.0753407404
occurrence-436,party_battle_leve.pcapng,1,value-007,value-008,value-006,140.063568,16.0156898,-437.674194,-0.103956215
occurrence-437,party_battle_leve.pcapng,0,value-001,value-005,value-006,139.940155,16.0608902,-437.894653,-0.0366482623
occurrence-437,party_battle_leve.pcapng,1,value-007,value-008,value-006,140.147812,16.0713863,-438.481354,-0.103956215
occurrence-438,party_battle_leve.pcapng,0,value-001,value-005,value-006,139.940186,16.0499554,-437.894775,-0.0366468392
occurrence-438,party_battle_leve.pcapng,1,value-007,value-008,value-006,140.147812,16.0713863,-438.481354,-0.103956215
occurrence-439,party_battle_leve.pcapng,0,value-001,value-005,value-006,139.690231,16.0499554,-437.898041,-0.00779294781
occurrence-439,party_battle_leve.pcapng,1,value-007,value-008,value-006,140.147812,16.0713863,-438.481354,-0.103956215
occurrence-440,party_battle_leve.pcapng,0,value-001,value-005,value-006,139.86174,16.0499554,-437.909485,0.0641833693
occurrence-440,party_battle_leve.pcapng,1,value-007,value-008,value-006,140.147812,16.0713863,-438.481354,-0.167927265
occurrence-441,party_battle_leve.pcapng,0,value-001,value-005,value-006,139.821243,16.0819187,-438.778503,-3.09498763
occurrence-441,party_battle_leve.pcapng,1,value-007,value-008,value-006,154.117004,16.2700157,-443.661285,1.74297321
occurrence-442,party_battle_leve.pcapng,0,value-001,value-005,value-006,148.1129,16.2516613,-441.69104,1.90860438
occurrence-442,party_battle_leve.pcapng,1,value-007,value-008,value-006,175.933762,14.5872965,-435.408386,0.77685833
occurrence-443,party_battle_leve.pcapng,0,value-001,value-005,value-006,170.552551,15.1423292,-439.924591,0.838605642
occurrence-443,party_battle_leve.pcapng,1,value-007,value-008,value-006,185.594193,14.8745594,-427.670532,0.896767616
occurrence-444,party_battle_leve.pcapng,0,value-001,value-005,value-006,179.211319,14.4734097,-434.67099,-2.21457934
occurrence-444,party_battle_leve.pcapng,1,value-007,value-008,value-006,177.583923,14.4062262,-437.365448,-1.78005672
occurrence-445,party_battle_leve.pcapng,0,value-001,value-005,value-006,173.917923,14.6360512,-438.653076,-1.58816898
occurrence-445,party_battle_leve.pcapng,1,value-007,value-008,value-006,177.583923,14.4062262,-437.365448,-1.78005672
occurrence-446,party_battle_leve.pcapng,0,value-001,value-005,value-006,170.960251,14.8916264,-440.881073,-2.2165792
occurrence-446,party_battle_leve.pcapng,1,value-007,value-008,value-006,160.083679,16.0700016,-445.759949,-1.41660655
occurrence-447,party_battle_leve.pcapng,0,value-001,value-005,value-006,146.659561,16.193924,-440.492432,-1.54657876
occurrence-447,party_battle_leve.pcapng,1,value-007,value-008,value-006,136.282547,15.9618092,-442.967743,-1.68866122
occurrence-448,party_battle_leve.pcapng,0,value-001,value-005,value-006,124.509918,15.7574158,-449.128113,-2.26857924
occurrence-448,party_battle_leve.pcapng,1,value-007,value-008,value-006,117.8256,15.6637487,-459.101532,-2.48873448
occurrence-449,party_battle_leve.pcapng,0,value-001,value-005,value-006,108.60717,16,-469.584869,-2.98057866
occurrence-449,party_battle_leve.pcapng,1,value-007,value-008,value-006,106.889175,15.7500019,-481.841431,-2.95794415
occurrence-450,party_battle_leve.pcapng,0,value-001,value-005,value-006,103.817871,16,-493.881317,-2.99457812
occurrence-450,party_battle_leve.pcapng,1,value-007,value-008,value-006,104.878059,15.6250601,-506.322052,-3.12453985
occurrence-451,party_battle_leve.pcapng,0,value-001,value-005,value-006,97.6033707,15.8929148,-510.52771,-0.936580002
occurrence-451,party_battle_leve.pcapng,1,value-007,value-008,value-006,88.4826813,15.7689333,-510.300568,-1.6290319
occurrence-452,party_battle_leve.pcapng,0,value-001,value-005,value-006,73.3055801,15.5369358,-510.82019,-1.83257878
occurrence-452,party_battle_leve.pcapng,1,value-007,value-008,value-006,65.6190567,15.4443312,-517.29718,-2.29856205
occurrence-453,party_battle_leve.pcapng,0,value-001,value-005,value-006,65.1235809,15.5697899,-516.477295,-2.9694581
occurrence-453,party_battle_leve.pcapng,1,value-007,value-008,value-006,65.5627823,15.4450569,-517.347351,-2.29856205
occurrence-454,party_battle_leve.pcapng,0,value-001,value-005,value-006,65.017189,15.5697899,-516.796631,-2.82022977
occurrence-454,party_battle_leve.pcapng,1,value-007,value-008,value-006,65.5627823,15.4450569,-517.347351,-2.29856205
occurrence-455,party_battle_leve.pcapng,0,value-001,value-005,value-006,65.4722672,15.4895811,-517.002319,-2.67967057
occurrence-455,party_battle_leve.pcapng,1,value-007,value-008,value-006,65.5627823,15.4450569,-517.347351,-2.29856205
occurrence-456,party_battle_leve.pcapng,0,value-001,value-005,value-006,65.4722672,15.4895811,-517.002319,-2.50106406
occurrence-456,party_battle_leve.pcapng,1,value-007,value-008,value-006,65.5627823,15.4450569,-517.347351,-2.29856205
occurrence-457,party_battle_leve.pcapng,0,value-001,value-005,value-006,62.9765854,15.7238073,-515.828247,-1.64520884
occurrence-457,party_battle_leve.pcapng,1,value-007,value-008,value-006,65.5627823,15.4450569,-517.347351,-2.29856205
occurrence-458,party_battle_leve.pcapng,0,value-001,value-005,value-006,63.0407486,15.6836405,-516.688965,3.06717896
occurrence-458,party_battle_leve.pcapng,1,value-007,value-008,value-006,65.5627823,15.4450569,-517.347351,-2.29856205
occurrence-459,party_battle_leve.pcapng,0,value-001,value-005,value-006,61.6049461,15.5267467,-518.390686,-2.46000433
occurrence-459,party_battle_leve.pcapng,1,value-007,value-008,value-006,59.5102348,15.375104,-527.469421,-2.64925146
occurrence-460,party_battle_leve.pcapng,0,value-001,value-005,value-006,57.6089249,15.4859648,-525.284424,-2.68800378
occurrence-460,party_battle_leve.pcapng,1,value-007,value-008,value-006,58.9537926,15.3750067,-526.851807,-2.45771003
occurrence-461,party_battle_leve.pcapng,0,value-001,value-005,value-006,58.1599274,15.4125662,-527.777527,-2.33808947
occurrence-461,party_battle_leve.pcapng,1,value-007,value-008,value-006,58.9569893,15.3750067,-526.854553,-2.45771003
occurrence-462,party_battle_leve.pcapng,0,value-001,value-005,value-006,58.4235802,15.4125662,-527.58667,-2.20950341
occurrence-462,party_battle_leve.pcapng,1,value-007,value-008,value-006,58.9569893,15.3750067,-526.854553,-2.45771003
occurrence-463,party_battle_leve.pcapng,0,value-001,value-005,value-006,58.4235802,15.4125662,-527.58667,-2.20950341
occurrence-463,party_battle_leve.pcapng,1,value-007,value-008,value-006,58.4141388,15.3750067,-527.328186,-2.28805041
occurrence-464,party_battle_leve.pcapng,0,value-001,value-005,value-006,58.4235802,15.4125662,-527.58667,-2.20950341
occurrence-464,party_battle_leve.pcapng,1,value-007,value-008,value-006,58.4141388,15.3750067,-527.328186,-2.28805041
occurrence-465,party_battle_leve.pcapng,0,value-001,value-005,value-006,58.2243843,15.4125662,-527.324097,-2.37626529
occurrence-465,party_battle_leve.pcapng,1,value-007,value-008,value-006,58.4141388,15.3750067,-527.328186,-2.28805041
occurrence-466,party_battle_leve.pcapng,0,value-001,value-005,value-006,58.2243843,15.4125662,-527.324097,-2.37626529
occurrence-466,party_battle_leve.pcapng,1,value-007,value-008,value-006,58.4141388,15.3750067,-527.328186,-2.28805041
occurrence-467,party_battle_leve.pcapng,0,value-001,value-005,value-006,58.6852188,15.405426,-528.970642,3.13171029
occurrence-467,party_battle_leve.pcapng,1,value-007,value-008,value-006,58.5999222,15.3875961,-528.400024,2.97180963
occurrence-468,party_battle_leve.pcapng,0,value-001,value-005,value-006,58.6852188,15.405426,-528.970642,3.13171029
occurrence-468,party_battle_leve.pcapng,1,value-007,value-008,value-006,58.6874466,15.5703564,-533.627502,-0.153268799
occurrence-469,party_battle_leve.pcapng,0,value-001,value-005,value-006,58.6852188,15.405426,-528.970642,3.13171029
occurrence-469,party_battle_leve.pcapng,1,value-007,value-008,value-006,57.8950653,15.6213236,-533.91333,0.0618288666
occurrence-470,party_battle_leve.pcapng,0,value-001,value-005,value-006,58.7492828,15.4350185,-529.643921,-2.92135715
occurrence-470,party_battle_leve.pcapng,1,value-007,value-008,value-006,57.8950653,15.6213236,-533.91333,0.0618288666
occurrence-471,party_battle_leve.pcapng,0,value-001,value-005,value-006,57.676918,15.5406265,-532.971252,0.41550532
occurrence-471,party_battle_leve.pcapng,1,value-007,value-008,value-006,58.9436531,15.8538904,-536.188782,-0.194928169
occurrence-472,party_battle_leve.pcapng,0,value-001,value-005,value-006,57.398777,15.5406265,-532.805664,0.790636241
occurrence-472,party_battle_leve.pcapng,1,value-007,value-008,value-006,59.3765945,15.8226309,-535.760925,-0.239878669
occurrence-473,party_battle_leve.pcapng,0,value-001,value-005,value-006,57.4380455,15.6005688,-533.550049,0.649417579
occurrence-473,party_battle_leve.pcapng,1,value-007,value-008,value-006,59.3765945,15.8226309,-535.760925,-0.239878669
occurrence-474,party_battle_leve.pcapng,0,value-001,value-005,value-006,58.3576698,15.6107063,-533.918701,0.159666553
occurrence-474,party_battle_leve.pcapng,1,value-007,value-008,value-006,59.3765945,15.8226309,-535.760925,-0.239878669
occurrence-475,party_battle_leve.pcapng,0,value-001,value-005,value-006,57.6998825,15.6107063,-533.380798,-0.885427237
occurrence-475,party_battle_leve.pcapng,1,value-007,value-008,value-006,60.6432571,15.8678169,-536.805908,2.29622316
occurrence-476,party_battle_leve.pcapng,0,value-001,value-005,value-006,58.372963,15.6107063,-533.93103,2.25614548
occurrence-476,party_battle_leve.pcapng,1,value-007,value-008,value-006,60.6432571,15.8678169,-536.805908,2.29622316
occurrence-477,party_battle_leve.pcapng,0,value-001,value-005,value-006,57.8132782,15.4433603,-531.156738,-0.864641488
occurrence-477,party_battle_leve.pcapng,1,value-007,value-008,value-006,46.5848236,16.16996,-520.533447,-0.835530281
occurrence-478,party_battle_leve.pcapng,0,value-001,value-005,value-006,43.2843018,16.365284,-515.620117,-0.918641388
occurrence-478,party_battle_leve.pcapng,1,value-007,value-008,value-006,41.5620842,16.248312,-516.415161,-1.23437834
occurrence-479,party_battle_leve.pcapng,0,value-001,value-005,value-006,42.1472206,16.3527412,-515.767151,-1.02129722
occurrence-479,party_battle_leve.pcapng,1,value-007,value-008,value-006,41.0131035,16.248312,-515.801208,-0.77617836
occurrence-480,party_battle_leve.pcapng,0,value-001,value-005,value-006,42.0701561,16.3643436,-516.018372,-0.823762715
occurrence-480,party_battle_leve.pcapng,1,value-007,value-008,value-006,41.0131035,16.248312,-515.801208,-0.77617836
occurrence-481,party_battle_leve.pcapng,0,value-001,value-005,value-006,41.5258904,16.3643436,-515.43634,-0.751903892
occurrence-481,party_battle_leve.pcapng,1,value-007,value-008,value-006,41.0131035,16.248312,-515.801208,-0.616024077
occurrence-482,party_battle_leve.pcapng,0,value-001,value-005,value-006,41.6900864,16.2504444,-516.342712,-0.624389112
occurrence-482,party_battle_leve.pcapng,1,value-007,value-008,value-006,40.864193,16.248312,-515.5578,-0.549218178
occurrence-483,party_battle_leve.pcapng,0,value-001,value-005,value-006,41.029026,16.258419,-515.425293,-0.624373317
occurrence-483,party_battle_leve.pcapng,1,value-007,value-008,value-006,40.864193,16.248312,-515.5578,-0.549218178
occurrence-484,party_battle_leve.pcapng,0,value-001,value-005,value-006,41.3459587,16.187561,-516.934692,-1.09176624
occurrence-484,party_battle_leve.pcapng,1,value-007,value-008,value-006,40.864193,16.248312,-515.5578,-0.549218178
occurrence-485,party_battle_leve.pcapng,0,value-001,value-005,value-006,38.7000809,16.5077477,-517.829529,-0.736375749
occurrence-485,party_battle_leve.pcapng,1,value-007,value-008,value-006,40.4265938,16.248312,-516.09491,-1.39358485
occurrence-486,party_battle_leve.pcapng,0,value-001,value-005,value-006,39.3422089,16.4975891,-517.554932,-0.81058538
occurrence-486,party_battle_leve.pcapng,1,value-007,value-008,value-006,36.0549202,16.0802994,-513.708069,2.68360877
occurrence-487,party_battle_leve.pcapng,0,value-001,value-005,value-006,39.3422089,16.4975891,-517.554932,-0.81058538
occurrence-487,party_battle_leve.pcapng,1,value-007,value-008,value-006,35.65979,16.0802994,-513.969055,2.53483939
occurrence-488,party_battle_leve.pcapng,0,value-001,value-005,value-006,39.2702751,16.4975891,-517.63031,-0.808590293
occurrence-488,party_battle_leve.pcapng,1,value-007,value-008,value-006,35.65979,16.0802994,-513.969055,2.53483939
occurrence-489,party_battle_leve.pcapng,0,value-001,value-005,value-006,40.5979462,16.5570011,-519.2677,-0.77967912
occurrence-489,party_battle_leve.pcapng,1,value-007,value-008,value-006,39.9941406,16.2112579,-515.363953,-2.11099911
occurrence-490,party_battle_leve.pcapng,0,value-001,value-005,value-006,40.3928719,16.2480488,-516.238098,-2.50549984
occurrence-490,party_battle_leve.pcapng,1,value-007,value-008,value-006,39.3829117,16.5788174,-518.567078,-0.648897231
occurrence-491,party_battle_leve.pcapng,0,value-001,value-005,value-006,42.0293465,16.2480488,-516.851562,-2.75895929
occurrence-491,party_battle_leve.pcapng,1,value-007,value-008,value-006,42.9944572,16.1555214,-518.773071,-2.12398148
occurrence-492,party_battle_leve.pcapng,0,value-001,value-005,value-006,45.5264168,16.910717,-512.502563,-2.75895929
occurrence-492,party_battle_leve.pcapng,1,value-007,value-008,value-006,41.7859535,16.8116169,-522.756775,-0.347467452
occurrence-493,party_battle_leve.pcapng,0,value-001,value-005,value-006,42.2398033,16.2440834,-517.6521,-2.59279275
occurrence-493,party_battle_leve.pcapng,1,value-007,value-008,value-006,41.7852173,16.8116169,-522.754822,-0.347467452
occurrence-494,party_battle_leve.pcapng,0,value-001,value-005,value-006,42.2118301,16.2440834,-517.695984,-2.59279275
occurrence-494,party_battle_leve.pcapng,1,value-007,value-008,value-006,41.7852173,16.8116169,-522.754822,-0.347467452
occurrence-495,party_battle_leve.pcapng,0,value-001,value-005,value-006,40.1554718,16.6631889,-518.862915,0.568077683
occurrence-495,party_battle_leve.pcapng,1,value-007,value-008,value-006,41.7852173,16.8116169,-522.754822,-0.347467452
occurrence-496,party_battle_leve.pcapng,0,value-001,value-005,value-006,40.1554718,16.6631889,-518.862915,0.568077683
occurrence-496,party_battle_leve.pcapng,1,value-007,value-008,value-006,41.7852173,16.8116169,-522.754822,-0.347467452
occurrence-497,party_battle_leve.pcapng,0,value-001,value-005,value-006,40.1554718,16.6631889,-518.862915,0.568077683
occurrence-497,party_battle_leve.pcapng,1,value-007,value-008,value-006,41.7852173,16.8116169,-522.754822,-0.347467452
occurrence-498,party_battle_leve.pcapng,0,value-001,value-005,value-006,42.5138626,16.2302761,-517.735535,1.12487769
occurrence-498,party_battle_leve.pcapng,1,value-007,value-008,value-006,43.9694405,16.2268562,-520.779175,0.286260098
occurrence-499,party_battle_leve.pcapng,0,value-001,value-005,value-006,42.5138626,16.2302761,-517.735535,1.12487769
occurrence-499,party_battle_leve.pcapng,1,value-007,value-008,value-006,-92.7683563,4.03999996,-548.967834,-0.430000007
occurrence-500,party_battle_leve.pcapng,0,value-001,value-005,value-006,-93.8806534,4.03999996,-549.095154,-0.430000007
occurrence-500,party_battle_leve.pcapng,1,value-007,value-008,value-006,-92.7683563,4.03999996,-548.967834,-0.429999828
occurrence-501,quest_update.pcapng,0,value-001,value-005,value-006,15.3386936,22.0933113,-1562.31885,1.15197897
occurrence-502,quest_update.pcapng,0,value-001,value-005,value-006,15.3386936,22.0933113,-1562.31885,1.15197897
occurrence-503,quest_update.pcapng,0,value-001,value-005,value-006,15.3386936,22.0933113,-1562.31885,1.15197897
occurrence-504,quest_update.pcapng,0,value-001,value-005,value-006,15.3386936,22.0933113,-1562.31885,1.15197897
occurrence-505,quest_update.pcapng,0,value-001,value-005,value-006,15.3386936,22.0933113,-1562.31885,1.15197897
occurrence-506,quest_update.pcapng,0,value-001,value-005,value-006,15.3386936,22.0933113,-1562.31885,1.15197897
occurrence-507,quest_update.pcapng,0,value-001,value-005,value-006,15.3386936,22.0933113,-1562.31885,1.15197897
occurrence-508,quest_update.pcapng,0,value-001,value-005,value-006,15.3386936,22.0933113,-1562.31885,1.15197897
occurrence-509,repair_items.pcapng,0,value-001,value-005,value-006,1703.43384,20.5118065,-852.46875,0.243498117
occurrence-510,repair_items.pcapng,0,value-001,value-005,value-006,1703.43384,20.5118065,-852.46875,0.243498117
occurrence-511,repair_items.pcapng,0,value-001,value-005,value-006,1703.43384,20.5118065,-852.46875,0.243498117
occurrence-512,repair_items.pcapng,0,value-001,value-005,value-006,1703.43384,20.5118065,-852.46875,0.243498117
occurrence-513,repair_items.pcapng,0,value-001,value-005,value-006,1703.43384,20.5118065,-852.46875,0.243498117
occurrence-514,repair_items.pcapng,0,value-001,value-005,value-006,1703.43384,20.5118065,-852.46875,0.243498117
occurrence-515,return_to_inn.pcapng,0,value-001,value-005,value-006,8.44252777,22.0000019,-1570.31702,-2.07751298
occurrence-516,return_to_inn.pcapng,0,value-001,value-005,value-006,8.44252777,22.0000019,-1570.31702,-2.07751298
occurrence-517,return_to_inn.pcapng,0,value-001,value-005,value-006,8.44252777,22.0000019,-1570.31702,-2.07751298
occurrence-518,sell_item.pcapng,0,value-001,value-005,value-006,58.1691322,4,-1209.35168,-2.66340685
occurrence-519,sell_item.pcapng,0,value-001,value-005,value-006,58.1691322,4,-1209.35168,-2.66340685
occurrence-520,sell_item.pcapng,0,value-001,value-005,value-006,58.1691322,4,-1209.35168,-2.66340685
occurrence-521,sell_item.pcapng,0,value-001,value-005,value-006,58.1691322,4,-1209.35168,-2.66340685
occurrence-522,sell_item.pcapng,0,value-001,value-005,value-006,58.1691322,4,-1209.35168,-2.66340685
occurrence-523,sell_item.pcapng,0,value-001,value-005,value-006,58.1691322,4,-1209.35168,-2.66340685
occurrence-524,small_talk_louisoix.pcapng,0,value-001,value-005,value-006,11.4812841,22.0001812,-1563.72607,1.62098753
occurrence-525,small_talk_louisoix.pcapng,0,value-001,value-005,value-006,15.3386936,22.0933113,-1562.31885,1.15197897
occurrence-526,small_talk_louisoix.pcapng,0,value-001,value-005,value-006,15.3386936,22.0933113,-1562.31885,1.15197897
occurrence-527,switch_to_weaver.pcapng,0,value-001,value-005,value-006,68.6244659,4,-1204.06799,-3.12533283
occurrence-528,switch_to_weaver.pcapng,0,value-001,value-005,value-006,68.6244659,4,-1204.06799,-3.12533283
occurrence-529,switch_to_weaver.pcapng,0,value-001,value-005,value-006,68.6244659,4,-1204.06799,-3.12533283
occurrence-530,switch_to_weaver.pcapng,0,value-001,value-005,value-006,68.6244659,4,-1204.06799,-3.12533283
occurrence-531,teleport_to_camp_nine_ivies.pcapng,0,value-001,value-005,value-006,1828.76526,149.012756,1731.32703,-2.14040232
occurrence-532,teleport_to_camp_nine_ivies.pcapng,0,value-001,value-005,value-006,1828.76526,149.012756,1731.32703,-2.14040232
occurrence-533,teleport_to_camp_nine_ivies.pcapng,0,value-001,value-005,value-006,1828.76526,149.012756,1731.32703,-2.14040232
occurrence-534,teleport_to_camp_nine_ivies.pcapng,0,value-001,value-005,value-006,1828.76526,149.012756,1731.32703,-2.14040232
occurrence-535,teleport_to_camp_nine_ivies.pcapng,0,value-001,value-005,value-006,1828.76526,149.012756,1731.32703,-2.14040232
occurrence-536,teleport_to_camp_nine_ivies.pcapng,0,value-001,value-005,value-006,1828.76526,149.012756,1731.32703,-2.14040232
occurrence-537,teleport_to_camp_nine_ivies.pcapng,0,value-001,value-005,value-006,1709.37537,20.2900009,-864.942322,-1.48000002
occurrence-538,teleport_to_camp_nine_ivies.pcapng,0,value-001,value-005,value-006,1709.37537,20.2929802,-864.942322,-1.47999954
occurrence-539,teleport_to_camp_tranquil.pcapng,0,value-001,value-005,value-006,391.48703,6.63366842,-888.470886,1.28560889
occurrence-540,teleport_to_camp_tranquil.pcapng,0,value-001,value-005,value-006,391.48703,6.63366842,-888.470886,1.28560889
occurrence-541,teleport_to_camp_tranquil.pcapng,0,value-001,value-005,value-006,391.48703,6.63366842,-888.470886,1.28560889
occurrence-542,teleport_to_camp_tranquil.pcapng,0,value-001,value-005,value-006,391.48703,6.63366842,-888.470886,1.28560889
occurrence-543,teleport_to_camp_tranquil.pcapng,0,value-001,value-005,value-006,391.48703,6.63366842,-888.470886,1.28560889
occurrence-544,teleport_to_camp_tranquil.pcapng,0,value-001,value-005,value-006,737.595886,-12,1119.10645,-0.49000001
occurrence-545,teleport_to_camp_tranquil.pcapng,0,value-001,value-005,value-006,737.595886,-12,1119.10645,-0.489999771
occurrence-546,teleport_to_gridania.pcapng,0,value-001,value-005,value-006,830.286133,0.169223815,1124.46875,0.143624917
occurrence-547,teleport_to_gridania.pcapng,0,value-001,value-005,value-006,830.286133,0.169223815,1124.46875,0.143624917
occurrence-548,teleport_to_gridania.pcapng,0,value-001,value-005,value-006,830.286133,0.169223815,1124.46875,0.143624917
occurrence-549,teleport_to_gridania.pcapng,0,value-001,value-005,value-006,830.286133,0.169223815,1124.46875,0.143624917
occurrence-550,teleport_to_gridania.pcapng,0,value-001,value-005,value-006,-120.316643,16.0200005,-1333.43005,-0.49000001
occurrence-551,teleport_to_gridania.pcapng,0,value-001,value-005,value-006,-120.316643,16.054224,-1333.43005,-0.489998698
occurrence-552,teleport_to_gridania.pcapng,0,value-001,value-005,value-006,-120.316643,16.054224,-1333.43005,-0.489998698
occurrence-553,war_quest_update1.pcapng,0,value-001,value-005,value-006,-1119.45093,52.9466438,284.541565,1.66386402
occurrence-553,war_quest_update1.pcapng,1,value-007,value-008,value-006,-1119.12085,52.8724022,287.05426,1.30485523
occurrence-554,war_quest_update1.pcapng,0,value-001,value-005,value-006,-1119.45093,52.9466438,284.541565,1.66386402
occurrence-554,war_quest_update1.pcapng,1,value-007,value-008,value-006,-1119.12085,52.8724022,287.05426,1.30485523
occurrence-555,war_quest_update1.pcapng,0,value-001,value-005,value-006,-1119.45093,52.9466438,284.541565,1.66386402
occurrence-555,war_quest_update1.pcapng,1,value-007,value-008,value-006,-1119.12085,52.8724022,287.05426,2.04059339
occurrence-556,war_quest_update1.pcapng,0,value-001,value-005,value-006,-1119.45093,52.9466438,284.541565,1.66386402
occurrence-556,war_quest_update1.pcapng,1,value-007,value-008,value-006,-1119.12085,52.8724022,287.05426,2.04059339
occurrence-557,war_quest_update1.pcapng,0,value-001,value-005,value-006,-1119.45093,52.9466438,284.541565,1.66386402
occurrence-557,war_quest_update1.pcapng,1,value-007,value-008,value-006,-1119.12085,52.8724022,287.05426,2.04059339
occurrence-558,war_quest_update2.pcapng,0,value-001,value-005,value-006,-1089.82007,56.6599998,41.8099976,-3.08999991
occurrence-558,war_quest_update2.pcapng,1,value-007,value-008,value-006,-1089.02002,56.6599998,41.0099983,-3.08999991
occurrence-559,war_quest_update2.pcapng,0,value-001,value-005,value-006,-1089.82007,56.6599998,41.8099976,-3.08999991
occurrence-559,war_quest_update2.pcapng,1,value-007,value-008,value-006,-1089.02002,56.6599998,41.0099983,-3.08999991
occurrence-560,war_quest_update2.pcapng,0,value-001,value-005,value-006,-1091.41333,56.3960953,38.6088753,-2.98800373
occurrence-560,war_quest_update2.pcapng,1,value-007,value-008,value-006,-1089.87036,55.8788834,35.101593,-3.02596521
occurrence-561,war_quest_update2.pcapng,0,value-001,value-005,value-006,-1091.92603,55.8673897,33.9895935,-3.03599644
occurrence-561,war_quest_update2.pcapng,1,value-007,value-008,value-006,-1090.30347,55.8082428,31.793808,-2.96535206
occurrence-562,war_quest_update2.pcapng,0,value-001,value-005,value-006,-1091.92603,55.8673897,33.9895935,-3.03599644
occurrence-562,war_quest_update2.pcapng,1,value-007,value-008,value-006,-1090.30347,55.8082428,31.793808,-2.96535206
occurrence-563,war_quest_update2.pcapng,0,value-001,value-005,value-006,-1092.10059,55.8590813,32.3465576,-3.03599668
occurrence-563,war_quest_update2.pcapng,1,value-007,value-008,value-006,-1092.7373,56.7032547,20.3906803,-2.93135953
occurrence-564,war_quest_update2.pcapng,0,value-001,value-005,value-006,-1095.81665,56.9539719,21.0174789,2.88517976
occurrence-564,war_quest_update2.pcapng,1,value-007,value-008,value-006,-1092.7373,56.7032547,20.3906803,-2.93135953
occurrence-565,war_quest_update2.pcapng,0,value-001,value-005,value-006,-1094.52026,56.3488998,28.8751545,-0.058131218
occurrence-565,war_quest_update2.pcapng,1,value-007,value-008,value-006,-1092.7373,56.7032547,20.3906803,-2.93135953
occurrence-566,war_quest_update2.pcapng,0,value-001,value-005,value-006,-1094.07861,56.2893524,32.4956398,3.12035418
occurrence-566,war_quest_update2.pcapng,1,value-007,value-008,value-006,-1092.7373,56.7032547,20.3906803,-2.75446415
occurrence-567,war_quest_update2.pcapng,0,value-001,value-005,value-006,-1094.07861,56.2893524,32.4956398,3.12035418
occurrence-567,war_quest_update2.pcapng,1,value-007,value-008,value-006,-1097.01135,57.1081276,23.2789307,0.184309155
occurrence-568,war_quest_update2.pcapng,0,value-001,value-005,value-006,-1094.07861,56.2893524,32.4956398,3.12035418
occurrence-568,war_quest_update2.pcapng,1,value-007,value-008,value-006,-1097.01135,57.1081276,23.2789307,0.184309155
occurrence-569,war_quest_update2.pcapng,0,value-001,value-005,value-006,-1094.07861,56.2893524,32.4956398,3.12035418
occurrence-569,war_quest_update2.pcapng,1,value-007,value-008,value-006,-1097.01135,57.1081276,23.2850475,-0.0321331024
occurrence-570,war_quest_update2.pcapng,0,value-001,value-005,value-006,-1094.07861,56.2893524,32.4956398,3.12035418
occurrence-570,war_quest_update2.pcapng,1,value-007,value-008,value-006,-1096.36072,56.9677048,23.9219952,0.807537198
occurrence-571,war_quest_update2.pcapng,0,value-001,value-005,value-006,-1094.07861,56.2893524,32.4956398,3.12035418
occurrence-571,war_quest_update2.pcapng,1,value-007,value-008,value-006,-1096.36072,56.9677048,23.9219952,0.807537198
occurrence-572,war_quest_update2.pcapng,0,value-001,value-005,value-006,-1094.07861,56.2893524,32.4956398,3.12035418
occurrence-572,war_quest_update2.pcapng,1,value-007,value-008,value-006,-1096.36072,56.9677048,23.9219952,0.807537198
occurrence-573,war_quest_update2.pcapng,0,value-001,value-005,value-006,-1094.07861,56.2893524,32.4956398,3.12035418
occurrence-573,war_quest_update2.pcapng,1,value-007,value-008,value-006,-1095.66895,56.8181267,23.7616329,1.50566936
occurrence-574,war_quest_update2.pcapng,0,value-001,value-005,value-006,-1094.07861,56.2893524,32.4956398,3.12035418
occurrence-574,war_quest_update2.pcapng,1,value-007,value-008,value-006,-1095.66895,56.8181267,23.7616329,1.50566936
occurrence-575,war_quest_update2.pcapng,0,value-001,value-005,value-006,-1094.07861,56.2893524,32.4956398,3.12035418
occurrence-575,war_quest_update2.pcapng,1,value-007,value-008,value-006,-1094.01526,56.6665039,25.4823704,2.86746001
occurrence-576,war_quest_update2.pcapng,0,value-001,value-005,value-006,-1094.07861,56.2893524,32.4956398,3.12035418
occurrence-576,war_quest_update2.pcapng,1,value-007,value-008,value-006,-1092.11414,56.4558983,25.2933826,-2.70266986
occurrence-577,war_quest_update2.pcapng,0,value-001,value-005,value-006,-1094.07861,56.2893524,32.4956398,3.12035418
occurrence-577,war_quest_update2.pcapng,1,value-007,value-008,value-006,-1090.51538,56.3068542,25.9020977,-0.150236145
occurrence-578,war_quest_update2.pcapng,0,value-001,value-005,value-006,-1094.07861,56.2893524,32.4956398,3.12035418
occurrence-578,war_quest_update2.pcapng,1,value-006,value-006,value-006,0,0,0,0
occurrence-579,war_quest_update2.pcapng,0,value-001,value-005,value-006,-1094.07861,56.2893524,32.4956398,3.12035418
occurrence-579,war_quest_update2.pcapng,1,value-007,value-008,value-006,-1089.02002,56.6599998,41.0099983,-0
occurrence-580,war_quest_update2.pcapng,0,value-001,value-005,value-006,-1089.80725,56.6599998,41.400032,-0.955283165
occurrence-580,war_quest_update2.pcapng,1,value-007,value-008,value-006,-1089.02002,56.6599998,41.0099983,-0
occurrence-581,war_quest_update3.pcapng,0,value-001,value-005,value-006,-1117.87415,53.0568237,285.045502,1.64599967
occurrence-581,war_quest_update3.pcapng,1,value-007,value-008,value-006,-1122.31909,53.2286148,284.713501,1.26163244
occurrence-582,war_quest_update3.pcapng,0,value-001,value-005,value-006,-1117.87415,53.0568237,285.045502,1.64599967
occurrence-582,war_quest_update3.pcapng,1,value-007,value-008,value-006,-1118.36414,52.9484749,286.46228,1.15131593
occurrence-583,war_quest_update3.pcapng,0,value-001,value-005,value-006,-1117.87415,53.0568237,285.045502,1.64599967
occurrence-583,war_quest_update3.pcapng,1,value-007,value-008,value-006,-1118.36414,52.9484749,286.46228,1.15131593
occurrence-584,war_quest_update3.pcapng,0,value-001,value-005,value-006,-1117.87415,53.0568237,285.045502,1.64599967
occurrence-584,war_quest_update3.pcapng,1,value-007,value-008,value-006,-1118.36414,52.9484749,286.46228,1.15131593
occurrence-585,war_quest_update3.pcapng,0,value-001,value-005,value-006,-1117.87415,53.0568237,285.045502,1.64599967
occurrence-585,war_quest_update3.pcapng,1,value-007,value-008,value-006,-1118.36414,52.9484749,286.46228,1.15131593
occurrence-586,war_quest_update3.pcapng,0,value-001,value-005,value-006,-1117.87415,53.0568237,285.045502,1.64599967
occurrence-586,war_quest_update3.pcapng,1,value-007,value-008,value-006,-1118.36414,52.9484749,286.46228,1.15131593
occurrence-587,war_quest_update3.pcapng,0,value-001,value-005,value-006,-1117.87415,53.0568237,285.045502,1.64599967
occurrence-587,war_quest_update3.pcapng,1,value-007,value-008,value-006,-1118.36414,52.9484749,286.46228,1.15131593
occurrence-588,war_quest_update3.pcapng,0,value-001,value-005,value-006,-1117.87415,53.0568237,285.045502,1.64599967
occurrence-588,war_quest_update3.pcapng,1,value-007,value-008,value-006,-1118.36414,52.9484749,286.46228,1.15131593
occurrence-589,war_quest_update3.pcapng,0,value-001,value-005,value-006,-1117.87415,53.0568237,285.045502,1.64599967
occurrence-589,war_quest_update3.pcapng,1,value-007,value-008,value-006,-1118.36414,52.9484749,286.46228,1.15131593
occurrence-590,war_quest_update3.pcapng,0,value-001,value-005,value-006,-1117.87415,53.0568237,285.045502,1.64599967
occurrence-590,war_quest_update3.pcapng,1,value-007,value-008,value-006,-1118.36414,52.9484749,286.46228,1.15131593
occurrence-591,war_quest_update3.pcapng,0,value-001,value-005,value-006,-1117.87415,53.0568237,285.045502,1.64599967
occurrence-591,war_quest_update3.pcapng,1,value-007,value-008,value-006,-1118.36414,52.9484749,286.46228,1.15131593
occurrence-592,war_quest_update3.pcapng,0,value-001,value-005,value-006,-1118.19873,53.0592194,284.973114,-1.79025984
occurrence-592,war_quest_update3.pcapng,1,value-007,value-008,value-006,-1118.36414,52.9484749,286.46228,1.15131593
