capture,lane_index,lane,capture_event_index,lane_event_index,frame_index,subevent_index,source_actor,target_actor,nonzero_status_count,nonzero_slots,wire_status_ids_hex
combat_autoattack.pcapng,0,main,419,134,47,13,actor-01,actor-02,0,,
combat_autoattack.pcapng,0,main,842,557,123,13,actor-03,actor-02,0,,
combat_autoattack.pcapng,0,main,860,575,123,31,actor-04,actor-02,0,,
combat_autoattack.pcapng,0,main,878,593,124,11,actor-01,actor-02,0,,
combat_autoattack.pcapng,0,main,896,611,124,29,actor-05,actor-02,0,,
from_gridania_to_blackshroud.pcapng,0,main,754,24,5,10,actor-01,actor-02,0,,
from_gridania_to_blackshroud.pcapng,0,main,783,53,11,10,actor-03,actor-02,0,,
from_gridania_to_blackshroud.pcapng,0,main,798,68,12,6,actor-04,actor-02,0,,
from_gridania_to_blackshroud.pcapng,0,main,831,101,21,9,actor-05,actor-02,0,,
from_gridania_to_blackshroud.pcapng,0,main,847,117,24,6,actor-06,actor-02,0,,
from_gridania_to_blackshroud.pcapng,0,main,887,157,33,6,actor-07,actor-02,0,,
from_gridania_to_blackshroud.pcapng,0,main,908,178,38,10,actor-08,actor-02,0,,
from_gridania_to_blackshroud.pcapng,0,main,937,207,42,11,actor-09,actor-02,0,,
from_gridania_to_blackshroud.pcapng,0,main,952,222,42,26,actor-10,actor-02,0,,
from_gridania_to_blackshroud.pcapng,0,main,1000,270,54,2,actor-10,actor-02,0,,
from_gridania_to_blackshroud.pcapng,0,main,1017,287,54,19,actor-11,actor-02,0,,
from_gridania_to_blackshroud.pcapng,0,main,1037,307,59,10,actor-12,actor-02,0,,
from_gridania_to_blackshroud.pcapng,0,main,1067,337,64,10,actor-13,actor-02,0,,
from_gridania_to_blackshroud.pcapng,0,main,1082,352,64,25,actor-14,actor-02,0,,
from_gridania_to_blackshroud.pcapng,0,main,1097,367,65,1,actor-11,actor-02,0,,
from_gridania_to_blackshroud.pcapng,0,main,1126,396,71,6,actor-15,actor-02,0,,
from_gridania_to_blackshroud.pcapng,0,main,1141,411,71,21,actor-16,actor-02,0,,
from_gridania_to_blackshroud.pcapng,0,main,1156,426,71,36,actor-17,actor-02,0,,
from_gridania_to_blackshroud.pcapng,0,main,1171,441,72,12,actor-18,actor-02,0,,
from_gridania_to_blackshroud.pcapng,0,main,1389,659,182,11,actor-19,actor-02,0,,
from_gridania_to_blackshroud.pcapng,0,main,1477,747,237,24,actor-02,actor-02,0,,
from_gridania_to_blackshroud.pcapng,0,main,1540,810,246,11,actor-20,actor-02,0,,
from_gridania_to_blackshroud.pcapng,0,main,1552,822,246,23,actor-21,actor-02,0,,
from_gridania_to_blackshroud.pcapng,0,main,1563,833,246,34,actor-22,actor-02,0,,
from_gridania_to_blackshroud.pcapng,0,main,1577,847,247,3,actor-23,actor-02,0,,
from_gridania_to_blackshroud.pcapng,0,main,1589,859,247,15,actor-24,actor-02,0,,
from_gridania_to_blackshroud.pcapng,0,main,1604,874,247,30,actor-25,actor-02,0,,
gather_wood.pcapng,0,main,1081,574,196,10,actor-01,actor-02,0,,
gather_wood.pcapng,0,main,1133,626,210,13,actor-03,actor-02,0,,
gridania_to_coerthas.pcapng,0,main,3259,39,10,6,actor-01,actor-02,0,,
gridania_to_coerthas.pcapng,0,main,3276,56,10,23,actor-03,actor-02,0,,
gridania_to_coerthas.pcapng,0,main,3311,91,17,6,actor-04,actor-02,0,,
gridania_to_coerthas.pcapng,0,main,3326,106,17,21,actor-05,actor-02,0,,
gridania_to_coerthas.pcapng,0,main,3341,121,17,36,actor-06,actor-02,0,,
gridania_to_coerthas.pcapng,0,main,3356,136,19,9,actor-07,actor-02,0,,
gridania_to_coerthas.pcapng,0,main,3371,151,19,24,actor-08,actor-02,0,,
gridania_to_coerthas.pcapng,0,main,3589,369,123,11,actor-09,actor-02,0,,
gridania_to_coerthas.pcapng,0,main,3672,452,176,16,actor-02,actor-02,0,,
gridania_to_coerthas.pcapng,0,main,3736,516,185,12,actor-10,actor-02,0,,
gridania_to_coerthas.pcapng,0,main,3748,528,185,24,actor-11,actor-02,0,,
gridania_to_coerthas.pcapng,0,main,3759,539,185,35,actor-12,actor-02,0,,
gridania_to_coerthas.pcapng,0,main,3773,553,186,5,actor-13,actor-02,0,,
gridania_to_coerthas.pcapng,0,main,3785,565,186,17,actor-14,actor-02,0,,
gridania_to_coerthas.pcapng,0,main,3800,580,186,32,actor-15,actor-02,0,,
gridania_to_coerthas.pcapng,0,main,3872,652,228,10,actor-16,actor-02,0,,
gridania_to_coerthas.pcapng,0,main,3904,684,242,13,actor-17,actor-02,0,,
gridania_to_coerthas.pcapng,0,main,3930,710,250,13,actor-18,actor-02,0,,
gridania_to_coerthas.pcapng,0,main,3954,734,255,13,actor-19,actor-02,0,,
gridania_to_coerthas.pcapng,0,main,3972,752,255,31,actor-20,actor-02,0,,
gridania_to_coerthas.pcapng,0,main,4002,782,262,13,actor-21,actor-02,0,,
gridania_to_coerthas.pcapng,0,main,4037,817,271,10,actor-22,actor-02,0,,
gridania_to_coerthas.pcapng,0,main,4059,839,277,10,actor-23,actor-02,0,,
gridania_to_coerthas.pcapng,0,main,4077,857,277,28,actor-24,actor-02,0,,
gridania_to_coerthas.pcapng,0,main,4106,886,281,13,actor-25,actor-02,0,,
gridania_to_coerthas.pcapng,0,main,4139,919,290,13,actor-26,actor-02,0,,
gridania_to_coerthas.pcapng,0,main,4157,937,290,31,actor-27,actor-02,0,,
gridania_to_coerthas.pcapng,0,main,4190,970,295,13,actor-28,actor-02,0,,
gridania_to_coerthas.pcapng,0,main,4211,991,298,13,actor-29,actor-02,0,,
gridania_to_coerthas.pcapng,0,main,4245,1025,305,13,actor-30,actor-02,0,,
gridania_to_coerthas.pcapng,0,main,4291,1071,316,13,actor-31,actor-02,0,,
gridania_to_coerthas.pcapng,0,main,4324,1104,323,13,actor-32,actor-02,0,,
gridania_to_coerthas.pcapng,0,main,4357,1137,330,13,actor-33,actor-02,0,,
gridania_to_coerthas.pcapng,0,main,4378,1158,334,13,actor-34,actor-02,0,,
gridania_to_coerthas.pcapng,0,main,4451,1231,355,13,actor-35,actor-02,0,,
gridania_to_coerthas.pcapng,0,main,4469,1249,355,31,actor-36,actor-02,0,,
gridania_to_coerthas.pcapng,0,main,4487,1267,356,10,actor-37,actor-02,0,,
gridania_to_coerthas.pcapng,0,main,4519,1299,360,11,actor-38,actor-02,0,,
gridania_to_coerthas.pcapng,0,main,4553,1333,370,13,actor-39,actor-02,0,,
gridania_to_coerthas.pcapng,0,main,4571,1351,370,31,actor-40,actor-02,0,,
gridania_to_coerthas.pcapng,0,main,4589,1369,371,11,actor-41,actor-02,0,,
gridania_to_coerthas.pcapng,0,main,4622,1402,376,13,actor-42,actor-02,0,,
gridania_to_coerthas.pcapng,0,main,4645,1425,380,13,actor-43,actor-02,0,,
gridania_to_coerthas.pcapng,0,main,4677,1457,384,13,actor-44,actor-02,0,,
gridania_to_coerthas.pcapng,0,main,4794,1574,420,13,actor-45,actor-02,0,,
gridania_to_coerthas.pcapng,0,main,4828,1608,428,13,actor-46,actor-02,0,,
gridania_to_coerthas.pcapng,0,main,4852,1632,433,13,actor-47,actor-02,0,,
gridania_to_coerthas.pcapng,0,main,4870,1650,433,31,actor-48,actor-02,0,,
gridania_to_coerthas.pcapng,0,main,4896,1676,438,13,actor-49,actor-02,0,,
gridania_to_coerthas.pcapng,0,main,4949,1729,457,10,actor-50,actor-02,0,,
gridania_to_coerthas.pcapng,0,main,4976,1756,462,13,actor-51,actor-02,0,,
gridania_to_coerthas.pcapng,0,main,4997,1777,466,13,actor-52,actor-02,0,,
gridania_to_coerthas.pcapng,0,main,5026,1806,470,13,actor-53,actor-02,0,,
gridania_to_coerthas.pcapng,0,main,5044,1824,470,31,actor-54,actor-02,0,,
gridania_to_coerthas.pcapng,0,main,5066,1846,474,13,actor-55,actor-02,0,,
gridania_to_coerthas.pcapng,0,main,5125,1905,487,13,actor-56,actor-02,0,,
gridania_to_coerthas.pcapng,0,main,5187,1967,507,13,actor-57,actor-02,0,,
gridania_to_coerthas.pcapng,0,main,5217,1997,515,13,actor-58,actor-02,0,,
gridania_to_coerthas.pcapng,0,main,5235,2015,515,31,actor-59,actor-02,0,,
gridania_to_coerthas.pcapng,0,main,5253,2033,516,11,actor-60,actor-02,0,,
gridania_to_coerthas.pcapng,0,main,5276,2056,520,13,actor-61,actor-02,0,,
gridania_to_coerthas.pcapng,0,main,5294,2074,520,31,actor-62,actor-02,0,,
gridania_to_coerthas.pcapng,0,main,5312,2092,521,11,actor-63,actor-02,0,,
gridania_to_coerthas.pcapng,0,main,5345,2125,526,3,actor-64,actor-02,0,,
gridania_to_coerthas.pcapng,0,main,5363,2143,526,21,actor-65,actor-02,0,,
gridania_to_coerthas.pcapng,0,main,5381,2161,526,39,actor-66,actor-02,0,,
gridania_to_coerthas.pcapng,0,main,5399,2179,527,17,actor-67,actor-02,0,,
gridania_to_coerthas.pcapng,0,main,5423,2203,530,13,actor-68,actor-02,0,,
gridania_to_coerthas.pcapng,0,main,5494,2274,547,13,actor-69,actor-02,0,,
gridania_to_coerthas.pcapng,0,main,5595,2375,575,13,actor-70,actor-02,0,,
gridania_to_coerthas.pcapng,0,main,5618,2398,581,10,actor-71,actor-02,0,,
gridania_to_coerthas.pcapng,0,main,5644,2424,587,13,actor-72,actor-02,0,,
gridania_to_coerthas.pcapng,0,main,5662,2442,587,31,actor-73,actor-02,0,,
gridania_to_coerthas.pcapng,0,main,5688,2468,592,13,actor-74,actor-02,0,,
gridania_to_coerthas.pcapng,0,main,5706,2486,592,31,actor-75,actor-02,0,,
gridania_to_coerthas.pcapng,0,main,5724,2504,593,11,actor-76,actor-02,0,,
gridania_to_coerthas.pcapng,0,main,5747,2527,597,13,actor-77,actor-02,0,,
gridania_to_coerthas.pcapng,0,main,5765,2545,597,31,actor-78,actor-02,0,,
gridania_to_coerthas.pcapng,0,main,5798,2578,603,13,actor-79,actor-02,0,,
gridania_to_coerthas.pcapng,0,main,5816,2596,603,31,actor-80,actor-02,0,,
gridania_to_coerthas.pcapng,0,main,5839,2619,606,14,actor-81,actor-02,0,,
gridania_to_coerthas.pcapng,0,main,5857,2637,606,32,actor-82,actor-02,0,,
gridania_to_coerthas.pcapng,0,main,5875,2655,607,11,actor-83,actor-02,0,,
gridania_to_coerthas.pcapng,0,main,6025,2805,660,10,actor-84,actor-02,0,,
gridania_to_coerthas.pcapng,0,main,6047,2827,668,10,actor-85,actor-02,0,,
gridania_to_coerthas.pcapng,0,main,6075,2855,677,13,actor-86,actor-02,0,,
gridania_to_coerthas.pcapng,0,main,6095,2875,680,13,actor-87,actor-02,0,,
gridania_to_coerthas.pcapng,0,main,6127,2907,687,13,actor-88,actor-02,0,,
gridania_to_coerthas.pcapng,0,main,6147,2927,690,13,actor-89,actor-02,0,,
gridania_to_coerthas.pcapng,0,main,6174,2954,694,13,actor-90,actor-02,0,,
gridania_to_coerthas.pcapng,0,main,6189,2969,695,11,actor-91,actor-02,0,,
gridania_to_coerthas.pcapng,0,main,6219,2999,701,13,actor-92,actor-02,0,,
gridania_to_coerthas.pcapng,0,main,6252,3032,710,10,actor-93,actor-02,0,,
gridania_to_coerthas.pcapng,0,main,6325,3105,738,13,actor-94,actor-02,0,,
gridania_to_coerthas.pcapng,0,main,6343,3123,738,31,actor-95,actor-02,0,,
gridania_to_coerthas.pcapng,0,main,6406,3186,769,10,actor-96,actor-02,0,,
gridania_to_coerthas.pcapng,0,main,6427,3207,772,13,actor-97,actor-02,0,,
gridania_to_coerthas.pcapng,0,main,6550,3330,846,24,actor-02,actor-02,0,,
gridania_to_coerthas.pcapng,0,main,6614,3394,855,12,actor-98,actor-02,0,,
gridania_to_coerthas.pcapng,0,main,6626,3406,855,24,actor-11,actor-02,0,,
gridania_to_coerthas.pcapng,0,main,6637,3417,855,35,actor-12,actor-02,0,,
gridania_to_coerthas.pcapng,0,main,6651,3431,856,5,actor-99,actor-02,0,,
gridania_to_coerthas.pcapng,0,main,6663,3443,856,17,actor-100,actor-02,0,,
gridania_to_coerthas.pcapng,0,main,6717,3497,884,13,actor-101,actor-02,0,,
gridania_to_coerthas.pcapng,0,main,6743,3523,892,13,actor-102,actor-02,0,,
gridania_to_coerthas.pcapng,0,main,6766,3546,897,13,actor-103,actor-02,0,,
gridania_to_coerthas.pcapng,0,main,6784,3564,898,10,actor-104,actor-02,0,,
gridania_to_coerthas.pcapng,0,main,6811,3591,904,13,actor-105,actor-02,0,,
gridania_to_coerthas.pcapng,0,main,6831,3611,906,13,actor-106,actor-02,0,,
gridania_to_coerthas.pcapng,0,main,6849,3629,906,31,actor-107,actor-02,0,,
gridania_to_coerthas.pcapng,0,main,6867,3647,907,11,actor-108,actor-02,0,,
gridania_to_coerthas.pcapng,0,main,6897,3677,911,13,actor-109,actor-02,0,,
gridania_to_coerthas.pcapng,0,main,6915,3695,911,31,actor-110,actor-02,0,,
gridania_to_coerthas.pcapng,0,main,6933,3713,912,10,actor-111,actor-02,0,,
gridania_to_coerthas.pcapng,0,main,6958,3738,916,13,actor-112,actor-02,0,,
gridania_to_coerthas.pcapng,0,main,6990,3770,922,10,actor-113,actor-02,0,,
gridania_to_coerthas.pcapng,0,main,7008,3788,922,28,actor-114,actor-02,0,,
gridania_to_coerthas.pcapng,0,main,7026,3806,923,8,actor-115,actor-02,0,,
gridania_to_coerthas.pcapng,0,main,7088,3868,940,6,actor-116,actor-02,0,,
gridania_to_coerthas.pcapng,0,main,7106,3886,940,24,actor-117,actor-02,0,,
gridania_to_coerthas.pcapng,0,main,7140,3920,946,13,actor-118,actor-02,0,,
gridania_to_coerthas.pcapng,0,main,7162,3942,951,13,actor-119,actor-02,0,,
gridania_to_coerthas.pcapng,0,main,7192,3972,955,13,actor-120,actor-02,0,,
gridania_to_coerthas.pcapng,0,main,7214,3994,958,13,actor-121,actor-02,0,,
gridania_to_coerthas.pcapng,0,main,7249,4029,964,13,actor-122,actor-02,0,,
gridania_to_coerthas.pcapng,0,main,7279,4059,971,10,actor-123,actor-02,0,,
gridania_to_coerthas.pcapng,0,main,7299,4079,974,13,actor-124,actor-02,0,,
gridania_to_coerthas.pcapng,0,main,7314,4094,974,28,actor-125,actor-02,0,,
gridania_to_coerthas.pcapng,0,main,7332,4112,975,6,actor-126,actor-02,0,,
gridania_to_coerthas.pcapng,0,main,7368,4148,980,10,actor-127,actor-02,0,,
gridania_to_coerthas.pcapng,0,main,7383,4163,980,25,actor-128,actor-02,0,,
gridania_to_coerthas.pcapng,0,main,7398,4178,981,1,actor-129,actor-02,0,,
gridania_to_coerthas.pcapng,0,main,7413,4193,981,16,actor-130,actor-02,0,,
gridania_to_coerthas.pcapng,0,main,7475,4255,995,13,actor-118,actor-02,0,,
gridania_to_coerthas.pcapng,0,main,7493,4273,995,31,actor-119,actor-02,0,,
gridania_to_coerthas.pcapng,0,main,7528,4308,1000,13,actor-131,actor-02,0,,
gridania_to_coerthas.pcapng,0,main,7546,4326,1000,31,actor-117,actor-02,0,,
gridania_to_coerthas.pcapng,0,main,7581,4361,1008,13,actor-132,actor-02,0,,
gridania_to_coerthas.pcapng,0,main,7614,4394,1015,13,actor-133,actor-02,0,,
gridania_to_coerthas.pcapng,0,main,7632,4412,1015,31,actor-134,actor-02,0,,
gridania_to_coerthas.pcapng,0,main,7650,4430,1016,11,actor-135,actor-02,0,,
gridania_to_coerthas.pcapng,0,main,7668,4448,1016,29,actor-136,actor-02,0,,
gridania_to_coerthas.pcapng,0,main,7686,4466,1017,10,actor-137,actor-02,0,,
gridania_to_coerthas.pcapng,0,main,7704,4484,1017,28,actor-138,actor-02,0,,
gridania_to_coerthas.pcapng,0,main,7722,4502,1018,8,actor-139,actor-02,0,,
gridania_to_coerthas.pcapng,0,main,7749,4529,1022,13,actor-140,actor-02,0,,
gridania_to_coerthas.pcapng,0,main,7782,4562,1029,13,actor-141,actor-02,0,,
gridania_to_coerthas.pcapng,0,main,7800,4580,1029,31,actor-142,actor-02,0,,
gridania_to_coerthas.pcapng,0,main,7818,4598,1030,11,actor-143,actor-02,0,,
gridania_to_coerthas.pcapng,0,main,7843,4623,1035,13,actor-144,actor-02,0,,
gridania_to_coerthas.pcapng,0,main,7875,4655,1040,13,actor-145,actor-02,0,,
gridania_to_coerthas.pcapng,0,main,7897,4677,1045,13,actor-146,actor-02,0,,
gridania_to_coerthas.pcapng,0,main,7935,4715,1052,13,actor-147,actor-02,0,,
gridania_to_coerthas.pcapng,0,main,7953,4733,1052,31,actor-148,actor-02,0,,
gridania_to_coerthas.pcapng,0,main,7985,4765,1057,13,actor-149,actor-02,0,,
gridania_to_coerthas.pcapng,0,main,8003,4783,1057,31,actor-150,actor-02,0,,
gridania_to_coerthas.pcapng,0,main,8021,4801,1058,11,actor-151,actor-02,0,,
gridania_to_coerthas.pcapng,0,main,8058,4838,1064,13,actor-152,actor-02,0,,
gridania_to_coerthas.pcapng,0,main,8076,4856,1064,31,actor-153,actor-02,0,,
gridania_to_coerthas.pcapng,0,main,8094,4874,1065,11,actor-154,actor-02,0,,
gridania_to_coerthas.pcapng,0,main,8135,4915,1075,13,actor-155,actor-02,0,,
gridania_to_coerthas.pcapng,0,main,8185,4965,1087,13,actor-155,actor-02,0,,
gridania_to_coerthas.pcapng,0,main,8208,4988,1091,13,actor-156,actor-02,0,,
gridania_to_coerthas.pcapng,0,main,8239,5019,1095,13,actor-157,actor-02,0,,
gridania_to_coerthas.pcapng,0,main,8257,5037,1095,31,actor-158,actor-02,0,,
gridania_to_coerthas.pcapng,0,main,8281,5061,1098,13,actor-159,actor-02,0,,
gridania_to_coerthas.pcapng,0,main,8299,5079,1098,31,actor-160,actor-02,0,,
gridania_to_coerthas.pcapng,0,main,8317,5097,1099,11,actor-161,actor-02,0,,
gridania_to_coerthas.pcapng,0,main,8335,5115,1099,29,actor-162,actor-02,0,,
gridania_to_coerthas.pcapng,0,main,8353,5133,1100,10,actor-163,actor-02,0,,
gridania_to_coerthas.pcapng,0,main,8371,5151,1100,28,actor-164,actor-02,0,,
gridania_to_coerthas.pcapng,0,main,8410,5190,1106,13,actor-165,actor-02,0,,
gridania_to_coerthas.pcapng,0,main,8428,5208,1106,31,actor-166,actor-02,0,,
gridania_to_coerthas.pcapng,0,main,8456,5236,1112,13,actor-167,actor-02,0,,
gridania_to_coerthas.pcapng,0,main,8474,5254,1112,31,actor-168,actor-02,0,,
gridania_to_coerthas.pcapng,0,main,8505,5285,1115,13,actor-169,actor-02,0,,
gridania_to_coerthas.pcapng,0,main,8523,5303,1115,31,actor-170,actor-02,0,,
gridania_to_coerthas.pcapng,0,main,8541,5321,1116,9,actor-171,actor-02,0,,
gridania_to_coerthas.pcapng,0,main,8559,5339,1116,27,actor-172,actor-02,0,,
gridania_to_coerthas.pcapng,0,main,8596,5376,1121,13,actor-173,actor-02,0,,
gridania_to_coerthas.pcapng,0,main,8614,5394,1121,31,actor-174,actor-02,0,,
gridania_to_coerthas.pcapng,0,main,8648,5428,1127,13,actor-175,actor-02,0,,
gridania_to_coerthas.pcapng,0,main,8666,5446,1127,31,actor-176,actor-02,0,,
gridania_to_coerthas.pcapng,0,main,8684,5464,1128,11,actor-177,actor-02,0,,
gridania_to_coerthas.pcapng,0,main,8709,5489,1133,13,actor-178,actor-02,0,,
gridania_to_coerthas.pcapng,0,main,8727,5507,1133,31,actor-179,actor-02,0,,
gridania_to_coerthas.pcapng,0,main,8760,5540,1137,13,actor-180,actor-02,0,,
gridania_to_coerthas.pcapng,0,main,8780,5560,1139,13,actor-181,actor-02,0,,
gridania_to_coerthas.pcapng,0,main,8810,5590,1142,13,actor-182,actor-02,0,,
gridania_to_coerthas.pcapng,0,main,8847,5627,1152,13,actor-183,actor-02,0,,
gridania_to_coerthas.pcapng,0,main,8900,5680,1166,13,actor-184,actor-02,0,,
gridania_to_coerthas.pcapng,0,main,8919,5699,1170,10,actor-185,actor-02,0,,
gridania_to_coerthas.pcapng,0,main,8937,5717,1170,28,actor-186,actor-02,0,,
gridania_to_coerthas.pcapng,0,main,8987,5767,1180,13,actor-187,actor-02,0,,
gridania_to_coerthas.pcapng,0,main,9005,5785,1180,31,actor-188,actor-02,0,,
gridania_to_coerthas.pcapng,0,main,9029,5809,1185,10,actor-184,actor-02,0,,
gridania_to_coerthas.pcapng,0,main,9047,5827,1185,28,actor-189,actor-02,0,,
gridania_to_coerthas.pcapng,0,main,9107,5887,1202,10,actor-190,actor-02,0,,
gridania_to_coerthas.pcapng,0,main,9125,5905,1202,28,actor-191,actor-02,0,,
gridania_to_coerthas.pcapng,0,main,9143,5923,1203,8,actor-192,actor-02,0,,
gridania_to_coerthas.pcapng,0,main,9177,5957,1209,6,actor-193,actor-02,0,,
gridania_to_coerthas.pcapng,0,main,9209,5989,1213,13,actor-194,actor-02,0,,
gridania_to_coerthas.pcapng,0,main,9227,6007,1213,31,actor-195,actor-02,0,,
gridania_to_coerthas.pcapng,0,main,9242,6022,1214,7,actor-196,actor-02,0,,
gridania_to_coerthas.pcapng,0,main,9314,6094,1241,10,actor-192,actor-02,0,,
gridania_to_coerthas.pcapng,0,main,9337,6117,1247,10,actor-190,actor-02,0,,
gridania_to_coerthas.pcapng,0,main,9355,6135,1247,28,actor-188,actor-02,0,,
gridania_to_coerthas.pcapng,0,main,9382,6162,1251,13,actor-197,actor-02,0,,
gridania_to_coerthas.pcapng,0,main,9400,6180,1251,31,actor-191,actor-02,0,,
gridania_to_coerthas.pcapng,0,main,9418,6198,1252,11,actor-193,actor-02,0,,
gridania_to_coerthas.pcapng,0,main,9436,6216,1252,29,actor-198,actor-02,0,,
gridania_to_coerthas.pcapng,0,main,9459,6239,1255,13,actor-199,actor-02,0,,
gridania_to_coerthas.pcapng,0,main,9477,6257,1255,31,actor-200,actor-02,0,,
gridania_to_coerthas.pcapng,0,main,9495,6275,1256,11,actor-201,actor-02,0,,
gridania_to_coerthas.pcapng,0,main,9513,6293,1256,29,actor-202,actor-02,0,,
gridania_to_coerthas.pcapng,0,main,9531,6311,1257,10,actor-187,actor-02,0,,
gridania_to_coerthas.pcapng,0,main,9567,6347,1263,13,actor-203,actor-02,0,,
gridania_to_coerthas.pcapng,0,main,9585,6365,1263,31,actor-204,actor-02,0,,
gridania_to_coerthas.pcapng,0,main,9600,6380,1264,7,actor-205,actor-02,0,,
gridania_to_coerthas.pcapng,0,main,9621,6401,1268,13,actor-187,actor-02,0,,
gridania_to_coerthas.pcapng,0,main,9668,6448,1277,13,actor-206,actor-02,0,,
gridania_to_coerthas.pcapng,0,main,9716,6496,1288,6,actor-207,actor-02,0,,
gridania_to_coerthas.pcapng,0,main,9734,6514,1288,24,actor-208,actor-02,0,,
gridania_to_coerthas.pcapng,0,main,9842,6622,1320,24,actor-02,actor-02,0,,
gridania_to_coerthas.pcapng,0,main,9906,6686,1329,12,actor-209,actor-02,0,,
gridania_to_coerthas.pcapng,0,main,9918,6698,1329,24,actor-11,actor-02,0,,
gridania_to_coerthas.pcapng,0,main,9929,6709,1329,35,actor-12,actor-02,0,,
gridania_to_coerthas.pcapng,0,main,9943,6723,1330,5,actor-210,actor-02,0,,
gridania_to_coerthas.pcapng,0,main,9955,6735,1330,17,actor-211,actor-02,0,,
gridania_to_coerthas.pcapng,0,main,9972,6752,1330,34,actor-212,actor-02,0,,
gridania_to_coerthas.pcapng,0,main,9990,6770,1331,11,actor-213,actor-02,0,,
gridania_to_coerthas.pcapng,0,main,10008,6788,1331,29,actor-214,actor-02,0,,
local_leve_complete.pcapng,0,main,1232,162,52,13,actor-01,actor-02,0,,
local_leve_complete.pcapng,0,main,2220,1150,292,25,actor-03,actor-02,0,,
login.pcapng,0,main,221,46,9,24,actor-01,actor-01,1,1,0x5adf
login.pcapng,0,main,283,108,18,10,actor-02,actor-01,0,,
login.pcapng,0,main,294,119,18,21,actor-03,actor-01,0,,
login.pcapng,0,main,308,133,18,35,actor-04,actor-01,0,,
login.pcapng,0,main,320,145,19,4,actor-05,actor-01,0,,
login.pcapng,0,main,334,159,19,18,actor-06,actor-01,0,,
login.pcapng,0,main,349,174,19,33,actor-07,actor-01,0,,
login.pcapng,0,main,364,189,20,7,actor-08,actor-01,0,,
login.pcapng,0,main,381,206,20,24,actor-09,actor-01,0,,
login.pcapng,0,main,396,221,21,1,actor-10,actor-01,0,,
move_around_gridania.pcapng,0,main,771,63,22,10,actor-01,actor-02,0,,
move_around_gridania.pcapng,0,main,788,80,25,10,actor-03,actor-02,0,,
move_around_gridania.pcapng,0,main,825,117,35,10,actor-04,actor-02,0,,
move_around_gridania.pcapng,0,main,866,158,46,10,actor-05,actor-02,0,,
move_around_gridania.pcapng,0,main,883,175,49,10,actor-06,actor-02,0,,
move_around_gridania.pcapng,0,main,898,190,49,25,actor-07,actor-02,0,,
move_around_gridania.pcapng,0,main,913,205,50,6,actor-08,actor-02,0,,
move_around_gridania.pcapng,0,main,928,220,50,21,actor-09,actor-02,0,,
move_around_gridania.pcapng,0,main,943,235,50,36,actor-10,actor-02,0,,
move_around_gridania.pcapng,0,main,978,270,56,10,actor-11,actor-02,0,,
move_around_gridania.pcapng,0,main,993,285,56,25,actor-12,actor-02,0,,
move_around_gridania.pcapng,0,main,1007,299,56,39,actor-13,actor-02,0,,
move_around_gridania.pcapng,0,main,1039,331,64,10,actor-14,actor-02,0,,
move_around_gridania.pcapng,0,main,1066,358,68,10,actor-15,actor-02,0,,
move_around_gridania.pcapng,0,main,1083,375,72,10,actor-16,actor-02,0,,
move_around_gridania.pcapng,0,main,1112,404,78,10,actor-17,actor-02,0,,
move_around_gridania.pcapng,0,main,1127,419,78,25,actor-18,actor-02,0,,
move_around_gridania.pcapng,0,main,1176,468,91,10,actor-19,actor-02,0,,
move_around_gridania.pcapng,0,main,1204,496,96,10,actor-20,actor-02,0,,
move_around_gridania.pcapng,0,main,1224,516,102,6,actor-21,actor-02,0,,
move_around_gridania.pcapng,0,main,1238,530,102,20,actor-22,actor-02,0,,
move_around_gridania.pcapng,0,main,1270,562,107,10,actor-23,actor-02,0,,
move_around_gridania.pcapng,0,main,1302,594,112,13,actor-24,actor-02,0,,
move_around_gridania.pcapng,0,main,1346,638,126,9,actor-25,actor-02,0,,
move_around_gridania.pcapng,0,main,1375,667,134,10,actor-26,actor-02,0,,
move_around_gridania.pcapng,0,main,1400,692,141,10,actor-27,actor-02,0,,
move_around_gridania.pcapng,0,main,1414,706,141,24,actor-28,actor-02,0,,
move_around_gridania.pcapng,0,main,1532,824,200,10,actor-29,actor-02,0,,
move_around_gridania.pcapng,0,main,1555,847,205,10,actor-30,actor-02,0,,
move_around_gridania.pcapng,0,main,1599,891,221,10,actor-31,actor-02,0,,
move_around_gridania.pcapng,0,main,1614,906,221,25,actor-32,actor-02,0,,
move_around_gridania.pcapng,0,main,1642,934,228,6,actor-33,actor-02,0,,
move_around_gridania.pcapng,0,main,1672,964,235,10,actor-34,actor-02,0,,
move_out_of_room.pcapng,0,main,253,87,32,25,actor-01,actor-01,0,,
move_out_of_room.pcapng,0,main,316,150,41,11,actor-02,actor-01,0,,
move_out_of_room.pcapng,0,main,328,162,41,23,actor-03,actor-01,0,,
move_out_of_room.pcapng,0,main,339,173,41,34,actor-04,actor-01,0,,
move_out_of_room.pcapng,0,main,353,187,42,3,actor-05,actor-01,0,,
move_out_of_room.pcapng,0,main,365,199,42,15,actor-06,actor-01,0,,
move_out_of_room.pcapng,0,main,379,213,42,29,actor-07,actor-01,0,,
move_out_of_room.pcapng,0,main,397,231,43,4,actor-08,actor-01,0,,
move_out_of_room.pcapng,0,main,412,246,43,19,actor-09,actor-01,0,,
move_out_of_room.pcapng,0,main,427,261,43,34,actor-10,actor-01,0,,
move_out_of_room.pcapng,0,main,442,276,44,11,actor-11,actor-01,0,,
move_out_of_room.pcapng,0,main,457,291,44,26,actor-12,actor-01,0,,
move_out_of_room.pcapng,0,main,472,306,45,4,actor-13,actor-01,0,,
move_out_of_room.pcapng,0,main,487,321,45,19,actor-14,actor-01,0,,
move_out_of_room.pcapng,0,main,502,336,45,34,actor-15,actor-01,0,,
move_out_of_room.pcapng,0,main,517,351,46,11,actor-16,actor-01,0,,
move_out_of_room.pcapng,0,main,532,366,46,26,actor-17,actor-01,0,,
move_out_of_room.pcapng,0,main,547,381,47,4,actor-18,actor-01,0,,
move_out_of_room.pcapng,0,main,562,396,47,19,actor-19,actor-01,0,,
move_out_of_room.pcapng,0,main,577,411,47,34,actor-20,actor-01,0,,
move_out_of_room.pcapng,0,main,592,426,48,11,actor-21,actor-01,0,,
move_out_of_room.pcapng,0,main,606,440,48,25,actor-22,actor-01,0,,
move_out_of_room.pcapng,0,main,620,454,48,39,actor-23,actor-01,0,,
move_out_of_room.pcapng,0,main,635,469,49,11,actor-24,actor-01,0,,
move_out_of_room.pcapng,0,main,650,484,49,26,actor-25,actor-01,0,,
move_out_of_room.pcapng,0,main,665,499,50,4,actor-26,actor-01,0,,
move_out_of_room.pcapng,0,main,680,514,50,19,actor-27,actor-01,0,,
move_out_of_room.pcapng,0,main,695,529,50,34,actor-28,actor-01,0,,
move_out_of_room.pcapng,0,main,710,544,51,11,actor-29,actor-01,0,,
move_out_of_room.pcapng,0,main,725,559,51,26,actor-30,actor-01,0,,
move_out_of_room.pcapng,0,main,740,574,52,4,actor-31,actor-01,0,,
move_out_of_room.pcapng,0,main,755,589,52,19,actor-32,actor-01,0,,
move_out_of_room.pcapng,0,main,770,604,52,34,actor-33,actor-01,0,,
move_out_of_room.pcapng,0,main,785,619,53,11,actor-34,actor-01,0,,
move_out_of_room.pcapng,0,main,800,634,53,26,actor-35,actor-01,0,,
move_out_of_room.pcapng,0,main,815,649,54,4,actor-36,actor-01,0,,
move_out_of_room.pcapng,0,main,830,664,54,19,actor-37,actor-01,0,,
move_out_of_room.pcapng,0,main,845,679,54,34,actor-38,actor-01,0,,
move_out_of_room.pcapng,0,main,860,694,55,11,actor-39,actor-01,0,,
move_out_of_room.pcapng,0,main,875,709,55,26,actor-40,actor-01,0,,
move_out_of_room.pcapng,0,main,890,724,56,4,actor-41,actor-01,0,,
move_out_of_room.pcapng,0,main,905,739,56,19,actor-42,actor-01,0,,
move_out_of_room.pcapng,0,main,920,754,56,34,actor-43,actor-01,0,,
move_out_of_room.pcapng,0,main,935,769,57,11,actor-44,actor-01,0,,
move_out_of_room.pcapng,0,main,950,784,57,26,actor-45,actor-01,0,,
move_out_of_room.pcapng,0,main,1155,989,100,10,actor-45,actor-01,0,,
move_out_of_room.pcapng,0,main,1170,1004,100,25,actor-46,actor-01,0,,
move_out_of_room.pcapng,0,main,1190,1024,106,6,actor-47,actor-01,0,,
move_out_of_room.pcapng,0,main,1219,1053,111,6,actor-31,actor-01,0,,
move_out_of_room.pcapng,0,main,1238,1072,115,10,actor-37,actor-01,0,,
move_out_of_room.pcapng,0,main,1266,1100,120,10,actor-30,actor-01,0,,
move_out_of_room.pcapng,0,main,1299,1133,129,10,actor-33,actor-01,0,,
move_out_of_room.pcapng,0,main,1314,1148,129,25,actor-31,actor-01,0,,
moving_around_gridania.pcapng,0,main,2866,35,7,10,actor-01,actor-02,0,,
moving_around_gridania.pcapng,0,main,2886,55,13,6,actor-03,actor-02,0,,
moving_around_gridania.pcapng,0,main,2901,70,13,21,actor-04,actor-02,0,,
moving_around_gridania.pcapng,0,main,2931,100,19,10,actor-05,actor-02,0,,
moving_around_gridania.pcapng,0,main,2952,121,24,10,actor-06,actor-02,0,,
moving_around_gridania.pcapng,0,main,2981,150,30,10,actor-07,actor-02,0,,
moving_around_gridania.pcapng,0,main,2996,165,30,25,actor-08,actor-02,0,,
moving_around_gridania.pcapng,0,main,3026,195,35,10,actor-09,actor-02,0,,
moving_around_gridania.pcapng,0,main,3056,225,43,6,actor-10,actor-02,0,,
moving_around_gridania.pcapng,0,main,3085,254,49,10,actor-03,actor-02,0,,
moving_around_gridania.pcapng,0,main,3116,285,57,10,actor-04,actor-02,0,,
moving_around_gridania.pcapng,0,main,3135,304,62,10,actor-06,actor-02,0,,
moving_around_gridania.pcapng,0,main,3163,332,68,10,actor-08,actor-02,0,,
moving_around_gridania.pcapng,0,main,3192,361,75,10,actor-11,actor-02,0,,
moving_around_gridania.pcapng,0,main,3211,380,80,10,actor-12,actor-02,0,,
moving_around_gridania.pcapng,0,main,3240,409,85,10,actor-05,actor-02,0,,
moving_around_gridania.pcapng,0,main,3272,441,91,11,actor-04,actor-02,0,,
moving_around_gridania.pcapng,0,main,3302,471,97,10,actor-07,actor-02,0,,
moving_around_gridania.pcapng,0,main,3320,489,102,9,actor-06,actor-02,0,,
moving_around_gridania.pcapng,0,main,3350,519,110,6,actor-10,actor-02,0,,
moving_around_gridania.pcapng,0,main,3378,547,116,9,actor-09,actor-02,0,,
moving_around_gridania.pcapng,0,main,3397,566,121,10,actor-03,actor-02,0,,
moving_around_gridania.pcapng,0,main,3426,595,127,10,actor-04,actor-02,0,,
moving_around_gridania.pcapng,0,main,3444,613,131,9,actor-13,actor-02,0,,
moving_around_gridania.pcapng,0,main,3472,641,135,10,actor-08,actor-02,0,,
moving_around_gridania.pcapng,0,main,3512,681,142,10,actor-14,actor-02,0,,
moving_around_gridania.pcapng,0,main,3531,700,146,10,actor-15,actor-02,0,,
moving_around_gridania.pcapng,0,main,3546,715,146,25,actor-05,actor-02,0,,
moving_around_gridania.pcapng,0,main,3579,748,151,11,actor-16,actor-02,0,,
moving_around_gridania.pcapng,0,main,3613,782,161,10,actor-09,actor-02,0,,
moving_around_gridania.pcapng,0,main,3641,810,165,10,actor-17,actor-02,0,,
moving_around_gridania.pcapng,0,main,3659,828,169,10,actor-12,actor-02,0,,
moving_around_gridania.pcapng,0,main,3701,870,180,10,actor-08,actor-02,0,,
moving_around_gridania.pcapng,0,main,3732,901,189,6,actor-06,actor-02,0,,
moving_around_gridania.pcapng,0,main,3761,930,195,10,actor-14,actor-02,0,,
moving_around_gridania.pcapng,0,main,3800,969,203,25,actor-02,actor-02,0,,
moving_around_gridania.pcapng,0,main,3864,1033,212,12,actor-18,actor-02,0,,
moving_around_gridania.pcapng,0,main,3876,1045,212,24,actor-19,actor-02,0,,
moving_around_gridania.pcapng,0,main,3887,1056,212,35,actor-20,actor-02,0,,
moving_around_gridania.pcapng,0,main,3901,1070,213,5,actor-21,actor-02,0,,
moving_around_gridania.pcapng,0,main,3913,1082,213,17,actor-22,actor-02,0,,
moving_around_gridania.pcapng,0,main,3927,1096,213,31,actor-23,actor-02,0,,
moving_around_gridania.pcapng,0,main,3942,1111,214,4,actor-24,actor-02,0,,
moving_around_gridania.pcapng,0,main,3957,1126,214,19,actor-25,actor-02,0,,
moving_around_gridania.pcapng,0,main,3972,1141,214,34,actor-26,actor-02,0,,
moving_around_gridania.pcapng,0,main,3987,1156,215,11,actor-27,actor-02,0,,
moving_around_gridania.pcapng,0,main,4002,1171,215,26,actor-28,actor-02,0,,
moving_around_gridania.pcapng,0,main,4017,1186,216,4,actor-29,actor-02,0,,
moving_around_gridania.pcapng,0,main,4031,1200,216,18,actor-30,actor-02,0,,
moving_around_gridania.pcapng,0,main,4045,1214,216,32,actor-31,actor-02,0,,
moving_around_gridania.pcapng,0,main,4060,1229,217,10,actor-32,actor-02,0,,
moving_around_gridania.pcapng,0,main,4075,1244,217,25,actor-33,actor-02,0,,
moving_around_gridania.pcapng,0,main,4090,1259,218,2,actor-34,actor-02,0,,
moving_around_gridania.pcapng,0,main,4105,1274,218,17,actor-35,actor-02,0,,
moving_around_gridania.pcapng,0,main,4120,1289,218,32,actor-36,actor-02,0,,
moving_around_gridania.pcapng,0,main,4135,1304,219,7,actor-37,actor-02,0,,
moving_around_gridania.pcapng,0,main,4149,1318,219,21,actor-38,actor-02,0,,
moving_around_gridania.pcapng,0,main,4164,1333,219,36,actor-39,actor-02,0,,
moving_around_gridania.pcapng,0,main,4179,1348,220,11,actor-40,actor-02,0,,
moving_around_gridania.pcapng,0,main,4194,1363,220,26,actor-41,actor-02,0,,
moving_around_gridania.pcapng,0,main,4238,1407,224,6,actor-42,actor-02,0,,
moving_around_gridania.pcapng,0,main,4265,1434,227,10,actor-43,actor-02,0,,
moving_around_gridania.pcapng,0,main,4280,1449,227,25,actor-44,actor-02,0,,
moving_around_gridania.pcapng,0,main,4386,1555,261,10,actor-45,actor-02,0,,
moving_around_gridania.pcapng,0,main,4407,1576,268,10,actor-46,actor-02,0,,
moving_around_gridania.pcapng,0,main,4426,1595,272,6,actor-47,actor-02,0,,
moving_around_gridania.pcapng,0,main,4443,1612,275,10,actor-48,actor-02,0,,
moving_around_gridania.pcapng,0,main,4465,1634,279,10,actor-49,actor-02,0,,
moving_around_gridania.pcapng,0,main,4488,1657,284,10,actor-50,actor-02,0,,
moving_around_gridania.pcapng,0,main,4503,1672,284,25,actor-51,actor-02,0,,
moving_around_gridania.pcapng,0,main,4522,1691,288,10,actor-52,actor-02,0,,
moving_around_gridania.pcapng,0,main,4550,1719,292,13,actor-53,actor-02,0,,
moving_around_gridania.pcapng,0,main,4580,1749,298,10,actor-54,actor-02,0,,
moving_around_gridania.pcapng,0,main,4597,1766,301,10,actor-55,actor-02,0,,
moving_around_gridania.pcapng,0,main,4641,1810,312,10,actor-56,actor-02,0,,
moving_around_gridania.pcapng,0,main,4671,1840,319,10,actor-56,actor-02,0,,
moving_around_gridania.pcapng,0,main,4698,1867,323,10,actor-57,actor-02,0,,
moving_around_gridania.pcapng,0,main,4713,1882,323,25,actor-58,actor-02,0,,
moving_around_gridania.pcapng,0,main,4728,1897,324,1,actor-59,actor-02,0,,
moving_around_gridania.pcapng,0,main,4761,1930,331,10,actor-60,actor-02,0,,
moving_around_gridania.pcapng,0,main,4776,1945,331,25,actor-61,actor-02,0,,
moving_around_gridania.pcapng,0,main,4794,1963,334,10,actor-62,actor-02,0,,
moving_around_gridania.pcapng,0,main,4931,2100,377,10,actor-63,actor-02,0,,
moving_around_gridania.pcapng,0,main,4958,2127,381,10,actor-64,actor-02,0,,
moving_around_gridania.pcapng,0,main,4977,2146,385,10,actor-65,actor-02,0,,
moving_around_gridania.pcapng,0,main,4992,2161,385,25,actor-66,actor-02,0,,
moving_around_gridania.pcapng,0,main,5007,2176,386,1,actor-67,actor-02,0,,
moving_around_gridania.pcapng,0,main,5022,2191,386,16,actor-68,actor-02,0,,
moving_around_gridania.pcapng,0,main,5054,2223,392,6,actor-69,actor-02,0,,
moving_around_gridania.pcapng,0,main,5072,2241,396,10,actor-70,actor-02,0,,
moving_around_gridania.pcapng,0,main,5101,2270,403,9,actor-71,actor-02,0,,
moving_around_gridania.pcapng,0,main,5117,2286,405,10,actor-72,actor-02,0,,
moving_around_gridania.pcapng,0,main,5131,2300,406,6,actor-73,actor-02,0,,
moving_around_gridania.pcapng,0,main,5149,2318,410,10,actor-70,actor-02,0,,
moving_around_gridania.pcapng,0,main,5197,2366,422,10,actor-74,actor-02,0,,
moving_around_gridania.pcapng,0,main,5215,2384,426,10,actor-75,actor-02,0,,
moving_around_gridania.pcapng,0,main,5230,2399,427,11,actor-76,actor-02,0,,
moving_around_gridania.pcapng,0,main,5245,2414,427,26,actor-77,actor-02,0,,
moving_around_gridania.pcapng,0,main,5259,2428,427,40,actor-78,actor-02,0,,
moving_around_gridania.pcapng,0,main,5274,2443,428,13,actor-79,actor-02,0,,
moving_around_gridania.pcapng,0,main,5289,2458,428,28,actor-80,actor-02,0,,
moving_around_gridania.pcapng,0,main,5304,2473,429,5,actor-81,actor-02,0,,
moving_around_gridania.pcapng,0,main,5319,2488,429,20,actor-82,actor-02,0,,
moving_around_gridania.pcapng,0,main,5353,2522,433,6,actor-83,actor-02,0,,
moving_around_gridania.pcapng,0,main,5371,2540,437,10,actor-84,actor-02,0,,
moving_around_gridania.pcapng,0,main,5386,2555,437,25,actor-85,actor-02,0,,
moving_around_gridania.pcapng,0,main,5405,2574,441,10,actor-86,actor-02,0,,
moving_around_gridania.pcapng,0,main,5420,2589,441,25,actor-87,actor-02,0,,
moving_around_gridania.pcapng,0,main,5435,2604,442,1,actor-88,actor-02,0,,
moving_around_gridania.pcapng,0,main,5466,2635,447,10,actor-89,actor-02,0,,
moving_around_gridania.pcapng,0,main,5548,2717,470,10,actor-90,actor-02,0,,
moving_around_gridania.pcapng,0,main,5579,2748,478,10,actor-90,actor-02,0,,
moving_around_gridania.pcapng,0,main,5674,2843,505,10,actor-90,actor-02,0,,
moving_around_gridania.pcapng,0,main,5715,2884,515,6,actor-90,actor-02,0,,
moving_around_gridania.pcapng,0,main,5873,3042,559,11,actor-67,actor-02,0,,
moving_around_gridania.pcapng,0,main,5893,3062,564,10,actor-70,actor-02,0,,
moving_around_gridania.pcapng,0,main,5908,3077,564,25,actor-66,actor-02,0,,
moving_around_gridania.pcapng,0,main,5937,3106,569,10,actor-91,actor-02,0,,
moving_around_gridania.pcapng,0,main,5957,3126,573,10,actor-64,actor-02,0,,
moving_around_gridania.pcapng,0,main,6046,3215,598,10,actor-92,actor-02,0,,
moving_around_gridania.pcapng,0,main,6067,3236,604,10,actor-93,actor-02,0,,
moving_around_gridania.pcapng,0,main,6094,3263,610,10,actor-94,actor-02,0,,
moving_around_gridania.pcapng,0,main,6119,3288,616,10,actor-95,actor-02,0,,
moving_around_gridania.pcapng,0,main,6158,3327,629,10,actor-96,actor-02,0,,
moving_around_gridania.pcapng,0,main,6212,3381,652,10,actor-97,actor-02,0,,
moving_around_gridania.pcapng,0,main,6233,3402,656,10,actor-98,actor-02,0,,
moving_around_gridania.pcapng,0,main,6289,3458,678,10,actor-99,actor-02,0,,
moving_around_gridania.pcapng,0,main,6312,3481,682,10,actor-100,actor-02,0,,
moving_around_gridania.pcapng,0,main,6326,3495,682,24,actor-101,actor-02,0,,
moving_around_gridania.pcapng,0,main,6342,3511,686,6,actor-102,actor-02,0,,
moving_around_gridania.pcapng,0,main,6395,3564,704,10,actor-103,actor-02,0,,
moving_around_gridania.pcapng,0,main,6446,3615,721,10,actor-104,actor-02,0,,
moving_around_gridania.pcapng,0,main,6468,3637,727,9,actor-105,actor-02,0,,
moving_around_gridania.pcapng,0,main,6483,3652,727,24,actor-106,actor-02,0,,
moving_around_gridania.pcapng,0,main,6498,3667,727,39,actor-107,actor-02,0,,
moving_around_gridania.pcapng,0,main,6517,3686,731,10,actor-108,actor-02,0,,
moving_around_gridania.pcapng,0,main,6532,3701,731,25,actor-91,actor-02,0,,
moving_around_gridania.pcapng,0,main,6559,3728,736,10,actor-109,actor-02,0,,
moving_around_gridania.pcapng,0,main,6574,3743,736,25,actor-110,actor-02,0,,
moving_around_gridania.pcapng,0,main,6588,3757,737,10,actor-111,actor-02,0,,
moving_around_gridania.pcapng,0,main,6603,3772,737,25,actor-112,actor-02,0,,
moving_around_gridania.pcapng,0,main,6618,3787,738,3,actor-113,actor-02,0,,
moving_around_gridania.pcapng,0,main,6638,3807,740,10,actor-114,actor-02,0,,
moving_around_gridania.pcapng,0,main,6653,3822,740,25,actor-69,actor-02,0,,
moving_around_gridania.pcapng,0,main,6682,3851,744,10,actor-68,actor-02,0,,
moving_around_gridania.pcapng,0,main,6697,3866,744,25,actor-70,actor-02,0,,
moving_around_gridania.pcapng,0,main,6728,3897,749,10,actor-115,actor-02,0,,
moving_around_gridania.pcapng,0,main,6743,3912,749,25,actor-64,actor-02,0,,
moving_around_gridania.pcapng,0,main,6758,3927,750,1,actor-63,actor-02,0,,
moving_around_gridania.pcapng,0,main,6777,3946,753,10,actor-116,actor-02,0,,
moving_around_gridania.pcapng,0,main,6792,3961,754,11,actor-66,actor-02,0,,
moving_around_gridania.pcapng,0,main,6820,3989,758,10,actor-117,actor-02,0,,
moving_around_gridania.pcapng,0,main,6837,4006,761,10,actor-118,actor-02,0,,
moving_around_gridania.pcapng,0,main,6851,4020,761,24,actor-119,actor-02,0,,
moving_around_gridania.pcapng,0,main,6867,4036,761,40,actor-67,actor-02,0,,
moving_around_gridania.pcapng,0,main,6896,4065,766,10,actor-59,actor-02,0,,
moving_around_gridania.pcapng,0,main,6926,4095,773,10,actor-120,actor-02,0,,
moving_around_gridania.pcapng,0,main,6955,4124,778,11,actor-67,actor-02,0,,
moving_around_gridania.pcapng,0,main,7029,4198,802,10,actor-55,actor-02,0,,
moving_around_gridania.pcapng,0,main,7046,4215,802,27,actor-52,actor-02,0,,
moving_around_gridania.pcapng,0,main,7077,4246,809,10,actor-61,actor-02,0,,
moving_around_gridania.pcapng,0,main,7092,4261,809,25,actor-58,actor-02,0,,
moving_around_gridania.pcapng,0,main,7107,4276,810,1,actor-56,actor-02,0,,
moving_around_gridania.pcapng,0,main,7125,4294,810,19,actor-53,actor-02,0,,
moving_around_gridania.pcapng,0,main,7157,4326,813,10,actor-50,actor-02,0,,
moving_around_gridania.pcapng,0,main,7172,4341,813,25,actor-48,actor-02,0,,
moving_around_gridania.pcapng,0,main,7187,4356,814,1,actor-46,actor-02,0,,
moving_around_gridania.pcapng,0,main,7206,4375,816,10,actor-62,actor-02,0,,
moving_around_gridania.pcapng,0,main,7221,4390,816,25,actor-57,actor-02,0,,
moving_around_gridania.pcapng,0,main,7236,4405,817,1,actor-54,actor-02,0,,
moving_around_gridania.pcapng,0,main,7266,4435,822,10,actor-51,actor-02,0,,
moving_around_gridania.pcapng,0,main,7281,4450,822,25,actor-47,actor-02,0,,
moving_around_gridania.pcapng,0,main,7296,4465,823,1,actor-60,actor-02,0,,
moving_around_gridania.pcapng,0,main,7363,4532,840,10,actor-45,actor-02,0,,
moving_around_gridania.pcapng,0,main,7478,4647,872,10,actor-59,actor-02,0,,
moving_around_gridania.pcapng,0,main,7555,4724,898,6,actor-49,actor-02,0,,
moving_around_gridania.pcapng,0,main,7635,4804,935,10,actor-23,actor-02,0,,
moving_around_gridania.pcapng,0,main,7652,4821,938,10,actor-24,actor-02,0,,
moving_around_gridania.pcapng,0,main,7667,4836,938,25,actor-32,actor-02,0,,
moving_around_gridania.pcapng,0,main,7681,4850,939,0,actor-30,actor-02,0,,
moving_around_gridania.pcapng,0,main,7704,4873,944,10,actor-33,actor-02,0,,
moving_around_gridania.pcapng,0,main,7718,4887,944,24,actor-31,actor-02,0,,
moving_around_gridania.pcapng,0,main,7735,4904,947,10,actor-121,actor-02,0,,
moving_around_gridania.pcapng,0,main,7749,4918,947,24,actor-122,actor-02,0,,
moving_around_gridania.pcapng,0,main,7811,4980,971,10,actor-123,actor-02,0,,
moving_around_gridania.pcapng,0,main,7843,5012,982,9,actor-124,actor-02,0,,
moving_around_gridania.pcapng,0,main,7858,5027,982,24,actor-125,actor-02,0,,
moving_around_gridania.pcapng,0,main,7882,5051,988,10,actor-49,actor-02,0,,
moving_around_gridania.pcapng,0,main,7900,5069,993,7,actor-126,actor-02,0,,
moving_around_gridania.pcapng,0,main,7915,5084,993,22,actor-127,actor-02,0,,
moving_around_gridania.pcapng,0,main,7942,5111,998,10,actor-128,actor-02,0,,
moving_around_gridania.pcapng,0,main,7957,5126,999,6,actor-129,actor-02,0,,
moving_around_gridania.pcapng,0,main,7972,5141,999,21,actor-130,actor-02,0,,
moving_around_gridania.pcapng,0,main,7993,5162,1004,6,actor-131,actor-02,0,,
moving_around_gridania.pcapng,0,main,8021,5190,1010,10,actor-132,actor-02,0,,
moving_around_gridania.pcapng,0,main,8039,5208,1015,6,actor-133,actor-02,0,,
moving_around_gridania.pcapng,0,main,8066,5235,1020,6,actor-134,actor-02,0,,
moving_around_gridania.pcapng,0,main,8083,5252,1023,10,actor-135,actor-02,0,,
moving_around_gridania.pcapng,0,main,8178,5347,1049,6,actor-45,actor-02,0,,
moving_around_gridania.pcapng,0,main,8221,5390,1060,10,actor-45,actor-02,0,,
moving_around_gridania.pcapng,0,main,8393,5562,1122,10,actor-23,actor-02,0,,
moving_around_gridania.pcapng,0,main,8407,5576,1122,24,actor-30,actor-02,0,,
moving_around_gridania.pcapng,0,main,8427,5596,1128,10,actor-24,actor-02,0,,
moving_around_gridania.pcapng,0,main,8453,5622,1136,9,actor-31,actor-02,0,,
moving_around_gridania.pcapng,0,main,8475,5644,1139,10,actor-32,actor-02,0,,
moving_around_gridania.pcapng,0,main,8503,5672,1147,10,actor-33,actor-02,0,,
moving_around_gridania.pcapng,0,main,8555,5724,1167,6,actor-45,actor-02,0,,
moving_around_gridania.pcapng,0,main,8576,5745,1172,10,actor-23,actor-02,0,,
moving_around_gridania.pcapng,0,main,8591,5760,1172,25,actor-32,actor-02,0,,
moving_around_gridania.pcapng,0,main,8605,5774,1173,0,actor-30,actor-02,0,,
moving_around_gridania.pcapng,0,main,8626,5795,1177,10,actor-24,actor-02,0,,
moving_around_gridania.pcapng,0,main,8641,5810,1177,25,actor-27,actor-02,0,,
moving_around_gridania.pcapng,0,main,8656,5825,1178,1,actor-33,actor-02,0,,
moving_around_gridania.pcapng,0,main,8670,5839,1178,15,actor-31,actor-02,0,,
moving_around_gridania.pcapng,0,main,8690,5859,1181,10,actor-34,actor-02,0,,
moving_around_gridania.pcapng,0,main,8715,5884,1185,10,actor-26,actor-02,0,,
moving_around_gridania.pcapng,0,main,8730,5899,1185,25,actor-35,actor-02,0,,
moving_around_gridania.pcapng,0,main,8745,5914,1186,1,actor-36,actor-02,0,,
moving_around_gridania.pcapng,0,main,8760,5929,1186,16,actor-37,actor-02,0,,
moving_around_gridania.pcapng,0,main,8793,5962,1192,10,actor-25,actor-02,0,,
moving_around_gridania.pcapng,0,main,8822,5991,1198,10,actor-43,actor-02,0,,
moving_around_gridania.pcapng,0,main,8837,6006,1198,25,actor-39,actor-02,0,,
moving_around_gridania.pcapng,0,main,8851,6020,1198,39,actor-38,actor-02,0,,
moving_around_gridania.pcapng,0,main,8866,6035,1199,12,actor-42,actor-02,0,,
moving_around_gridania.pcapng,0,main,8885,6054,1202,10,actor-28,actor-02,0,,
moving_around_gridania.pcapng,0,main,8900,6069,1202,25,actor-44,actor-02,0,,
moving_around_gridania.pcapng,0,main,8915,6084,1203,6,actor-40,actor-02,0,,
moving_around_gridania.pcapng,0,main,8945,6114,1208,10,actor-29,actor-02,0,,
moving_around_gridania.pcapng,0,main,8963,6132,1212,10,actor-41,actor-02,0,,
moving_around_gridania.pcapng,0,main,9085,6254,1251,24,actor-02,actor-02,0,,
moving_around_gridania.pcapng,0,main,9149,6318,1260,12,actor-136,actor-02,0,,
moving_around_gridania.pcapng,0,main,9161,6330,1260,24,actor-19,actor-02,0,,
moving_around_gridania.pcapng,0,main,9172,6341,1260,35,actor-20,actor-02,0,,
moving_around_gridania.pcapng,0,main,9186,6355,1261,5,actor-137,actor-02,0,,
moving_around_gridania.pcapng,0,main,9198,6367,1261,17,actor-138,actor-02,0,,
moving_around_gridania.pcapng,0,main,9212,6381,1261,31,actor-139,actor-02,0,,
moving_around_gridania.pcapng,0,main,9227,6396,1262,4,actor-140,actor-02,0,,
moving_around_gridania.pcapng,0,main,9242,6411,1262,19,actor-141,actor-02,0,,
moving_around_gridania.pcapng,0,main,9257,6426,1262,34,actor-142,actor-02,0,,
moving_around_gridania.pcapng,0,main,9272,6441,1263,11,actor-143,actor-02,0,,
moving_around_gridania.pcapng,0,main,9287,6456,1263,26,actor-144,actor-02,0,,
moving_around_gridania.pcapng,0,main,9302,6471,1264,4,actor-145,actor-02,0,,
moving_around_gridania.pcapng,0,main,9317,6486,1264,19,actor-146,actor-02,0,,
moving_around_gridania.pcapng,0,main,9332,6501,1264,34,actor-147,actor-02,0,,
moving_around_gridania.pcapng,0,main,9347,6516,1265,11,actor-148,actor-02,0,,
moving_around_gridania.pcapng,0,main,9362,6531,1265,26,actor-149,actor-02,0,,
moving_around_gridania.pcapng,0,main,9377,6546,1266,4,actor-150,actor-02,0,,
moving_around_gridania.pcapng,0,main,9392,6561,1266,19,actor-151,actor-02,0,,
moving_around_gridania.pcapng,0,main,9407,6576,1266,34,actor-152,actor-02,0,,
moving_around_gridania.pcapng,0,main,9422,6591,1267,11,actor-153,actor-02,0,,
moving_around_gridania.pcapng,0,main,9440,6609,1267,29,actor-154,actor-02,0,,
moving_around_gridania.pcapng,0,main,9455,6624,1268,5,actor-155,actor-02,0,,
moving_around_gridania.pcapng,0,main,9470,6639,1268,20,actor-156,actor-02,0,,
moving_around_gridania.pcapng,0,main,9484,6653,1268,34,actor-157,actor-02,0,,
moving_around_gridania.pcapng,0,main,9498,6667,1269,7,actor-158,actor-02,0,,
moving_around_gridania.pcapng,0,main,9513,6682,1269,22,actor-15,actor-02,0,,
moving_around_gridania.pcapng,0,main,9527,6696,1269,36,actor-13,actor-02,0,,
moving_around_gridania.pcapng,0,main,9542,6711,1270,11,actor-01,actor-02,0,,
moving_around_gridania.pcapng,0,main,9557,6726,1270,26,actor-159,actor-02,0,,
moving_around_gridania.pcapng,0,main,9572,6741,1271,4,actor-03,actor-02,0,,
moving_around_gridania.pcapng,0,main,9587,6756,1271,19,actor-160,actor-02,0,,
moving_around_gridania.pcapng,0,main,9602,6771,1271,34,actor-161,actor-02,0,,
moving_around_gridania.pcapng,0,main,9617,6786,1272,11,actor-162,actor-02,0,,
moving_around_gridania.pcapng,0,main,9632,6801,1272,26,actor-163,actor-02,0,,
moving_around_gridania.pcapng,0,main,9647,6816,1273,4,actor-164,actor-02,0,,
moving_around_gridania.pcapng,0,main,9662,6831,1273,19,actor-165,actor-02,0,,
moving_around_gridania.pcapng,0,main,9677,6846,1273,34,actor-11,actor-02,0,,
moving_around_gridania.pcapng,0,main,9692,6861,1274,11,actor-04,actor-02,0,,
moving_around_gridania.pcapng,0,main,9707,6876,1274,26,actor-166,actor-02,0,,
moving_around_gridania.pcapng,0,main,9722,6891,1275,4,actor-10,actor-02,0,,
moving_around_gridania.pcapng,0,main,9737,6906,1275,19,actor-167,actor-02,0,,
moving_around_gridania.pcapng,0,main,9752,6921,1275,34,actor-09,actor-02,0,,
moving_around_gridania.pcapng,0,main,9767,6936,1276,11,actor-12,actor-02,0,,
moving_around_gridania.pcapng,0,main,9782,6951,1276,26,actor-17,actor-02,0,,
moving_around_gridania.pcapng,0,main,9797,6966,1277,4,actor-08,actor-02,0,,
moving_around_gridania.pcapng,0,main,9876,7045,1282,11,actor-16,actor-02,0,,
moving_around_gridania.pcapng,0,main,9907,7076,1288,10,actor-09,actor-02,0,,
moving_around_gridania.pcapng,0,main,9935,7104,1293,10,actor-17,actor-02,0,,
moving_around_gridania.pcapng,0,main,9991,7160,1308,10,actor-14,actor-02,0,,
moving_around_gridania.pcapng,0,main,10022,7191,1315,10,actor-06,actor-02,0,,
moving_around_gridania.pcapng,0,main,10037,7206,1315,25,actor-08,actor-02,0,,
party_battle_leve.pcapng,0,main,4416,143,50,14,actor-01,actor-02,0,,
party_battle_leve.pcapng,0,main,4491,218,74,13,actor-03,actor-02,0,,
party_battle_leve.pcapng,0,main,4660,387,118,10,actor-04,actor-02,0,,
party_battle_leve.pcapng,0,main,4678,405,118,28,actor-05,actor-02,0,,
party_battle_leve.pcapng,0,main,4760,487,143,13,actor-06,actor-02,0,,
party_battle_leve.pcapng,0,main,4823,550,162,13,actor-07,actor-02,0,,
party_battle_leve.pcapng,0,main,4841,568,162,31,actor-08,actor-02,0,,
party_battle_leve.pcapng,0,main,4859,586,163,11,actor-09,actor-02,0,,
party_battle_leve.pcapng,0,main,4915,642,180,13,actor-10,actor-02,0,,
party_battle_leve.pcapng,0,main,4957,684,190,13,actor-11,actor-02,0,,
party_battle_leve.pcapng,0,main,5012,739,206,13,actor-12,actor-02,0,,
party_battle_leve.pcapng,0,main,5061,788,220,13,actor-13,actor-02,0,,
party_battle_leve.pcapng,0,main,5079,806,220,31,actor-14,actor-02,0,,
party_battle_leve.pcapng,0,main,5097,824,221,7,actor-15,actor-02,0,,
party_battle_leve.pcapng,0,main,5142,869,228,13,actor-16,actor-02,0,,
party_battle_leve.pcapng,0,main,5167,894,233,13,actor-17,actor-02,0,,
party_battle_leve.pcapng,0,main,5204,931,241,10,actor-18,actor-02,0,,
party_battle_leve.pcapng,0,main,5305,1032,276,13,actor-19,actor-02,0,,
party_battle_leve.pcapng,0,main,5323,1050,276,31,actor-20,actor-02,0,,
party_battle_leve.pcapng,0,main,5341,1068,277,10,actor-21,actor-02,0,,
party_battle_leve.pcapng,0,main,5446,1173,312,13,actor-20,actor-02,0,,
party_battle_leve.pcapng,0,main,5481,1208,319,13,actor-21,actor-02,0,,
party_battle_leve.pcapng,0,main,5499,1226,319,31,actor-19,actor-02,0,,
party_battle_leve.pcapng,0,main,5566,1293,342,13,actor-22,actor-02,0,,
party_battle_leve.pcapng,0,main,5680,1407,374,18,actor-23,actor-02,0,,
party_battle_leve.pcapng,0,main,5721,1448,383,9,actor-24,actor-02,0,,
party_battle_leve.pcapng,0,main,7257,2984,889,10,actor-18,actor-02,0,,
party_battle_leve.pcapng,0,main,7358,3085,927,13,actor-25,actor-02,0,,
party_battle_leve.pcapng,0,main,7618,3345,953,13,actor-26,actor-02,0,,
party_battle_leve.pcapng,0,main,7636,3363,953,31,actor-27,actor-02,0,,
party_battle_leve.pcapng,0,main,7666,3393,960,13,actor-28,actor-02,0,,
party_battle_leve.pcapng,0,main,7684,3411,960,31,actor-29,actor-02,0,,
party_battle_leve.pcapng,0,main,7720,3447,965,13,actor-30,actor-02,0,,
party_battle_leve.pcapng,0,main,7797,3524,993,13,actor-31,actor-02,0,,
party_battle_leve.pcapng,0,main,7824,3551,997,13,actor-11,actor-02,0,,
party_battle_leve.pcapng,0,main,7862,3589,1004,13,actor-16,actor-02,0,,
party_battle_leve.pcapng,0,main,7880,3607,1004,31,actor-15,actor-02,0,,
party_battle_leve.pcapng,0,main,7907,3634,1010,13,actor-32,actor-02,0,,
party_battle_leve.pcapng,0,main,7943,3670,1018,10,actor-33,actor-02,0,,
party_battle_leve.pcapng,0,main,7970,3697,1025,13,actor-29,actor-02,0,,
party_battle_leve.pcapng,0,main,8012,3739,1036,13,actor-13,actor-02,0,,
party_battle_leve.pcapng,0,main,8093,3820,1060,13,actor-34,actor-02,0,,
party_battle_leve.pcapng,0,main,8144,3871,1071,13,actor-35,actor-02,0,,
party_battle_leve.pcapng,0,main,8242,3969,1101,13,actor-36,actor-02,0,,
party_battle_leve.pcapng,0,main,8277,4004,1110,13,actor-37,actor-02,0,,
party_battle_leve.pcapng,0,main,8309,4036,1114,13,actor-38,actor-02,0,,
party_battle_leve.pcapng,0,main,8408,4135,1146,13,actor-36,actor-02,0,,
party_battle_leve.pcapng,0,main,9063,4790,1337,13,actor-36,actor-02,0,,
party_battle_leve.pcapng,0,main,9145,4872,1362,13,actor-39,actor-02,0,,
party_battle_leve.pcapng,0,main,9181,4908,1368,9,actor-40,actor-02,0,,
party_battle_leve.pcapng,0,main,9364,5091,1449,10,actor-33,actor-02,0,,
party_battle_leve.pcapng,0,main,9898,5625,1598,13,actor-31,actor-02,0,,
party_battle_leve.pcapng,0,main,10665,6392,1763,10,actor-33,actor-02,0,,
party_battle_leve.pcapng,0,main,10781,6508,1801,13,actor-34,actor-02,0,,
party_battle_leve.pcapng,0,main,10818,6545,1809,13,actor-35,actor-02,0,,
party_battle_leve.pcapng,0,main,11087,6814,1921,13,actor-31,actor-02,0,,
party_battle_leve.pcapng,0,main,11105,6832,1921,31,actor-27,actor-02,0,,
party_battle_leve.pcapng,0,main,11136,6863,1930,13,actor-35,actor-02,0,,
party_battle_leve.pcapng,0,main,11154,6881,1931,14,actor-34,actor-02,0,,
party_battle_leve.pcapng,0,main,11226,6953,1957,10,actor-18,actor-02,0,,
party_battle_leve.pcapng,0,main,11241,6968,1957,25,actor-33,actor-02,0,,
party_battle_leve.pcapng,0,main,11259,6986,1958,6,actor-35,actor-02,0,,
party_battle_leve.pcapng,0,main,11308,7035,1968,13,actor-20,actor-02,0,,
party_battle_leve.pcapng,0,main,11349,7076,1977,13,actor-32,actor-02,0,,
party_battle_leve.pcapng,0,main,11367,7094,1977,31,actor-41,actor-02,0,,
party_battle_leve.pcapng,0,main,11418,7145,1990,13,actor-16,actor-02,0,,
party_battle_leve.pcapng,0,main,11460,7187,1998,13,actor-15,actor-02,0,,
party_battle_leve.pcapng,0,main,11513,7240,2012,13,actor-13,actor-02,0,,
party_battle_leve.pcapng,0,main,11542,7269,2019,13,actor-42,actor-02,0,,
party_battle_leve.pcapng,0,main,11782,7509,2034,6,actor-11,actor-02,0,,
party_battle_leve.pcapng,0,main,11967,7694,2096,13,actor-06,actor-02,0,,
party_battle_leve.pcapng,0,main,12634,8361,2285,17,actor-43,actor-02,0,,
party_battle_leve.pcapng,0,main,12682,8409,2293,9,actor-44,actor-02,0,,
party_battle_leve.pcapng,0,main,13585,9312,2525,8,actor-45,actor-02,0,,
party_battle_leve.pcapng,0,main,13623,9350,2535,13,actor-31,actor-02,0,,
party_battle_leve.pcapng,0,main,13641,9368,2535,31,actor-30,actor-02,0,,
party_battle_leve.pcapng,0,main,13659,9386,2536,10,actor-35,actor-02,0,,
party_battle_leve.pcapng,0,main,13677,9404,2536,28,actor-41,actor-02,0,,
party_battle_leve.pcapng,0,main,13895,9622,2627,13,actor-41,actor-02,0,,
party_battle_leve.pcapng,0,main,13913,9640,2627,31,actor-35,actor-02,0,,
party_battle_leve.pcapng,0,main,13978,9705,2651,13,actor-28,actor-02,0,,
party_battle_leve.pcapng,0,main,14018,9745,2660,13,actor-41,actor-02,0,,
party_battle_leve.pcapng,0,main,14820,10547,2834,13,actor-41,actor-02,0,,
party_battle_leve.pcapng,0,main,14838,10565,2834,31,actor-35,actor-02,0,,
party_battle_leve.pcapng,0,main,14866,10593,2842,10,actor-18,actor-02,0,,
party_battle_leve.pcapng,0,main,14912,10639,2855,10,actor-09,actor-02,0,,
party_battle_leve.pcapng,0,main,14958,10685,2866,17,actor-46,actor-02,0,,
party_battle_leve.pcapng,0,main,14998,10725,2873,17,actor-47,actor-02,0,,
party_battle_leve.pcapng,0,main,15045,10772,2886,14,actor-09,actor-02,0,,
party_battle_leve.pcapng,0,main,15134,10861,2923,13,actor-09,actor-02,0,,
party_battle_leve.pcapng,0,main,15175,10902,2936,16,actor-09,actor-02,0,,
party_battle_leve.pcapng,0,main,16318,12045,3203,13,actor-31,actor-02,0,,
party_battle_leve.pcapng,0,main,16395,12122,3237,13,actor-31,actor-02,0,,
party_battle_leve.pcapng,0,main,16546,12273,3295,6,actor-28,actor-02,0,,
party_battle_leve.pcapng,0,main,16864,12591,3334,13,actor-09,actor-02,0,,
party_battle_leve.pcapng,0,main,17149,12876,3368,17,actor-48,actor-02,0,,
party_battle_leve.pcapng,0,main,17378,13105,3453,13,actor-49,actor-02,0,,
party_battle_leve.pcapng,0,main,17391,13118,3453,26,actor-50,actor-02,2,1 2,0x5dbf 0x5a59
party_battle_leve.pcapng,0,main,17416,13143,3454,8,actor-51,actor-02,0,,
party_battle_leve.pcapng,0,main,17434,13161,3454,26,actor-52,actor-02,0,,
party_battle_leve.pcapng,0,main,17452,13179,3455,8,actor-53,actor-02,0,,
party_battle_leve.pcapng,0,main,17470,13197,3455,26,actor-04,actor-02,0,,
party_battle_leve.pcapng,0,main,17485,13212,3456,4,actor-54,actor-02,0,,
party_battle_leve.pcapng,0,main,17503,13230,3456,22,actor-55,actor-02,0,,
party_battle_leve.pcapng,0,main,17521,13248,3457,4,actor-05,actor-02,0,,
party_battle_leve.pcapng,0,main,17539,13266,3457,22,actor-08,actor-02,0,,
party_battle_leve.pcapng,0,main,17557,13284,3458,2,actor-56,actor-02,0,,
party_battle_leve.pcapng,0,main,17575,13302,3458,20,actor-57,actor-02,0,,
return_to_inn.pcapng,0,main,195,89,38,24,actor-01,actor-01,1,1,0x5adf
return_to_inn.pcapng,0,main,258,152,48,11,actor-02,actor-01,0,,
return_to_inn.pcapng,0,main,269,163,48,22,actor-03,actor-01,0,,
return_to_inn.pcapng,0,main,283,177,48,36,actor-04,actor-01,0,,
return_to_inn.pcapng,0,main,295,189,49,6,actor-05,actor-01,0,,
return_to_inn.pcapng,0,main,311,205,49,22,actor-06,actor-01,0,,
return_to_inn.pcapng,0,main,326,220,49,37,actor-07,actor-01,0,,
return_to_inn.pcapng,0,main,341,235,50,11,actor-08,actor-01,0,,
return_to_inn.pcapng,0,main,356,250,50,26,actor-09,actor-01,0,,
return_to_inn.pcapng,0,main,371,265,51,4,actor-10,actor-01,0,,
small_talk_louisoix.pcapng,0,main,114,24,5,10,actor-01,actor-02,0,,
teleport_to_camp_nine_ivies.pcapng,0,main,363,134,73,24,actor-01,actor-01,0,,
teleport_to_camp_nine_ivies.pcapng,0,main,427,198,82,12,actor-02,actor-01,0,,
teleport_to_camp_nine_ivies.pcapng,0,main,439,210,82,24,actor-03,actor-01,0,,
teleport_to_camp_nine_ivies.pcapng,0,main,450,221,82,35,actor-04,actor-01,0,,
teleport_to_camp_nine_ivies.pcapng,0,main,464,235,83,5,actor-05,actor-01,0,,
teleport_to_camp_nine_ivies.pcapng,0,main,476,247,83,17,actor-06,actor-01,0,,
teleport_to_camp_nine_ivies.pcapng,0,main,493,264,83,34,actor-07,actor-01,0,,
teleport_to_camp_nine_ivies.pcapng,0,main,508,279,84,6,actor-08,actor-01,0,,
teleport_to_camp_nine_ivies.pcapng,0,main,523,294,84,21,actor-09,actor-01,0,,
teleport_to_camp_nine_ivies.pcapng,0,main,538,309,84,36,actor-10,actor-01,0,,
teleport_to_camp_nine_ivies.pcapng,0,main,553,324,85,12,actor-11,actor-01,0,,
teleport_to_camp_nine_ivies.pcapng,0,main,568,339,85,27,actor-12,actor-01,0,,
teleport_to_camp_nine_ivies.pcapng,0,main,586,357,86,8,actor-13,actor-01,0,,
teleport_to_camp_nine_ivies.pcapng,0,main,604,375,86,26,actor-14,actor-01,0,,
teleport_to_camp_nine_ivies.pcapng,0,main,622,393,87,8,actor-15,actor-01,0,,
teleport_to_camp_tranquil.pcapng,0,main,265,77,47,24,actor-01,actor-01,0,,
teleport_to_camp_tranquil.pcapng,0,main,328,140,56,11,actor-02,actor-01,0,,
teleport_to_camp_tranquil.pcapng,0,main,340,152,56,23,actor-03,actor-01,0,,
teleport_to_camp_tranquil.pcapng,0,main,351,163,56,34,actor-04,actor-01,0,,
teleport_to_camp_tranquil.pcapng,0,main,365,177,57,3,actor-05,actor-01,0,,
teleport_to_camp_tranquil.pcapng,0,main,377,189,57,15,actor-06,actor-01,0,,
teleport_to_camp_tranquil.pcapng,0,main,391,203,57,29,actor-07,actor-01,0,,
teleport_to_camp_tranquil.pcapng,0,main,409,221,58,4,actor-08,actor-01,0,,
teleport_to_camp_tranquil.pcapng,0,main,424,236,58,19,actor-09,actor-01,0,,
teleport_to_camp_tranquil.pcapng,0,main,439,251,58,34,actor-10,actor-01,0,,
teleport_to_camp_tranquil.pcapng,0,main,454,266,59,11,actor-11,actor-01,0,,
teleport_to_camp_tranquil.pcapng,0,main,469,281,59,26,actor-12,actor-01,0,,
teleport_to_camp_tranquil.pcapng,0,main,484,296,60,4,actor-13,actor-01,0,,
teleport_to_camp_tranquil.pcapng,0,main,499,311,60,19,actor-14,actor-01,0,,
teleport_to_camp_tranquil.pcapng,0,main,514,326,60,34,actor-15,actor-01,0,,
teleport_to_camp_tranquil.pcapng,0,main,529,341,61,11,actor-16,actor-01,0,,
teleport_to_camp_tranquil.pcapng,0,main,547,359,61,29,actor-17,actor-01,0,,
teleport_to_camp_tranquil.pcapng,0,main,565,377,62,8,actor-18,actor-01,0,,
teleport_to_camp_tranquil.pcapng,0,main,583,395,62,26,actor-19,actor-01,0,,
teleport_to_gridania.pcapng,0,main,257,80,22,13,actor-01,actor-02,0,,
teleport_to_gridania.pcapng,0,main,376,199,59,24,actor-02,actor-02,0,,
teleport_to_gridania.pcapng,0,main,441,264,68,18,actor-03,actor-02,0,,
teleport_to_gridania.pcapng,0,main,453,276,68,30,actor-04,actor-02,0,,
teleport_to_gridania.pcapng,0,main,464,287,69,3,actor-05,actor-02,0,,
teleport_to_gridania.pcapng,0,main,478,301,69,17,actor-06,actor-02,0,,
teleport_to_gridania.pcapng,0,main,490,313,69,29,actor-07,actor-02,0,,
teleport_to_gridania.pcapng,0,main,507,330,70,1,actor-08,actor-02,0,,
teleport_to_gridania.pcapng,0,main,522,345,70,16,actor-09,actor-02,0,,
teleport_to_gridania.pcapng,0,main,537,360,70,31,actor-10,actor-02,0,,
teleport_to_gridania.pcapng,0,main,552,375,71,7,actor-11,actor-02,0,,
teleport_to_gridania.pcapng,0,main,567,390,71,22,actor-12,actor-02,0,,
teleport_to_gridania.pcapng,0,main,581,404,71,36,actor-13,actor-02,0,,
war_quest_update2.pcapng,0,main,1875,1468,638,10,actor-01,actor-02,0,,
war_quest_update2.pcapng,0,main,1887,1480,638,22,actor-03,actor-02,0,,
war_quest_update2.pcapng,0,main,1898,1491,638,33,actor-04,actor-02,0,,
war_quest_update2.pcapng,0,main,1912,1505,638,47,actor-05,actor-02,0,,
war_quest_update2.pcapng,0,main,1924,1517,639,11,actor-06,actor-02,0,,
war_quest_update2.pcapng,0,main,1936,1529,639,23,actor-07,actor-02,1,1,0x5dbf
war_quest_update2.pcapng,0,main,1958,1551,640,4,actor-08,actor-02,0,,
war_quest_update2.pcapng,0,main,1976,1569,640,22,actor-09,actor-02,0,,
war_quest_update2.pcapng,0,main,1994,1587,641,4,actor-10,actor-02,0,,
war_quest_update2.pcapng,0,main,2012,1605,641,22,actor-11,actor-02,0,,
war_quest_update2.pcapng,0,main,2030,1623,642,2,actor-12,actor-02,0,,
war_quest_update2.pcapng,0,main,2048,1641,642,20,actor-13,actor-02,0,,
war_quest_update2.pcapng,0,main,2066,1659,642,38,actor-14,actor-02,0,,
war_quest_update2.pcapng,0,main,2084,1677,643,16,actor-15,actor-02,0,,
war_quest_update2.pcapng,0,main,2102,1695,643,34,actor-16,actor-02,0,,
war_quest_update2.pcapng,0,main,2120,1713,644,15,actor-17,actor-02,0,,
war_quest_update2.pcapng,0,main,2138,1731,644,33,actor-18,actor-02,0,,
war_quest_update2.pcapng,0,main,2156,1749,645,15,actor-19,actor-02,0,,
war_quest_update3.pcapng,0,main,434,29,5,13,actor-01,actor-02,0,,
war_quest_update3.pcapng,0,main,522,117,33,13,actor-03,actor-02,0,,
