source_id,capture_path,sha256,size_bytes,game_decode,raw_tcp_scan
pcap-1.23b,sources/pcap-1.23b/objects/accept_leve.pcapng,42b87e6c095db130def1de5bc382e428b4f4c12c8069c4682d6fa4bc7681967a,59576,included,included
pcap-1.23b,sources/pcap-1.23b/objects/accept_local_leve.pcapng,3b4b071d88742a5d3c94a1e29ca6a4074cb6b9a9a60207118302fe22f932bd7c,50676,included,included
pcap-1.23b,sources/pcap-1.23b/objects/accept_quest.pcapng,a207109240254b1398a36f877afc7ac34a08466cfbd3cdd3f2eb5f4a50718057,53180,included,included
pcap-1.23b,sources/pcap-1.23b/objects/action_and_traits.pcapng,c3d30fe46d69996dc74e4864245c42675cde2388525c03063dac180df528352f,37584,included,included
pcap-1.23b,sources/pcap-1.23b/objects/add_str.pcapng,246e4948a7ca1e4dc620e724677bfd9153ce76f6445a557967d309e9946021ed,20056,included,included
pcap-1.23b,sources/pcap-1.23b/objects/attributes.pcapng,5bc78b05d45a4e410b7410d046cb8b958ec549ce5b1b51a52225c4d15041a2ff,22624,included,included
pcap-1.23b,sources/pcap-1.23b/objects/battle_mode_passive_mode.pcapng,5a8290df1d11781f4f5fa1f6990651c679e57ee3b8c5549021f06767bb172d4b,12776,included,included
pcap-1.23b,sources/pcap-1.23b/objects/buy_square_maple_shield.pcapng,aab582bd9658c89cd4d56e132500481f442b9f2dc2179f1a5829ea09776bce6b,54088,included,included
pcap-1.23b,sources/pcap-1.23b/objects/change_bodyarmor.pcapng,55ee6035d24e80b97c9354a0800b86a52d0a99e1200cf6875a5b56009215021a,54536,included,included
pcap-1.23b,sources/pcap-1.23b/objects/change_helm.pcapng,af1e465076c3acf6188f24f084622b22beccc932bb96effd517b2d9a44606e08,39660,included,included
pcap-1.23b,sources/pcap-1.23b/objects/change_to_botanist.pcapng,8fdc448a17d19bea3d07855a8d8843d78926c50586f3656946c96b6a6cb27d26,41500,included,included
pcap-1.23b,sources/pcap-1.23b/objects/chat_say.pcapng,ccaefd38c94512507d518f83ab693edaf7f42167f3b82876869b53a736275e37,8864,included,included
pcap-1.23b,sources/pcap-1.23b/objects/chat_shout.pcapng,94ab6b14373b2d0d0122e14b3eb18a1371e52165172ba18b3fc836c8ba94265a,7872,included,included
pcap-1.23b,sources/pcap-1.23b/objects/check_room_map.pcapng,cca1eea57329b02e5d66e53ad6f44d28deebf8ee8c11cfafd22bf813d1551ee5,28032,included,included
pcap-1.23b,sources/pcap-1.23b/objects/checkbed.pcapng,9e05a05de6ec44eded13761fcb3546eb248c0c68e537051eef575e29dfff1b79,26276,included,included
pcap-1.23b,sources/pcap-1.23b/objects/coerthas_map.pcapng,779de805f9172832e986f5c46c0a94f6d93f4b9c7f1c41fd0de0f5f8326c0ae3,34364,included,included
pcap-1.23b,sources/pcap-1.23b/objects/combat_autoattack.pcapng,2f677ab61047b25c4168a3dd9496f372d48de3bba018d582dd5a968b9272f7b2,82908,included,included
pcap-1.23b,sources/pcap-1.23b/objects/combat_skills.pcapng,7fe66d92f6f62584e57562e51355d310546935690e0b96c2c689b83bbe8a07a7,63028,included,included
pcap-1.23b,sources/pcap-1.23b/objects/cutscene_book.pcapng,c2cf85e02d8d15fe2aa9261e8b796c29c0a3d9dd9cdf287ce0f75f3a666b2b4d,123824,included,included
pcap-1.23b,sources/pcap-1.23b/objects/emote_dance.pcapng,9e004f1e791cfc37b7d23e8986a5e69021b7b7f828295fdf7957e36aa1c57dc8,30352,included,included
pcap-1.23b,sources/pcap-1.23b/objects/emote_kneel.pcapng,3381b6121f5b0789c97ededdc5394c6bc9b14c561029191fb5b3f428033c80e8,23920,included,included
pcap-1.23b,sources/pcap-1.23b/objects/friendlist_search.pcapng,3b9a35689fb923d9520bbfed8a3886dc2b461c9516492e3d8e68eec093eb7b0e,37744,included,included
pcap-1.23b,sources/pcap-1.23b/objects/from_gridania_to_blackshroud.pcapng,eff300de679230653953ea3399939a15ce9d6aeafd202c7ebcf5f55e6d24930f,196308,included,included
pcap-1.23b,sources/pcap-1.23b/objects/gather_wood.pcapng,c308aa4c984eb3e1912383c06e5115c6924713978df43cdb8075335e1bac7d32,157688,included,included
pcap-1.23b,sources/pcap-1.23b/objects/gear_changesoul.pcapng,62af2cde3a4683fba3e09cc3dfed8001d74303b120381de577b05df492926780,23784,included,included
pcap-1.23b,sources/pcap-1.23b/objects/gear_changeweapon.pcapng,3eec2c2993feeb2b8c47c1e1f553335638a7262ec13b561e2d52d768f0798080,21352,included,included
pcap-1.23b,sources/pcap-1.23b/objects/gridania_map.pcapng,13e26b2d68f195b8e2daf7c355a2741c155a1036b80d79c90aab982157290795,16184,included,included
pcap-1.23b,sources/pcap-1.23b/objects/gridania_to_coerthas.pcapng,63152a1ed6e446df5cc4750fe50a0839f9e45ad270c79abfc72b5c09cc47e547,939832,included,included
pcap-1.23b,sources/pcap-1.23b/objects/harvest.pcapng,8522a844b6904207c3465ae1d1038599eddb8b9dc47800d5230c8a1c3ad0e440,60680,included,included
pcap-1.23b,sources/pcap-1.23b/objects/idle_in_party.pcapng,98b45822079372380bf834a937a9cb83b662b9e302555aafa14ee353537f74c1,20168,included,included
pcap-1.23b,sources/pcap-1.23b/objects/idling.pcapng,fd86f5b78b2975dcaf7bb8a8e7f94267f9f2660078a5193ea26732cb317dd385,42608,included,included
pcap-1.23b,sources/pcap-1.23b/objects/inventory.pcapng,f667bfc1cb87afec3c5c5f56b031254101aff012577f6f35c7cbf133815b6878,27908,included,included
pcap-1.23b,sources/pcap-1.23b/objects/invite_join_party.pcapng,34c946c3f93744d2bbd841e75f983ef12b9bbcb59afcba31414d6d3f41e7de58,88372,included,included
pcap-1.23b,sources/pcap-1.23b/objects/local_leve_complete.pcapng,4f0793f354140478725bf2c30642a3458a854460f47fb11a7af635c8881d95cd,358296,included,included
pcap-1.23b,sources/pcap-1.23b/objects/login.pcapng,28e06b54fe559870031f077f8549b9244caafa7e5177dbca08a7feae6c2b1b62,856236,excluded-login,included
pcap-1.23b,sources/pcap-1.23b/objects/mount_unmount_chocobo.pcapng,e77c06799f07029feb054792eac30baa431da15a61937b1a39bcd025e4db4072,21240,included,included
pcap-1.23b,sources/pcap-1.23b/objects/move_around_gridania.pcapng,bea7ae86444fa3ef9acc08f148f60dff1e5992188ee85136dec50c64e09236d0,220128,included,included
pcap-1.23b,sources/pcap-1.23b/objects/move_out_of_room.pcapng,a7a03a1d688f3feb264f8da9fae3519c55b7e267aa3802472f0221f4d729b37b,83412,included,included
pcap-1.23b,sources/pcap-1.23b/objects/moving_around_gridania.pcapng,bf6abf7ccc7a16e071846036477c1fadbc3b46385ef6e747b543d836f3f51017,855000,included,included
pcap-1.23b,sources/pcap-1.23b/objects/open_gear_menu.pcapng,6b7dee09f59d03d9706ca1c81586dce667cd4d806ee2a2b72d89432d617afc2e,25940,included,included
pcap-1.23b,sources/pcap-1.23b/objects/party_battle_leve.pcapng,6327e5e1f5cbd51a9baaa9bcbacf53ca51c50a98fe4b66ae3e6bdecd9198089f,1429864,included,included
pcap-1.23b,sources/pcap-1.23b/objects/quest_journal.pcapng,e1f983e9009a9ebe8b8231647229bee1672a1ac85d95a830113280f534531edc,32264,included,included
pcap-1.23b,sources/pcap-1.23b/objects/quest_update.pcapng,e31aa9738dd523b7703eefa6d38527135f16d8b5ff2fc314fd7e5b808d7e4787,66756,included,included
pcap-1.23b,sources/pcap-1.23b/objects/repair_items.pcapng,bbd829cbd3f42b2cbfb3aa8a74a1cc35d4e2c16c99e5a4a20ca76573f02dd90f,63400,included,included
pcap-1.23b,sources/pcap-1.23b/objects/return_to_inn.pcapng,9a81e483d3dd2673081afef06ed521c190c4d42be16e95e24097f25ff81f58c1,44012,included,included
pcap-1.23b,sources/pcap-1.23b/objects/sell_item.pcapng,1cd808fff6501c53e4c113f1fdef090e50dfe0fd7fe86ceaa552b3a53c1b5aac,57580,included,included
pcap-1.23b,sources/pcap-1.23b/objects/small_talk_louisoix.pcapng,58b620d90370ba69202e63f7f70edb79004ccbb8068e11e2e112a825d84dcafe,18444,included,included
pcap-1.23b,sources/pcap-1.23b/objects/switch_to_weaver.pcapng,b41b25bc51be1a64f41861142dc992c14493c65bcd920cadca013243480b777e,33364,included,included
pcap-1.23b,sources/pcap-1.23b/objects/teleport_to_camp_nine_ivies.pcapng,fac2b485608247d299a406a7065e19918789118e7e544ca85cec4d772da0e3ab,80004,included,included
pcap-1.23b,sources/pcap-1.23b/objects/teleport_to_camp_tranquil.pcapng,488318351cdedb2e2b650dc68c55014b160fbbc26753c200922402c1ba6c4dd7,67920,included,included
pcap-1.23b,sources/pcap-1.23b/objects/teleport_to_gridania.pcapng,779141dc79a4bcf4bfc2e265f8b9510607d5a6b6e78d32f8940e5a847e598fa0,67620,included,included
pcap-1.23b,sources/pcap-1.23b/objects/war_quest_update1.pcapng,ce64e429063cc7e49a2045e2f7b0e18b1991f5908368b791b93c72419841e890,42812,included,included
pcap-1.23b,sources/pcap-1.23b/objects/war_quest_update2.pcapng,bf43b5ee32c58e5dc6f8149b071bd9c5cd5cc0aaa55ea3528872308fd7be2429,206216,included,included
pcap-1.23b,sources/pcap-1.23b/objects/war_quest_update3.pcapng,52279e8cbc13d3f4751b5ee3cb9c91df1895ed5c41d30672629db3ec1c9efd05,103520,included,included
