path_companion,description,source_page
Midland Hyur Male,"A fine if somewhat conventional companion, possessing a strong sense of justice, an indefatigable spirit and...so on.",quests
Midland Hyur Female,"A gregarious though slightly egocentric young woman. If you can put up with her, she won't let you down.",quests
Elezen Male,"Being a man wholly focused on his mission, this highborn fellow can seem rather curt, if not downright rude.",quests
Elezen Female,"A studious sort with exemplary manners. Serious and trustworthy, as you'd expect, but possibly a little...stiff for some tastes. Still, if you loathe over-familiarity, she may be just the companion-sorry, colleague for you.",quests
Lalafell Male,"It is said that a hero lies within us all. In the case of this rather sheltered young Lalafell, one might assume that the hero in question does so under his bed, hoping his harpy of a mother won't think to look for him there. Will you be the one to coax him out?",quests
Lalafell Female,"Does your world want for a wealth of wordplay and wit? An abundance of alliteration, assonance aplenty and a soupcon of sibilance to seal the deal? Well, you were warned.",quests
Miqo'te Female,"A lady who knows what she likes, and likes a little bit of everything. Don't be fooled by her coquettish manner and all-too-apparent charms; in her breast beats the fiery heart of a warrior. Not to worry, though, she'll be gentle-assuming that's what you like.",quests
Roegadyn Male,"When the going gets tough, it's often nice to have a big, earnest, slightly credulous friend around-and they don't come much bigger than this straight-talking Roegadyn.",quests
Highland Hyur Male,"Women, wine, war and women. Just four-alright, three of the things which tickle the fancy of this brute of a man. He doesn't so much stand on ceremony as stamp on it until it stops moving.",quests
