capture,actorId,instanceName,baseClass,classPath,zoneTag,x,y,z,rotation,hadInstantiate,hadAddActor
combat_autoattack.pcapng,0x50e0eb97,slugLesserS_fst0Fld05_Gr@09A00,SlugLesserStandard,/Chara/Npc/Monster/Slug/SlugLesserStandard,fst0Fld05,894.006,0.980,1113.847,-1.1776,true,true
combat_autoattack.pcapng,0x50e0ebac,monkeyLesse_fst0Fld05_54@09A00,MonkeyLesserStandard,/Chara/Npc/Monster/Monkey/MonkeyLesserStandard,fst0Fld05,840.624,0.500,1155.199,-2.1976,true,true
from_gridania_to_blackshroud.pcapng,0x50e0ea2b,taskBoard_fst0Twn01_0P@09B00,TaskBoard,/Chara/Npc/Object/TaskBoard,fst0Twn01,75.730,5.500,-1201.370,0.0000,true,true
from_gridania_to_blackshroud.pcapng,0x50e0ea2c,pplStd_fst0Twn01_0k@09B00,PopulaceStandard,/Chara/Npc/Populace/PopulaceStandard,fst0Twn01,66.940,4.000,-1194.130,-2.3200,true,true
from_gridania_to_blackshroud.pcapng,0x50e0ea2e,pplStd_fst0Twn01_0E@09B00,PopulaceStandard,/Chara/Npc/Populace/PopulaceStandard,fst0Twn01,98.770,3.590,-1213.670,2.4700,true,true
from_gridania_to_blackshroud.pcapng,0x50e0ea2f,pplStd_fst0Twn01_0y@09B00,PopulaceStandard,/Chara/Npc/Populace/PopulaceStandard,fst0Twn01,53.550,-7.000,-1216.540,1.6100,true,true
from_gridania_to_blackshroud.pcapng,0x50e0ea33,pplStd_fst0Twn01_0z@09B00,PopulaceStandard,/Chara/Npc/Populace/PopulaceStandard,fst0Twn01,53.820,-7.000,-1213.100,1.5700,true,true
from_gridania_to_blackshroud.pcapng,0x50e0ea34,pplStd_fst0Twn01_0t@09B00,PopulaceStandard,/Chara/Npc/Populace/PopulaceStandard,fst0Twn01,162.790,-1.480,-1153.320,1.9400,true,true
from_gridania_to_blackshroud.pcapng,0x50e0ea35,pplStd_fst0Twn01_0o@09B00,PopulaceStandard,/Chara/Npc/Populace/PopulaceStandard,fst0Twn01,175.380,-1.210,-1156.510,0.0000,true,true
from_gridania_to_blackshroud.pcapng,0x50e0ea38,pplStd_fst0Twn01_0v@09B00,PopulaceStandard,/Chara/Npc/Populace/PopulaceStandard,fst0Twn01,58.080,3.800,-1183.330,2.9300,true,true
from_gridania_to_blackshroud.pcapng,0x50e0ea39,pplStd_fst0Twn01_0p@09B00,PopulaceStandard,/Chara/Npc/Populace/PopulaceStandard,fst0Twn01,179.560,2.750,-1144.660,-2.9700,true,true
from_gridania_to_blackshroud.pcapng,0x50e0ea3a,pplStd_fst0Twn01_0v@09B00,PopulaceStandard,/Chara/Npc/Populace/PopulaceStandard,fst0Twn01,192.070,-0.850,-1159.970,0.7800,true,true
from_gridania_to_blackshroud.pcapng,0x50e0ea3c,pplStd_fst0Twn01_0w@09B00,PopulaceStandard,/Chara/Npc/Populace/PopulaceStandard,fst0Twn01,63.630,4.000,-1216.160,1.0700,true,true
from_gridania_to_blackshroud.pcapng,0x50e0ea6e,chocoboStop_fst0Twn01_0J@09B00,ChocoboStop,/Chara/Npc/Object/ChocoboStop,fst0Twn01,318.720,4.040,-992.740,2.7300,true,true
from_gridania_to_blackshroud.pcapng,0x50e0ea81,chocoboStop_fst0Fld01_0h@09600,ChocoboStop,/Chara/Npc/Object/ChocoboStop,fst0Fld01,314.363,5.674,-978.668,0.0148,true,true
gather_wood.pcapng,0x50e101d0,hareStd_fst0Fld01_MC@09600,HareStandard,/Chara/Npc/Monster/Lemming/HareStandard,fst0Fld01,321.696,5.276,-507.510,1.0742,true,true
gather_wood.pcapng,0x50e101d3,hareStd_fst0Fld01_sU@09600,HareStandard,/Chara/Npc/Monster/Lemming/HareStandard,fst0Fld01,406.105,5.565,-393.051,2.3401,true,true
gridania_to_coerthas.pcapng,0x50e0f2cf,pplStd_fst0Twn01_0v@09B00,PopulaceStandard,/Chara/Npc/Populace/PopulaceStandard,fst0Twn01,58.080,3.800,-1183.330,2.9300,true,true
gridania_to_coerthas.pcapng,0x50e0f2d1,pplStd_fst0Twn01_0b@09B00,PopulaceStandard,/Chara/Npc/Populace/PopulaceStandard,fst0Twn01,179.560,2.750,-1144.660,-2.9700,true,true
gridania_to_coerthas.pcapng,0x50e0f301,chocoboStop_fst0Twn01_0J@09B00,ChocoboStop,/Chara/Npc/Object/ChocoboStop,fst0Twn01,318.720,4.040,-992.740,2.7300,true,true
gridania_to_coerthas.pcapng,0x50e0f313,chocoboStop_fst0Fld01_0h@09600,ChocoboStop,/Chara/Npc/Object/ChocoboStop,fst0Fld01,316.305,4.783,-983.190,-0.2220,true,true
gridania_to_coerthas.pcapng,0x50e0f32b,pplStd_fst0Fld01_0m@09600,PopulaceStandard,/Chara/Npc/Populace/PopulaceStandard,fst0Fld01,394.230,4.970,-782.400,0.0000,true,true
gridania_to_coerthas.pcapng,0x50e0f331,funguarLess_fst0Fld01_PU@09600,FunguarLesserStandard,/Chara/Npc/Monster/Funguar/FunguarLesserStandard,fst0Fld01,369.132,5.610,-720.556,1.8378,true,true
gridania_to_coerthas.pcapng,0x50e0f334,funguarLess_fst0Fld01_N0@09600,FunguarLesserStandard,/Chara/Npc/Monster/Funguar/FunguarLesserStandard,fst0Fld01,369.529,5.605,-692.194,-1.7105,true,true
gridania_to_coerthas.pcapng,0x50e0f335,funguarLess_fst0Fld01_PS@09600,FunguarLesserStandard,/Chara/Npc/Monster/Funguar/FunguarLesserStandard,fst0Fld01,350.230,4.280,-696.280,0.0000,true,true
gridania_to_coerthas.pcapng,0x50e0f338,miningPoint_fst0Fld01_0I@09600,MiningPoint,/Chara/Npc/Object/MiningPoint,fst0Fld01,336.650,5.590,-679.850,0.0000,true,true
gridania_to_coerthas.pcapng,0x50e0f33b,pplStd_fst0Fld01_0q@09600,PopulaceStandard,/Chara/Npc/Populace/PopulaceStandard,fst0Fld01,328.620,4.340,-646.330,2.0500,true,true
gridania_to_coerthas.pcapng,0x50e0f33c,hareStd_fst0Fld01_Kz@09600,HareStandard,/Chara/Npc/Monster/Lemming/HareStandard,fst0Fld01,273.949,7.766,-706.239,0.6192,true,true
gridania_to_coerthas.pcapng,0x50e0f33d,hareStd_fst0Fld01_KE@09600,HareStandard,/Chara/Npc/Monster/Lemming/HareStandard,fst0Fld01,265.336,7.830,-687.287,-0.2105,true,true
gridania_to_coerthas.pcapng,0x50e0f341,hareStd_fst0Fld01_kg@09600,HareStandard,/Chara/Npc/Monster/Lemming/HareStandard,fst0Fld01,239.894,5.654,-699.997,-1.8597,true,true
gridania_to_coerthas.pcapng,0x50e0f342,hareStd_fst0Fld01_Km@09600,HareStandard,/Chara/Npc/Monster/Lemming/HareStandard,fst0Fld01,227.247,4.850,-700.015,-1.7695,true,true
gridania_to_coerthas.pcapng,0x50e0f343,hareStd_fst0Fld01_3s@09600,HareStandard,/Chara/Npc/Monster/Lemming/HareStandard,fst0Fld01,214.062,4.609,-710.695,-2.1675,true,true
gridania_to_coerthas.pcapng,0x50e0f345,hareStd_fst0Fld01_Kx@09600,HareStandard,/Chara/Npc/Monster/Lemming/HareStandard,fst0Fld01,196.247,4.506,-707.791,-1.4275,true,true
gridania_to_coerthas.pcapng,0x50e0f348,hareStd_fst0Fld01_z9@09600,HareStandard,/Chara/Npc/Monster/Lemming/HareStandard,fst0Fld01,169.002,4.452,-695.091,0.6786,true,true
gridania_to_coerthas.pcapng,0x50e0f349,hareStd_fst0Fld01_1V@09600,HareStandard,/Chara/Npc/Monster/Lemming/HareStandard,fst0Fld01,164.368,4.723,-701.102,-2.1499,true,true
gridania_to_coerthas.pcapng,0x50e0f34b,hareStd_fst0Fld01_kf@09600,HareStandard,/Chara/Npc/Monster/Lemming/HareStandard,fst0Fld01,140.984,7.732,-708.613,-1.4464,true,true
gridania_to_coerthas.pcapng,0x50e0f34c,hareStd_fst0Fld01_2j@09600,HareStandard,/Chara/Npc/Monster/Lemming/HareStandard,fst0Fld01,129.800,10.517,-712.264,2.4677,true,true
gridania_to_coerthas.pcapng,0x50e0f355,chigoeLesse_fst0Fld01_MT@09600,ChigoeLesserStandard,/Chara/Npc/Monster/Chigoe/ChigoeLesserStandard,fst0Fld01,68.500,23.500,-739.740,0.0000,true,true
gridania_to_coerthas.pcapng,0x50e0f356,pplStd_fst0Fld01_0a@09600,PopulaceStandard,/Chara/Npc/Populace/PopulaceStandard,fst0Fld01,55.130,21.300,-708.950,2.0000,true,true
gridania_to_coerthas.pcapng,0x50e0f359,chigoeLesse_fst0Fld01_Ia@09600,ChigoeLesserStandard,/Chara/Npc/Monster/Chigoe/ChigoeLesserStandard,fst0Fld01,36.068,21.047,-741.482,-1.0908,true,true
gridania_to_coerthas.pcapng,0x50e0f35b,miningPoint_fst0Fld01_0V@09600,MiningPoint,/Chara/Npc/Object/MiningPoint,fst0Fld01,17.880,21.370,-709.740,0.0000,true,true
gridania_to_coerthas.pcapng,0x50e0f35c,funguarLess_fst0Fld01_2w@09600,FunguarLesserStandard,/Chara/Npc/Monster/Funguar/FunguarLesserStandard,fst0Fld01,39.781,22.055,-762.614,2.9081,true,true
gridania_to_coerthas.pcapng,0x50e0f35d,chigoeLesse_fst0Fld01_I4@09600,ChigoeLesserStandard,/Chara/Npc/Monster/Chigoe/ChigoeLesserStandard,fst0Fld01,36.508,22.055,-764.378,-2.9298,true,true
gridania_to_coerthas.pcapng,0x50e0f36c,hareStd_fst0Fld01_KC@09600,HareStandard,/Chara/Npc/Monster/Lemming/HareStandard,fst0Fld01,-97.047,4.561,-769.431,-2.6598,true,true
gridania_to_coerthas.pcapng,0x50e0f36e,miningPoint_fst0Fld01_0Q@09600,MiningPoint,/Chara/Npc/Object/MiningPoint,fst0Fld01,-121.900,0.470,-776.350,0.0000,true,true
gridania_to_coerthas.pcapng,0x50e0f36f,hareStd_fst0Fld01_2a@09600,HareStandard,/Chara/Npc/Monster/Lemming/HareStandard,fst0Fld01,-131.697,0.256,-764.712,-0.6278,true,true
gridania_to_coerthas.pcapng,0x50e0f370,miningPoint_fst0Fld01_0Z@09600,MiningPoint,/Chara/Npc/Object/MiningPoint,fst0Fld01,-133.150,-0.730,-787.970,0.0000,true,true
gridania_to_coerthas.pcapng,0x50e0f37a,funguarLess_fst0Fld01_MS@09600,FunguarLesserStandard,/Chara/Npc/Monster/Funguar/FunguarLesserStandard,fst0Fld01,-208.729,5.369,-806.736,-1.7175,true,true
gridania_to_coerthas.pcapng,0x50e0f37b,funguarLess_fst0Fld01_Jd@09600,FunguarLesserStandard,/Chara/Npc/Monster/Funguar/FunguarLesserStandard,fst0Fld01,-201.457,5.344,-824.823,2.3546,true,true
gridania_to_coerthas.pcapng,0x50e0f37c,moleMoleStd_fst0Fld01_oR@09600,MoleMoleStandard,/Chara/Npc/Monster/Mole/MoleMoleStandard,fst0Fld01,-240.534,-8.122,-772.359,2.6789,true,true
gridania_to_coerthas.pcapng,0x50e0f37d,funguarLess_fst0Fld01_ls@09600,FunguarLesserStandard,/Chara/Npc/Monster/Funguar/FunguarLesserStandard,fst0Fld01,-248.287,-8.085,-760.019,-1.1424,true,true
gridania_to_coerthas.pcapng,0x50e0f37e,petitghostL_fst0Fld01_oS@09600,PetitghostLesserStandard,/Chara/Npc/Monster/Petitghost/PetitghostLesserStandard,fst0Fld01,-256.258,-7.733,-765.837,-3.1038,true,true
gridania_to_coerthas.pcapng,0x50e0f384,hareStd_fst0Fld01_NI@09600,HareStandard,/Chara/Npc/Monster/Lemming/HareStandard,fst0Fld01,-273.762,5.484,-835.048,1.9231,true,true
gridania_to_coerthas.pcapng,0x50e0f38c,petitghostL_fst0Fld01_1v@09600,PetitghostLesserStandard,/Chara/Npc/Monster/Petitghost/PetitghostLesserStandard,fst0Fld01,-252.204,0.679,-918.597,0.2941,true,true
gridania_to_coerthas.pcapng,0x50e0f38e,chigoeLesse_fst0Fld01_Bl@09600,ChigoeLesserStandard,/Chara/Npc/Monster/Chigoe/ChigoeLesserStandard,fst0Fld01,-323.714,4.620,-772.130,0.6193,true,true
gridania_to_coerthas.pcapng,0x50e0f38f,chigoeLesse_fst0Fld01_Bm@09600,ChigoeLesserStandard,/Chara/Npc/Monster/Chigoe/ChigoeLesserStandard,fst0Fld01,-364.446,5.548,-852.747,1.6603,true,true
gridania_to_coerthas.pcapng,0x50e0f390,chigoeLesse_fst0Fld01_Bk@09600,ChigoeLesserStandard,/Chara/Npc/Monster/Chigoe/ChigoeLesserStandard,fst0Fld01,-375.102,8.183,-835.213,-1.0072,true,true
gridania_to_coerthas.pcapng,0x50e0f391,monkeyLesse_fst0Fld01_pb@09600,MonkeyLesserStandard,/Chara/Npc/Monster/Monkey/MonkeyLesserStandard,fst0Fld01,-375.977,5.943,-863.000,2.1204,true,true
gridania_to_coerthas.pcapng,0x50e0f397,hareStd_fst0Fld01_kP@09600,HareStandard,/Chara/Npc/Monster/Lemming/HareStandard,fst0Fld01,-427.299,2.924,-899.337,-1.9924,true,true
gridania_to_coerthas.pcapng,0x50e0f3a4,hareStd_fst0Fld01_os@09600,HareStandard,/Chara/Npc/Monster/Lemming/HareStandard,fst0Fld01,-512.445,8.035,-904.167,-2.0628,true,true
gridania_to_coerthas.pcapng,0x50e0f3a5,funguarLess_fst0Fld01_tC@09600,FunguarLesserStandard,/Chara/Npc/Monster/Funguar/FunguarLesserStandard,fst0Fld01,-513.026,6.488,-931.465,0.3486,true,true
gridania_to_coerthas.pcapng,0x50e0f3a7,funguarLess_fst0Fld01_Bz@09600,FunguarLesserStandard,/Chara/Npc/Monster/Funguar/FunguarLesserStandard,fst0Fld01,-524.371,5.668,-938.580,2.6070,true,true
gridania_to_coerthas.pcapng,0x50e0f3a8,funguarLess_fst0Fld01_BJ@09600,FunguarLesserStandard,/Chara/Npc/Monster/Funguar/FunguarLesserStandard,fst0Fld01,-518.357,8.206,-953.860,0.3997,true,true
gridania_to_coerthas.pcapng,0x50e0f3a9,funguarLess_fst0Fld01_BH@09600,FunguarLesserStandard,/Chara/Npc/Monster/Funguar/FunguarLesserStandard,fst0Fld01,-562.240,5.953,-903.310,-1.1357,true,true
gridania_to_coerthas.pcapng,0x50e0f3aa,funguarLess_fst0Fld01_BF@09600,FunguarLesserStandard,/Chara/Npc/Monster/Funguar/FunguarLesserStandard,fst0Fld01,-538.787,5.871,-954.007,2.2038,true,true
gridania_to_coerthas.pcapng,0x50e0f3ab,funguarLess_fst0Fld01_BD@09600,FunguarLesserStandard,/Chara/Npc/Monster/Funguar/FunguarLesserStandard,fst0Fld01,-547.722,6.341,-957.498,-3.1028,true,true
gridania_to_coerthas.pcapng,0x50e0f3c2,pplStd_fst0Fld01_0o@09600,PopulaceStandard,/Chara/Npc/Populace/PopulaceStandard,fst0Fld01,-642.010,20.070,-1060.050,-1.8800,true,true
gridania_to_coerthas.pcapng,0x50e0f3c5,pplStd_fst0Fld01_0g@09600,PopulaceStandard,/Chara/Npc/Populace/PopulaceStandard,fst0Fld01,-639.870,22.970,-1086.220,-2.6200,true,true
gridania_to_coerthas.pcapng,0x50e0f3c9,funguarLess_fst0Fld01_NH@09600,FunguarLesserStandard,/Chara/Npc/Monster/Funguar/FunguarLesserStandard,fst0Fld01,-711.732,23.630,-1084.857,1.5596,true,true
gridania_to_coerthas.pcapng,0x50e0f3ca,funguarLess_fst0Fld01_rR@09600,FunguarLesserStandard,/Chara/Npc/Monster/Funguar/FunguarLesserStandard,fst0Fld01,-703.961,26.143,-1099.029,-1.4854,true,true
gridania_to_coerthas.pcapng,0x50e0f3cc,funguarLess_fst0Fld01_23@09600,FunguarLesserStandard,/Chara/Npc/Monster/Funguar/FunguarLesserStandard,fst0Fld01,-691.415,21.925,-1125.857,2.5121,true,true
gridania_to_coerthas.pcapng,0x50e0f3ce,funguarLess_fst0Fld01_NG@09600,FunguarLesserStandard,/Chara/Npc/Monster/Funguar/FunguarLesserStandard,fst0Fld01,-716.421,23.553,-1083.303,1.4974,true,true
gridania_to_coerthas.pcapng,0x50e0f3cf,pplStd_fst0Fld01_0k@09600,PopulaceStandard,/Chara/Npc/Populace/PopulaceStandard,fst0Fld01,-652.754,20.550,-1163.901,-1.2789,true,true
gridania_to_coerthas.pcapng,0x50e0f3d1,monkeyLesse_fst0Fld01_1x@09600,MonkeyLesserStandard,/Chara/Npc/Monster/Monkey/MonkeyLesserStandard,fst0Fld01,-703.938,20.792,-1165.339,1.7403,true,true
gridania_to_coerthas.pcapng,0x50e0f3d3,hareStd_fst0Fld01_NF@09600,HareStandard,/Chara/Npc/Monster/Lemming/HareStandard,fst0Fld01,-691.021,21.438,-1190.277,0.1933,true,true
gridania_to_coerthas.pcapng,0x50e0f3de,hareStd_fst0Fld01_NE@09600,HareStandard,/Chara/Npc/Monster/Lemming/HareStandard,fst0Fld01,-730.098,20.886,-1281.618,-0.7170,true,true
gridania_to_coerthas.pcapng,0x50e0f3ec,funguarLess_fst0Fld01_1E@09600,FunguarLesserStandard,/Chara/Npc/Monster/Funguar/FunguarLesserStandard,fst0Fld01,-794.407,21.762,-1333.940,0.0856,true,true
gridania_to_coerthas.pcapng,0x50e0f3ed,funguarLess_fst0Fld01_12@09600,FunguarLesserStandard,/Chara/Npc/Monster/Funguar/FunguarLesserStandard,fst0Fld01,-822.409,24.183,-1286.213,1.7120,true,true
gridania_to_coerthas.pcapng,0x50e0f410,_areaMaster@09800,ZoneMasterFstF0,,,-889.742,21.654,-1459.374,2.7832,true,true
gridania_to_coerthas.pcapng,0x50e0f423,hareStd_fst0Fld03_qJ@09800,HareStandard,/Chara/Npc/Monster/Lemming/HareStandard,fst0Fld03,-996.280,21.040,-1599.628,2.3102,true,true
gridania_to_coerthas.pcapng,0x50e0f427,monkeyLesse_fst0Fld03_30@09800,MonkeyLesserStandard,/Chara/Npc/Monster/Monkey/MonkeyLesserStandard,fst0Fld03,-1026.340,22.525,-1618.152,-0.3891,true,true
gridania_to_coerthas.pcapng,0x50e0f428,monkeyLesse_fst0Fld03_CN@09800,MonkeyLesserStandard,/Chara/Npc/Monster/Monkey/MonkeyLesserStandard,fst0Fld03,-1033.945,21.375,-1611.212,1.6456,true,true
gridania_to_coerthas.pcapng,0x50e0f42b,monkeyLesse_fst0Fld03_2j@09800,MonkeyLesserStandard,/Chara/Npc/Monster/Monkey/MonkeyLesserStandard,fst0Fld03,-1038.237,21.773,-1649.491,-2.4322,true,true
gridania_to_coerthas.pcapng,0x50e0f42c,hareStd_fst0Fld03_hZ@09800,HareStandard,/Chara/Npc/Monster/Lemming/HareStandard,fst0Fld03,-1058.905,21.014,-1625.560,-0.6516,true,true
gridania_to_coerthas.pcapng,0x50e0f42d,monkeyLesse_fst0Fld03_hY@09800,MonkeyLesserStandard,/Chara/Npc/Monster/Monkey/MonkeyLesserStandard,fst0Fld03,-1044.150,22.480,-1661.370,0.0000,true,true
gridania_to_coerthas.pcapng,0x50e0f42e,monkeyLesse_fst0Fld03_CP@09800,MonkeyLesserStandard,/Chara/Npc/Monster/Monkey/MonkeyLesserStandard,fst0Fld03,-1083.541,22.730,-1618.056,-2.0644,true,true
gridania_to_coerthas.pcapng,0x50e0f42f,monkeyLesse_fst0Fld03_2O@09800,MonkeyLesserStandard,/Chara/Npc/Monster/Monkey/MonkeyLesserStandard,fst0Fld03,-1072.177,22.985,-1649.260,-2.6741,true,true
gridania_to_coerthas.pcapng,0x50e0f436,moleMoleStd_fst0Fld03_3q@09800,MoleMoleStandard,/Chara/Npc/Monster/Mole/MoleMoleStandard,fst0Fld03,-1131.360,7.850,-1665.100,0.0000,true,true
gridania_to_coerthas.pcapng,0x50e0f437,batNormalSt_fst0Fld03_3k@09800,BatNormalStandard,/Chara/Npc/Monster/Bat/BatNormalStandard,fst0Fld03,-1144.663,7.691,-1659.792,-2.3053,true,true
gridania_to_coerthas.pcapng,0x50e0f438,batNormalSt_fst0Fld03_3h@09800,BatNormalStandard,/Chara/Npc/Monster/Bat/BatNormalStandard,fst0Fld03,-1152.422,8.510,-1662.648,3.0150,true,true
gridania_to_coerthas.pcapng,0x50e0f439,miningPoint_fst0Fld03_0G@09800,MiningPoint,/Chara/Npc/Object/MiningPoint,fst0Fld03,-1147.090,16.310,-1705.400,0.0000,true,true
gridania_to_coerthas.pcapng,0x50e0f43a,miningPoint_fst0Fld03_0t@09800,MiningPoint,/Chara/Npc/Object/MiningPoint,fst0Fld03,-1143.590,17.920,-1719.970,0.0000,true,true
gridania_to_coerthas.pcapng,0x50e0f43b,hareStd_fst0Fld03_wB@09800,HareStandard,/Chara/Npc/Monster/Lemming/HareStandard,fst0Fld03,-1133.902,18.987,-1734.639,2.0299,true,true
gridania_to_coerthas.pcapng,0x50e0f43d,pplStd_fst0Fld03_04@09800,PopulaceStandard,/Chara/Npc/Populace/PopulaceStandard,fst0Fld03,-1047.550,20.600,-1744.680,-0.3800,true,true
gridania_to_coerthas.pcapng,0x50e0f43e,miningPoint_fst0Fld03_0O@09800,MiningPoint,/Chara/Npc/Object/MiningPoint,fst0Fld03,-1052.000,20.000,-1760.000,0.0000,true,true
gridania_to_coerthas.pcapng,0x50e0f43f,pplCampMast_fst0Fld03_03@09800,PopulaceCampMaster,/Chara/Npc/Populace/PopulaceCampMaster,fst0Fld03,-1046.800,20.390,-1768.750,-0.7800,true,true
gridania_to_coerthas.pcapng,0x50e0f444,batNormalSt_fst0Fld03_3h@09800,BatNormalStandard,/Chara/Npc/Monster/Bat/BatNormalStandard,fst0Fld03,-1144.663,7.691,-1659.792,-2.3053,true,true
gridania_to_coerthas.pcapng,0x50e0f445,moleMoleStd_fst0Fld03_3q@09800,MoleMoleStandard,/Chara/Npc/Monster/Mole/MoleMoleStandard,fst0Fld03,-1204.196,20.513,-1716.752,-0.2551,true,true
gridania_to_coerthas.pcapng,0x50e0f447,monkeyLesse_fst0Fld03_Q2@09800,MonkeyLesserStandard,/Chara/Npc/Monster/Monkey/MonkeyLesserStandard,fst0Fld03,-1216.760,20.969,-1691.093,2.1586,true,true
gridania_to_coerthas.pcapng,0x50e0f449,monkeyLesse_fst0Fld03_1a@09800,MonkeyLesserStandard,/Chara/Npc/Monster/Monkey/MonkeyLesserStandard,fst0Fld03,-1213.207,20.323,-1666.596,1.9641,true,true
gridania_to_coerthas.pcapng,0x50e0f44a,hareStd_fst0Fld03_uv@09800,HareStandard,/Chara/Npc/Monster/Lemming/HareStandard,fst0Fld03,-1200.269,33.233,-1796.272,1.9341,true,true
gridania_to_coerthas.pcapng,0x50e0f44b,monkeyLesse_fst0Fld03_Q7@09800,MonkeyLesserStandard,/Chara/Npc/Monster/Monkey/MonkeyLesserStandard,fst0Fld03,-1230.295,21.855,-1666.985,-2.4396,true,true
gridania_to_coerthas.pcapng,0x50e0f44c,hareStd_fst0Fld03_1T@09800,HareStandard,/Chara/Npc/Monster/Lemming/HareStandard,fst0Fld03,-1268.049,20.438,-1737.773,-2.2089,true,true
gridania_to_coerthas.pcapng,0x50e0f44d,hareStd_fst0Fld03_uw@09800,HareStandard,/Chara/Npc/Monster/Lemming/HareStandard,fst0Fld03,-1206.465,32.294,-1802.370,2.6587,true,true
gridania_to_coerthas.pcapng,0x50e0f44e,funguarLess_fst0Fld03_vb@09800,FunguarLesserStandard,/Chara/Npc/Monster/Funguar/FunguarLesserStandard,fst0Fld03,-1281.431,33.003,-1692.868,-3.1398,true,true
gridania_to_coerthas.pcapng,0x50e0f451,funguarLess_fst0Fld03_v8@09800,FunguarLesserStandard,/Chara/Npc/Monster/Funguar/FunguarLesserStandard,fst0Fld03,-1278.311,33.148,-1673.873,2.7623,true,true
gridania_to_coerthas.pcapng,0x50e0f452,funguarLess_fst0Fld03_vc@09800,FunguarLesserStandard,/Chara/Npc/Monster/Funguar/FunguarLesserStandard,fst0Fld03,-1278.648,33.148,-1671.249,0.2112,true,true
gridania_to_coerthas.pcapng,0x50e0f453,funguarLess_fst0Fld03_vd@09800,FunguarLesserStandard,/Chara/Npc/Monster/Funguar/FunguarLesserStandard,fst0Fld03,-1297.329,32.405,-1671.062,-0.7692,true,true
gridania_to_coerthas.pcapng,0x50e0f455,miningPoint_fst0Fld03_0u@09800,MiningPoint,/Chara/Npc/Object/MiningPoint,fst0Fld03,-1307.110,33.500,-1800.260,0.0000,true,true
gridania_to_coerthas.pcapng,0x50e0f45a,miningPoint_fst0Fld03_0u@09800,MiningPoint,/Chara/Npc/Object/MiningPoint,fst0Fld03,-1307.110,33.500,-1800.260,0.0000,true,true
gridania_to_coerthas.pcapng,0x50e0f45b,hareStd_fst0Fld03_1C@09800,HareStandard,/Chara/Npc/Monster/Lemming/HareStandard,fst0Fld03,-1389.238,21.550,-1723.651,2.4190,true,true
gridania_to_coerthas.pcapng,0x50e0f45c,hareStd_fst0Fld03_uy@09800,HareStandard,/Chara/Npc/Monster/Lemming/HareStandard,fst0Fld03,-1397.374,7.582,-1740.961,1.6673,true,true
gridania_to_coerthas.pcapng,0x50e0f45d,batNormalSt_fst0Fld03_3u@09800,BatNormalStandard,/Chara/Npc/Monster/Bat/BatNormalStandard,fst0Fld03,-1402.591,8.087,-1726.130,0.2513,true,true
gridania_to_coerthas.pcapng,0x50e0f45e,monkeyLesse_fst0Fld03_1v@09800,MonkeyLesserStandard,/Chara/Npc/Monster/Monkey/MonkeyLesserStandard,fst0Fld03,-1415.770,21.379,-1738.245,-0.5402,true,true
gridania_to_coerthas.pcapng,0x50e0f45f,hareStd_fst0Fld03_uA@09800,HareStandard,/Chara/Npc/Monster/Lemming/HareStandard,fst0Fld03,-1418.853,21.896,-1766.134,-1.3478,true,true
gridania_to_coerthas.pcapng,0x50e0f460,monkeyLesse_fst0Fld03_2K@09800,MonkeyLesserStandard,/Chara/Npc/Monster/Monkey/MonkeyLesserStandard,fst0Fld03,-1434.130,22.480,-1733.520,0.0000,true,true
gridania_to_coerthas.pcapng,0x50e0f461,monkeyLesse_fst0Fld03_2u@09800,MonkeyLesserStandard,/Chara/Npc/Monster/Monkey/MonkeyLesserStandard,fst0Fld03,-1437.235,21.023,-1765.955,1.4524,true,true
gridania_to_coerthas.pcapng,0x50e0f464,chigoeLesse_fst0Fld03_16@09800,ChigoeLesserStandard,/Chara/Npc/Monster/Chigoe/ChigoeLesserStandard,fst0Fld03,-1459.466,21.743,-1746.141,0.9647,true,true
gridania_to_coerthas.pcapng,0x50e0f465,miningPoint_fst0Fld03_0K@09800,MiningPoint,/Chara/Npc/Object/MiningPoint,fst0Fld03,-1440.576,22.102,-1785.275,-1.6703,true,true
gridania_to_coerthas.pcapng,0x50e0f466,monkeyLesse_fst0Fld03_2Q@09800,MonkeyLesserStandard,/Chara/Npc/Monster/Monkey/MonkeyLesserStandard,fst0Fld03,-1462.398,21.389,-1782.175,-3.0096,true,true
gridania_to_coerthas.pcapng,0x50e0f467,hareStd_fst0Fld03_XZ@09800,HareStandard,/Chara/Npc/Monster/Lemming/HareStandard,fst0Fld03,-1405.851,32.632,-1808.325,2.9163,true,true
gridania_to_coerthas.pcapng,0x50e0f468,hareStd_fst0Fld03_uB@09800,HareStandard,/Chara/Npc/Monster/Lemming/HareStandard,fst0Fld03,-1405.902,32.632,-1811.000,0.0482,true,true
gridania_to_coerthas.pcapng,0x50e0f46b,hareStd_fst0Fld03_1o@09800,HareStandard,/Chara/Npc/Monster/Lemming/HareStandard,fst0Fld03,-1512.923,19.429,-1791.881,-2.2111,true,true
gridania_to_coerthas.pcapng,0x50e0f46e,hareStd_fst0Fld03_O2@09800,HareStandard,/Chara/Npc/Monster/Lemming/HareStandard,fst0Fld03,-1520.590,33.233,-1729.384,2.0747,true,true
gridania_to_coerthas.pcapng,0x50e0f470,hareStd_fst0Fld03_Sd@09800,HareStandard,/Chara/Npc/Monster/Lemming/HareStandard,fst0Fld03,-1538.210,32.170,-1759.280,0.0000,true,true
gridania_to_coerthas.pcapng,0x50e0f472,monkeyLesse_fst0Fld03_2p@09800,MonkeyLesserStandard,/Chara/Npc/Monster/Monkey/MonkeyLesserStandard,fst0Fld03,-1528.166,32.076,-1852.704,2.5904,true,true
gridania_to_coerthas.pcapng,0x50e0f473,hareStd_fst0Fld03_12@09800,HareStandard,/Chara/Npc/Monster/Lemming/HareStandard,fst0Fld03,-1520.590,33.233,-1729.384,2.0747,true,true
gridania_to_coerthas.pcapng,0x50e0f477,monkeyLesse_fst0Fld03_2x@09800,MonkeyLesserStandard,/Chara/Npc/Monster/Monkey/MonkeyLesserStandard,fst0Fld03,-1553.417,21.761,-1869.705,-1.2435,true,true
gridania_to_coerthas.pcapng,0x50e0f479,monkeyLesse_fst0Fld03_1S@09800,MonkeyLesserStandard,/Chara/Npc/Monster/Monkey/MonkeyLesserStandard,fst0Fld03,-1553.313,21.239,-1881.984,2.4526,true,true
gridania_to_coerthas.pcapng,0x50e0f47a,pplStd_fst0Fld03_0c@09800,PopulaceStandard,/Chara/Npc/Populace/PopulaceStandard,fst0Fld03,-1590.053,21.373,-1863.274,-0.1077,true,true
gridania_to_coerthas.pcapng,0x50e0f482,monkeyLesse_fst0Fld03_2x@09800,MonkeyLesserStandard,/Chara/Npc/Monster/Monkey/MonkeyLesserStandard,fst0Fld03,-1558.654,21.830,-1865.416,-0.2560,true,true
gridania_to_coerthas.pcapng,0x50e0f483,monkeyLesse_fst0Fld03_2p@09800,MonkeyLesserStandard,/Chara/Npc/Monster/Monkey/MonkeyLesserStandard,fst0Fld03,-1553.417,21.761,-1869.705,-1.2435,true,true
gridania_to_coerthas.pcapng,0x50e0f484,monkeyLesse_fst0Fld03_2M@09800,MonkeyLesserStandard,/Chara/Npc/Monster/Monkey/MonkeyLesserStandard,fst0Fld03,-1599.699,22.552,-1894.561,-1.6644,true,true
gridania_to_coerthas.pcapng,0x50e0f486,hareStd_fst0Fld03_Wg@09800,HareStandard,/Chara/Npc/Monster/Lemming/HareStandard,fst0Fld03,-1581.072,21.756,-1906.418,1.8827,true,true
gridania_to_coerthas.pcapng,0x50e0f487,objRegionJu_fst0Fld03_0h@09800,ObjectRegionJump,/Chara/Npc/Object/ObjectRegionJump,fst0Fld03,-1551.971,21.600,-1901.522,1.7636,true,true
gridania_to_coerthas.pcapng,0x50e0f488,hareStd_fst0Fld03_Wg@09800,HareStandard,/Chara/Npc/Monster/Lemming/HareStandard,fst0Fld03,-1528.166,32.076,-1852.704,2.5904,true,true
gridania_to_coerthas.pcapng,0x50e0f48c,miningPoint_fst0Fld03_0w@09800,MiningPoint,/Chara/Npc/Object/MiningPoint,fst0Fld03,-1525.670,32.340,-1929.130,0.0000,true,true
gridania_to_coerthas.pcapng,0x50e0f48f,miningPoint_fst0Fld03_0C@09800,MiningPoint,/Chara/Npc/Object/MiningPoint,fst0Fld03,-1577.630,32.400,-1982.460,0.0000,true,true
gridania_to_coerthas.pcapng,0x50e0f499,@$serowFemale_roc0Fld03_2j@09100,SerowFemaleStandard,/Chara/Npc/Monster/Serow/SerowFemaleStandard,roc0Fld03,1836.945,148.000,1741.299,-2.3500,true,true
harvest.pcapng,0x50e10131,,,,,386.120,5.850,-423.330,0.0000,false,false
harvest.pcapng,0x50e10143,,,,,385.840,4.340,-434.020,0.0000,false,false
local_leve_complete.pcapng,0x50e0fd0f,hareStd_fst0Fld01_PJ@09600,HareStandard,/Chara/Npc/Monster/Lemming/HareStandard,fst0Fld01,346.312,5.017,-512.499,2.3490,true,true
local_leve_complete.pcapng,0x50e0fd76,hareStd_fst0Fld01_Mz@09600,HareStandard,/Chara/Npc/Monster/Lemming/HareStandard,fst0Fld01,338.164,5.469,-509.113,-1.2353,true,true
login.pcapng,0x50e0e838,pplStd_prv0Inn01_06@0F400,PopulaceStandard,/Chara/Npc/Populace/PopulaceStandard,prv0Inn01,157.550,0.000,165.050,-1.5300,true,true
move_around_gridania.pcapng,0x50e0ec97,marketEntr_fst0Twn01a_2B@0CE00,MarketEntrance,/Chara/Npc/Object/MarketEntrance,fst0Twn01a,-192.570,23.480,-1407.580,0.0000,true,true
move_around_gridania.pcapng,0x50e0ec98,pplStd_fst0Twn01a_1L@0CE00,PopulaceStandard,/Chara/Npc/Populace/PopulaceStandard,fst0Twn01a,-195.300,23.960,-1410.340,0.9800,true,true
move_around_gridania.pcapng,0x50e0ec9b,bgKeepout_fst0Twn01a_2G@0CE00,BgKeepout,/Chara/Npc/Object/BgKeepout,fst0Twn01a,-207.500,24.990,-1408.390,0.0000,true,true
move_around_gridania.pcapng,0x50e0ec9f,pplShopSal_fst0Twn01a_24@0CE00,PopulaceShopSalesman,/Chara/Npc/Populace/Shop/PopulaceShopSalesman,fst0Twn01a,-202.690,20.000,-1456.360,-2.6900,true,true
move_around_gridania.pcapng,0x50e0eca0,pplStd_fst0Twn01a_0T@0CE00,PopulaceStandard,/Chara/Npc/Populace/PopulaceStandard,fst0Twn01a,-206.500,20.500,-1454.970,-2.6400,true,true
move_around_gridania.pcapng,0x50e0eca2,doorStd_fst0Twn01a_31@0CE00,DoorStandard,/Chara/Npc/MapObj/DoorStandard,fst0Twn01a,-200.760,20.000,-1465.800,-1.1500,true,true
move_around_gridania.pcapng,0x50e0eca4,pplStd_fst0Twn01a_2r@0CE00,PopulaceStandard,/Chara/Npc/Populace/PopulaceStandard,fst0Twn01a,-202.910,18.090,-1477.510,-1.4200,true,true
move_around_gridania.pcapng,0x50e0eca5,pplStd_fst0Twn01a_1p@0CE00,PopulaceStandard,/Chara/Npc/Populace/PopulaceStandard,fst0Twn01a,-211.760,18.100,-1473.520,1.8600,true,true
move_around_gridania.pcapng,0x50e0eca6,objEventDo_fst0Twn01a_2y@0CE00,ObjectEventDoor,/Chara/Npc/Object/ObjectEventDoor,fst0Twn01a,-212.970,18.200,-1477.500,0.0000,true,true
move_around_gridania.pcapng,0x50e0eca8,pplStd_fst0Twn01a_26@0CE00,PopulaceStandard,/Chara/Npc/Populace/PopulaceStandard,fst0Twn01a,-200.330,18.250,-1484.970,-2.4900,true,true
move_around_gridania.pcapng,0x50e0ecad,pplStd_fst0Twn01a_1I@0CE00,PopulaceStandard,/Chara/Npc/Populace/PopulaceStandard,fst0Twn01a,-119.340,16.240,-1340.910,-0.1100,true,true
move_around_gridania.pcapng,0x50e0ecae,pplStd_fst0Twn01a_2D@0CE00,PopulaceStandard,/Chara/Npc/Populace/PopulaceStandard,fst0Twn01a,-110.960,16.960,-1342.490,-0.6600,true,true
move_around_gridania.pcapng,0x50e0ecaf,pplStd_fst0Twn01a_27@0CE00,PopulaceStandard,/Chara/Npc/Populace/PopulaceStandard,fst0Twn01a,-106.590,17.140,-1341.730,-2.6200,true,true
move_around_gridania.pcapng,0x50e0ecb0,pplStd_fst0Twn01a_1J@0CE00,PopulaceStandard,/Chara/Npc/Populace/PopulaceStandard,fst0Twn01a,-112.200,16.080,-1334.290,-1.6100,true,true
move_around_gridania.pcapng,0x50e0ecb1,aetheryteP_fst0Twn01a_2R@0CE00,AetheryteParent,/Chara/Npc/Object/Aetheryte/AetheryteParent,fst0Twn01a,-130.630,16.080,-1323.990,0.0000,true,true
move_around_gridania.pcapng,0x50e0ecb7,doorStd_fst0Twn01a_2W@0CE00,DoorStandard,/Chara/Npc/MapObj/DoorStandard,fst0Twn01a,-70.000,19.000,-1474.000,0.0000,true,true
move_around_gridania.pcapng,0x50e0ecb9,pplShopSal_fst0Twn01a_0g@0CE00,PopulaceShopSalesman,/Chara/Npc/Populace/Shop/PopulaceShopSalesman,fst0Twn01a,-61.500,19.000,-1479.400,-1.1000,true,true
move_around_gridania.pcapng,0x50e0ecba,pplStd_fst0Twn01a_29@0CE00,PopulaceStandard,/Chara/Npc/Populace/PopulaceStandard,fst0Twn01a,-82.660,19.060,-1500.240,-2.2700,true,true
move_around_gridania.pcapng,0x50e0ecd9,pplStd_fst0Twn01a_2I@0CE00,PopulaceStandard,/Chara/Npc/Populace/PopulaceStandard,fst0Twn01a,-63.560,18.130,-1565.320,0.0000,true,true
move_around_gridania.pcapng,0x50e0ecdb,pplStd_fst0Twn01a_2C@0CE00,PopulaceStandard,/Chara/Npc/Populace/PopulaceStandard,fst0Twn01a,-70.850,17.430,-1577.220,0.0000,true,true
move_around_gridania.pcapng,0x50e0ece2,pplStd_fst0Twn01a_1F@0CE00,PopulaceStandard,/Chara/Npc/Populace/PopulaceStandard,fst0Twn01a,2.690,22.130,-1566.290,0.0000,true,true
move_around_gridania.pcapng,0x50e0ece4,instanceRa_fst0Twn01a_25@0CE00,InstanceRaidGuide,/Chara/Npc/Populace/InstanceRaidGuide/InstanceRaidGuide,fst0Twn01a,16.620,22.240,-1560.960,-2.5300,true,true
move_around_gridania.pcapng,0x50e0ece6,pplStd_fst0Twn01a_0U@0CE00,PopulaceStandard,/Chara/Npc/Populace/PopulaceStandard,fst0Twn01a,-1.750,21.340,-1597.880,-0.0700,true,true
move_out_of_room.pcapng,0x50e0e9db,pplStd_fst0Twn01_0k@09B00,PopulaceStandard,/Chara/Npc/Populace/PopulaceStandard,fst0Twn01,58.920,4.000,-1219.070,0.5200,true,true
move_out_of_room.pcapng,0x50e0e9f1,pplStd_fst0Twn01_0D@09B00,PopulaceStandard,/Chara/Npc/Populace/PopulaceStandard,fst0Twn01,62.330,4.000,-1194.060,-2.5300,true,true
move_out_of_room.pcapng,0x50e0e9f2,pplStd_fst0Twn01_0o@09B00,PopulaceStandard,/Chara/Npc/Populace/PopulaceStandard,fst0Twn01,58.080,3.800,-1183.330,2.9300,true,true
move_out_of_room.pcapng,0x50e0e9f3,pplStd_fst0Twn01_0x@09B00,PopulaceStandard,/Chara/Npc/Populace/PopulaceStandard,fst0Twn01,54.040,-7.000,-1218.460,-0.5900,true,true
move_out_of_room.pcapng,0x50e0e9f4,pplStd_fst0Twn01_0s@09B00,PopulaceStandard,/Chara/Npc/Populace/PopulaceStandard,fst0Twn01,75.400,4.200,-1220.130,-1.4300,true,true
move_out_of_room.pcapng,0x50e0e9f5,pplStd_fst0Twn01_0c@09B00,PopulaceStandard,/Chara/Npc/Populace/PopulaceStandard,fst0Twn01,67.660,4.200,-1223.570,-0.5800,true,true
move_out_of_room.pcapng,0x50e0e9f8,pplStd_fst0Twn01_0x@09B00,PopulaceStandard,/Chara/Npc/Populace/PopulaceStandard,fst0Twn01,53.550,-7.000,-1216.540,1.6100,true,true
moving_around_gridania.pcapng,0x50e0f0cc,taskBoard_fst0Twn01_0P@09B00,TaskBoard,/Chara/Npc/Object/TaskBoard,fst0Twn01,75.730,5.500,-1201.370,0.0000,true,true
moving_around_gridania.pcapng,0x50e0f0cd,pplStd_fst0Twn01_0c@09B00,PopulaceStandard,/Chara/Npc/Populace/PopulaceStandard,fst0Twn01,75.400,4.200,-1220.130,-1.4300,true,true
moving_around_gridania.pcapng,0x50e0f0ce,pplStd_fst0Twn01_0o@09B00,PopulaceStandard,/Chara/Npc/Populace/PopulaceStandard,fst0Twn01,58.080,3.800,-1183.330,2.9300,true,true
moving_around_gridania.pcapng,0x50e0f0cf,pplStd_fst0Twn01_0y@09B00,PopulaceStandard,/Chara/Npc/Populace/PopulaceStandard,fst0Twn01,53.550,-7.000,-1216.540,1.6100,true,true
moving_around_gridania.pcapng,0x50e0f0d2,pplStd_fst0Twn01_0x@09B00,PopulaceStandard,/Chara/Npc/Populace/PopulaceStandard,fst0Twn01,38.890,-10.000,-1185.370,1.5400,true,true
moving_around_gridania.pcapng,0x50e0f0d3,pplStd_fst0Twn01_0v@09B00,PopulaceStandard,/Chara/Npc/Populace/PopulaceStandard,fst0Twn01,65.260,-6.750,-1217.680,0.5000,true,true
moving_around_gridania.pcapng,0x50e0f0d4,pplStd_fst0Twn01_0b@09B00,PopulaceStandard,/Chara/Npc/Populace/PopulaceStandard,fst0Twn01,65.150,4.200,-1219.570,2.4200,true,true
moving_around_gridania.pcapng,0x50e0f0d6,pplStd_fst0Twn01_0s@09B00,PopulaceStandard,/Chara/Npc/Populace/PopulaceStandard,fst0Twn01,75.400,4.200,-1220.130,-1.4300,true,true
moving_around_gridania.pcapng,0x50e0f0d9,pplStd_fst0Twn01_0c@09B00,PopulaceStandard,/Chara/Npc/Populace/PopulaceStandard,fst0Twn01,67.660,4.200,-1223.570,-0.5800,true,true
moving_around_gridania.pcapng,0x50e0f0da,pplStd_fst0Twn01_0y@09B00,PopulaceStandard,/Chara/Npc/Populace/PopulaceStandard,fst0Twn01,53.550,-7.000,-1216.540,1.6100,true,true
moving_around_gridania.pcapng,0x50e0f0db,pplStd_fst0Twn01_0x@09B00,PopulaceStandard,/Chara/Npc/Populace/PopulaceStandard,fst0Twn01,54.040,-7.000,-1218.460,-0.5900,true,true
moving_around_gridania.pcapng,0x50e0f0dd,pplStd_fst0Twn01_0D@09B00,PopulaceStandard,/Chara/Npc/Populace/PopulaceStandard,fst0Twn01,66.940,4.000,-1194.130,-2.3200,true,true
moving_around_gridania.pcapng,0x50e0f0de,pplStd_fst0Twn01_0k@09B00,PopulaceStandard,/Chara/Npc/Populace/PopulaceStandard,fst0Twn01,62.330,4.000,-1194.060,-2.5300,true,true
moving_around_gridania.pcapng,0x50e0f0e0,pplStd_fst0Twn01_0o@09B00,PopulaceStandard,/Chara/Npc/Populace/PopulaceStandard,fst0Twn01,58.080,3.800,-1183.330,2.9300,true,true
moving_around_gridania.pcapng,0x50e0f0e2,pplStd_fst0Twn01_0c@09B00,PopulaceStandard,/Chara/Npc/Populace/PopulaceStandard,fst0Twn01,67.660,4.200,-1223.570,-0.5800,true,true
moving_around_gridania.pcapng,0x50e0f0e3,pplStd_fst0Twn01_0A@09B00,PopulaceStandard,/Chara/Npc/Populace/PopulaceStandard,fst0Twn01,38.890,-10.000,-1185.370,1.5400,true,true
moving_around_gridania.pcapng,0x50e0f0e4,pplStd_fst0Twn01_0y@09B00,PopulaceStandard,/Chara/Npc/Populace/PopulaceStandard,fst0Twn01,53.550,-7.000,-1216.540,1.6100,true,true
moving_around_gridania.pcapng,0x50e0f0e6,pplStd_fst0Twn01_0b@09B00,PopulaceStandard,/Chara/Npc/Populace/PopulaceStandard,fst0Twn01,65.150,4.200,-1219.570,2.4200,true,true
moving_around_gridania.pcapng,0x50e0f0e7,pplStd_fst0Twn01_0v@09B00,PopulaceStandard,/Chara/Npc/Populace/PopulaceStandard,fst0Twn01,65.260,-6.750,-1217.680,0.5000,true,true
moving_around_gridania.pcapng,0x50e0f0e8,pplStd_fst0Twn01_0s@09B00,PopulaceStandard,/Chara/Npc/Populace/PopulaceStandard,fst0Twn01,75.400,4.200,-1220.130,-1.4300,true,true
moving_around_gridania.pcapng,0x50e0f0e9,pplStd_fst0Twn01_0c@09B00,PopulaceStandard,/Chara/Npc/Populace/PopulaceStandard,fst0Twn01,67.660,4.200,-1223.570,-0.5800,true,true
moving_around_gridania.pcapng,0x50e0f0ea,pplStd_fst0Twn01_0E@09B00,PopulaceStandard,/Chara/Npc/Populace/PopulaceStandard,fst0Twn01,98.770,3.590,-1213.670,2.4700,true,true
moving_around_gridania.pcapng,0x50e0f0ec,pplStd_fst0Twn01_0x@09B00,PopulaceStandard,/Chara/Npc/Populace/PopulaceStandard,fst0Twn01,54.040,-7.000,-1218.460,-0.5900,true,true
moving_around_gridania.pcapng,0x50e0f0ef,pplStd_fst0Twn01_0z@09B00,PopulaceStandard,/Chara/Npc/Populace/PopulaceStandard,fst0Twn01,53.820,-7.000,-1213.100,1.5700,true,true
moving_around_gridania.pcapng,0x50e0f0f0,pplStd_fst0Twn01_0o@09B00,PopulaceStandard,/Chara/Npc/Populace/PopulaceStandard,fst0Twn01,162.790,-1.480,-1153.320,1.9400,true,true
moving_around_gridania.pcapng,0x50e0f0f1,openingTown_fst0Twn01_0K@09B00,OpeningTownEventKeeper,/Chara/Npc/Object/OpeningTownEventKeeper,fst0Twn01,175.380,-1.210,-1156.510,0.0000,true,true
moving_around_gridania.pcapng,0x50e0f0f5,pplStd_fst0Twn01_0v@09B00,PopulaceStandard,/Chara/Npc/Populace/PopulaceStandard,fst0Twn01,65.260,-6.750,-1217.680,0.5000,true,true
moving_around_gridania.pcapng,0x50e0f0f6,pplStd_fst0Twn01_0w@09B00,PopulaceStandard,/Chara/Npc/Populace/PopulaceStandard,fst0Twn01,64.180,-6.800,-1217.460,0.6000,true,true
moving_around_gridania.pcapng,0x50e0f0f7,pplStd_fst0Twn01_0k@09B00,PopulaceStandard,/Chara/Npc/Populace/PopulaceStandard,fst0Twn01,62.330,4.000,-1194.060,-2.5300,true,true
moving_around_gridania.pcapng,0x50e0f0fa,pplStd_fst0Twn01_0x@09B00,PopulaceStandard,/Chara/Npc/Populace/PopulaceStandard,fst0Twn01,54.040,-7.000,-1218.460,-0.5900,true,true
moving_around_gridania.pcapng,0x50e0f0fc,pplStd_fst0Twn01_0y@09B00,PopulaceStandard,/Chara/Npc/Populace/PopulaceStandard,fst0Twn01,53.550,-7.000,-1216.540,1.6100,true,true
moving_around_gridania.pcapng,0x50e0f0fd,pplStd_fst0Twn01_0z@09B00,PopulaceStandard,/Chara/Npc/Populace/PopulaceStandard,fst0Twn01,53.820,-7.000,-1213.100,1.5700,true,true
moving_around_gridania.pcapng,0x50e0f0ff,pplStd_fst0Twn01a_1c@0CE00,PopulaceStandard,/Chara/Npc/Populace/PopulaceStandard,fst0Twn01a,87.002,10.774,-1250.970,-2.6672,true,true
moving_around_gridania.pcapng,0x50e0f101,pplStd_fst0Twn01a_1P@0CE00,PopulaceStandard,/Chara/Npc/Populace/PopulaceStandard,fst0Twn01a,22.840,10.900,-1306.830,1.0600,true,true
moving_around_gridania.pcapng,0x50e0f102,pplShopSal_fst0Twn01a_0j@0CE00,PopulaceShopSalesman,/Chara/Npc/Populace/Shop/PopulaceShopSalesman,fst0Twn01a,28.100,12.050,-1318.000,0.6800,true,true
moving_around_gridania.pcapng,0x50e0f10f,pplBlackMa_fst0Twn01a_2h@0CE00,PopulaceBlackMarketeer,/Chara/Npc/Populace/PopulaceBlackMarketeer,fst0Twn01a,198.600,25.210,-1341.660,2.7900,true,true
moving_around_gridania.pcapng,0x50e0f111,pplShopSal_fst0Twn01a_0a@0CE00,PopulaceShopSalesman,/Chara/Npc/Populace/Shop/PopulaceShopSalesman,fst0Twn01a,185.000,27.700,-1374.500,1.3000,true,true
moving_around_gridania.pcapng,0x50e0f112,pplShopSal_fst0Twn01a_08@0CE00,PopulaceShopSalesman,/Chara/Npc/Populace/Shop/PopulaceShopSalesman,fst0Twn01a,196.700,28.160,-1370.250,-1.9700,true,true
moving_around_gridania.pcapng,0x50e0f113,pplShopSal_fst0Twn01a_0d@0CE00,PopulaceShopSalesman,/Chara/Npc/Populace/Shop/PopulaceShopSalesman,fst0Twn01a,187.800,27.700,-1382.000,1.3000,true,true
moving_around_gridania.pcapng,0x50e0f114,pplShopSal_fst0Twn01a_20@0CE00,PopulaceShopSalesman,/Chara/Npc/Populace/Shop/PopulaceShopSalesman,fst0Twn01a,222.790,12.000,-1275.950,0.7700,true,true
moving_around_gridania.pcapng,0x50e0f116,pplShopSal_fst0Twn01a_06@0CE00,PopulaceShopSalesman,/Chara/Npc/Populace/Shop/PopulaceShopSalesman,fst0Twn01a,190.300,27.700,-1389.600,1.2000,true,true
moving_around_gridania.pcapng,0x50e0f117,pplStd_fst0Twn01a_1N@0CE00,PopulaceStandard,/Chara/Npc/Populace/PopulaceStandard,fst0Twn01a,180.420,25.820,-1400.370,2.7800,true,true
moving_around_gridania.pcapng,0x50e0f118,rtnFurnitu_fst0Twn01a_2T@0CE00,RetainerFurniture,/Chara/Npc/Object/RetainerFurniture,fst0Twn01a,190.950,27.500,-1401.980,-2.7100,true,true
moving_around_gridania.pcapng,0x50e0f11a,pplStd_fst0Twn01a_2n@0CE00,PopulaceStandard,/Chara/Npc/Populace/PopulaceStandard,fst0Twn01a,201.500,27.500,-1410.050,1.1100,true,true
moving_around_gridania.pcapng,0x50e0f11b,pplStd_fst0Twn01a_1A@0CE00,PopulaceStandard,/Chara/Npc/Populace/PopulaceStandard,fst0Twn01a,179.740,25.820,-1415.510,-1.0700,true,true
moving_around_gridania.pcapng,0x50e0f11e,pplShopSal_fst0Twn01a_0e@0CE00,PopulaceShopSalesman,/Chara/Npc/Populace/Shop/PopulaceShopSalesman,fst0Twn01a,190.200,27.700,-1426.300,1.8900,true,true
moving_around_gridania.pcapng,0x50e0f121,pplShopSal_fst0Twn01a_0e@0CE00,PopulaceShopSalesman,/Chara/Npc/Populace/Shop/PopulaceShopSalesman,fst0Twn01a,190.200,27.700,-1426.300,1.8900,true,true
moving_around_gridania.pcapng,0x50e0f122,pplShopSal_fst0Twn01a_0i@0CE00,PopulaceShopSalesman,/Chara/Npc/Populace/Shop/PopulaceShopSalesman,fst0Twn01a,202.100,28.150,-1430.700,-1.1800,true,true
moving_around_gridania.pcapng,0x50e0f124,pplShopSal_fst0Twn01a_07@0CE00,PopulaceShopSalesman,/Chara/Npc/Populace/Shop/PopulaceShopSalesman,fst0Twn01a,204.210,27.700,-1438.260,-1.5000,true,true
moving_around_gridania.pcapng,0x50e0f125,pplShopSal_fst0Twn01a_09@0CE00,PopulaceShopSalesman,/Chara/Npc/Populace/Shop/PopulaceShopSalesman,fst0Twn01a,196.900,27.700,-1445.800,-1.2000,true,true
moving_around_gridania.pcapng,0x50e0f137,pplStd_fst0Twn01a_1O@0CE00,PopulaceStandard,/Chara/Npc/Populace/PopulaceStandard,fst0Twn01a,108.780,20.000,-1467.610,0.0000,true,true
moving_around_gridania.pcapng,0x50e0f139,pplStd_fst0Twn01a_19@0CE00,PopulaceStandard,/Chara/Npc/Populace/PopulaceStandard,fst0Twn01a,106.260,20.000,-1472.570,0.0400,true,true
moving_around_gridania.pcapng,0x50e0f13a,pplStd_fst0Twn01a_0o@0CE00,PopulaceStandard,/Chara/Npc/Populace/PopulaceStandard,fst0Twn01a,136.010,25.000,-1530.800,-3.1300,true,true
moving_around_gridania.pcapng,0x50e0f13b,pplStd_fst0Twn01a_0q@0CE00,PopulaceStandard,/Chara/Npc/Populace/PopulaceStandard,fst0Twn01a,100.790,21.100,-1466.960,-2.1000,true,true
moving_around_gridania.pcapng,0x50e0f13c,doorStd_fst0Twn01a_2Y@0CE00,DoorStandard,/Chara/Npc/MapObj/DoorStandard,fst0Twn01a,136.000,25.000,-1542.000,0.0000,true,true
moving_around_gridania.pcapng,0x50e0f13d,pplStd_fst0Twn01a_2b@0CE00,PopulaceStandard,/Chara/Npc/Populace/PopulaceStandard,fst0Twn01a,163.750,25.060,-1558.300,-1.1700,true,true
moving_around_gridania.pcapng,0x50e0f13e,pplStd_fst0Twn01a_0q@0CE00,PopulaceStandard,/Chara/Npc/Populace/PopulaceStandard,fst0Twn01a,100.330,20.220,-1482.500,-0.5000,true,true
moving_around_gridania.pcapng,0x50e0f141,pplStd_fst0Twn01a_2s@0CE00,PopulaceStandard,/Chara/Npc/Populace/PopulaceStandard,fst0Twn01a,172.800,27.500,-1574.930,-1.9500,true,true
moving_around_gridania.pcapng,0x50e0f142,pplStd_fst0Twn01a_0G@0CE00,PopulaceStandard,/Chara/Npc/Populace/PopulaceStandard,fst0Twn01a,179.150,27.500,-1579.220,-1.6600,true,true
moving_around_gridania.pcapng,0x50e0f143,pplStd_fst0Twn01a_0P@0CE00,PopulaceStandard,/Chara/Npc/Populace/PopulaceStandard,fst0Twn01a,196.180,27.900,-1582.290,1.5500,true,true
moving_around_gridania.pcapng,0x50e0f144,pplStd_fst0Twn01a_1C@0CE00,PopulaceStandard,/Chara/Npc/Populace/PopulaceStandard,fst0Twn01a,203.500,29.500,-1585.410,-1.4900,true,true
moving_around_gridania.pcapng,0x50e0f145,pplStd_fst0Twn01a_1g@0CE00,PopulaceStandard,/Chara/Npc/Populace/PopulaceStandard,fst0Twn01a,190.090,27.500,-1595.320,-0.0700,true,true
moving_around_gridania.pcapng,0x50e0f150,pplStd_fst0Twn01a_1B@0CE00,PopulaceStandard,/Chara/Npc/Populace/PopulaceStandard,fst0Twn01a,92.740,24.920,-1573.540,1.9700,true,true
moving_around_gridania.pcapng,0x50e0f152,pplStd_fst0Twn01a_1B@0CE00,PopulaceStandard,/Chara/Npc/Populace/PopulaceStandard,fst0Twn01a,92.740,24.920,-1573.540,1.9700,true,true
moving_around_gridania.pcapng,0x50e0f15f,pplStd_fst0Twn01a_1B@0CE00,PopulaceStandard,/Chara/Npc/Populace/PopulaceStandard,fst0Twn01a,92.740,24.920,-1573.540,1.9700,true,true
moving_around_gridania.pcapng,0x50e0f161,pplStd_fst0Twn01a_1B@0CE00,PopulaceStandard,/Chara/Npc/Populace/PopulaceStandard,fst0Twn01a,92.740,24.920,-1573.540,1.9700,true,true
moving_around_gridania.pcapng,0x50e0f178,pplStd_fst0Twn01a_18@0CE00,PopulaceStandard,/Chara/Npc/Populace/PopulaceStandard,fst0Twn01a,106.660,22.000,-1483.730,-0.7400,true,true
moving_around_gridania.pcapng,0x50e0f179,pplStd_fst0Twn01a_1a@0CE00,PopulaceStandard,/Chara/Npc/Populace/PopulaceStandard,fst0Twn01a,100.330,20.220,-1482.500,-0.5000,true,true
moving_around_gridania.pcapng,0x50e0f17a,pplStd_fst0Twn01a_16@0CE00,PopulaceStandard,/Chara/Npc/Populace/PopulaceStandard,fst0Twn01a,93.630,20.000,-1482.870,0.8000,true,true
moving_around_gridania.pcapng,0x50e0f17c,pplStd_fst0Twn01a_19@0CE00,PopulaceStandard,/Chara/Npc/Populace/PopulaceStandard,fst0Twn01a,106.260,20.000,-1472.570,0.0400,true,true
moving_around_gridania.pcapng,0x50e0f184,instanceRa_fst0Twn01a_25@0CE00,InstanceRaidGuide,/Chara/Npc/Populace/InstanceRaidGuide/InstanceRaidGuide,fst0Twn01a,16.620,22.240,-1560.960,-2.5300,true,true
moving_around_gridania.pcapng,0x50e0f185,pplStd_fst0Twn01a_1M@0CE00,PopulaceStandard,/Chara/Npc/Populace/PopulaceStandard,fst0Twn01a,59.410,28.320,-1656.060,0.3800,true,true
moving_around_gridania.pcapng,0x50e0f188,pplStd_fst0Twn01a_2J@0CE00,PopulaceStandard,/Chara/Npc/Populace/PopulaceStandard,fst0Twn01a,2.690,22.130,-1566.290,0.0000,true,true
moving_around_gridania.pcapng,0x50e0f189,pplStd_fst0Twn01a_0U@0CE00,PopulaceStandard,/Chara/Npc/Populace/PopulaceStandard,fst0Twn01a,-1.750,21.340,-1597.880,-0.0700,true,true
moving_around_gridania.pcapng,0x50e0f18e,bgKeepout_fst0Twn01a_2F@0CE00,BgKeepout,/Chara/Npc/Object/BgKeepout,fst0Twn01a,63.830,30.980,-1679.510,0.0000,true,true
moving_around_gridania.pcapng,0x50e0f198,pplStd_fst0Twn01a_2I@0CE00,PopulaceStandard,/Chara/Npc/Populace/PopulaceStandard,fst0Twn01a,-63.560,18.130,-1565.320,0.0000,true,true
moving_around_gridania.pcapng,0x50e0f199,pplStd_fst0Twn01a_2C@0CE00,PopulaceStandard,/Chara/Npc/Populace/PopulaceStandard,fst0Twn01a,-70.850,17.430,-1577.220,0.0000,true,true
moving_around_gridania.pcapng,0x50e0f1a4,pplShopSal_fst0Twn01a_0g@0CE00,PopulaceShopSalesman,/Chara/Npc/Populace/Shop/PopulaceShopSalesman,fst0Twn01a,-61.500,19.000,-1479.400,-1.1000,true,true
moving_around_gridania.pcapng,0x50e0f1a5,pplStd_fst0Twn01a_29@0CE00,PopulaceStandard,/Chara/Npc/Populace/PopulaceStandard,fst0Twn01a,-82.660,19.060,-1500.240,-2.2700,true,true
moving_around_gridania.pcapng,0x50e0f1a6,doorStd_fst0Twn01a_2W@0CE00,DoorStandard,/Chara/Npc/MapObj/DoorStandard,fst0Twn01a,-70.000,19.000,-1474.000,0.0000,true,true
moving_around_gridania.pcapng,0x50e0f1ac,pplStd_fst0Twn01a_1W@0CE00,PopulaceStandard,/Chara/Npc/Populace/PopulaceStandard,fst0Twn01a,17.610,21.750,-1432.550,1.5500,true,true
moving_around_gridania.pcapng,0x50e0f1b4,pplStd_fst0Twn01a_1T@0CE00,PopulaceStandard,/Chara/Npc/Populace/PopulaceStandard,fst0Twn01a,69.760,19.990,-1423.580,0.0000,true,true
moving_around_gridania.pcapng,0x50e0f1b5,pplStd_fst0Twn01a_1b@0CE00,PopulaceStandard,/Chara/Npc/Populace/PopulaceStandard,fst0Twn01a,87.000,20.000,-1452.000,0.0000,true,true
moving_around_gridania.pcapng,0x50e0f1b6,pplStd_fst0Twn01a_16@0CE00,PopulaceStandard,/Chara/Npc/Populace/PopulaceStandard,fst0Twn01a,93.110,20.000,-1451.790,-1.8700,true,true
moving_around_gridania.pcapng,0x50e0f1b7,pplStd_fst0Twn01a_2p@0CE00,PopulaceStandard,/Chara/Npc/Populace/PopulaceStandard,fst0Twn01a,87.400,20.160,-1423.390,-0.2200,true,true
moving_around_gridania.pcapng,0x50e0f1b8,pplStd_fst0Twn01a_0p@0CE00,PopulaceStandard,/Chara/Npc/Populace/PopulaceStandard,fst0Twn01a,98.670,20.000,-1453.980,-2.1100,true,true
moving_around_gridania.pcapng,0x50e0f1ba,pplStd_fst0Twn01a_0q@0CE00,PopulaceStandard,/Chara/Npc/Populace/PopulaceStandard,fst0Twn01a,103.750,20.400,-1468.510,2.1800,true,true
moving_around_gridania.pcapng,0x50e0f1bb,pplStd_fst0Twn01a_1O@0CE00,PopulaceStandard,/Chara/Npc/Populace/PopulaceStandard,fst0Twn01a,36.000,17.290,-1368.000,0.3200,true,true
moving_around_gridania.pcapng,0x50e0f1bc,pplStd_fst0Twn01a_1a@0CE00,PopulaceStandard,/Chara/Npc/Populace/PopulaceStandard,fst0Twn01a,33.040,17.290,-1366.270,0.8300,true,true
moving_around_gridania.pcapng,0x50e0f1bd,pplShopSal_fst0Twn01a_1Y@0CE00,PopulaceShopSalesman,/Chara/Npc/Populace/Shop/PopulaceShopSalesman,fst0Twn01a,32.520,17.290,-1359.720,2.1500,true,true
moving_around_gridania.pcapng,0x50e0f1bf,pplStd_fst0Twn01a_18@0CE00,PopulaceStandard,/Chara/Npc/Populace/PopulaceStandard,fst0Twn01a,36.550,17.290,-1357.400,2.7400,true,true
moving_around_gridania.pcapng,0x50e0f1c0,pplShopSal_fst0Twn01a_0i@0CE00,PopulaceShopSalesman,/Chara/Npc/Populace/Shop/PopulaceShopSalesman,fst0Twn01a,114.000,20.000,-1391.000,-3.0500,true,true
moving_around_gridania.pcapng,0x50e0f1c2,pplStd_fst0Twn01a_1U@0CE00,PopulaceStandard,/Chara/Npc/Populace/PopulaceStandard,fst0Twn01a,48.200,14.220,-1343.660,0.0000,true,true
moving_around_gridania.pcapng,0x50e0f1c4,pplStd_fst0Twn01a_18@0CE00,PopulaceStandard,/Chara/Npc/Populace/PopulaceStandard,fst0Twn01a,106.660,22.000,-1483.730,-0.7400,true,true
moving_around_gridania.pcapng,0x50e0f1cd,pplStd_fst0Twn01a_1N@0CE00,PopulaceStandard,/Chara/Npc/Populace/PopulaceStandard,fst0Twn01a,179.740,25.820,-1415.510,-1.0700,true,true
moving_around_gridania.pcapng,0x50e0f1cf,rtnFurnitu_fst0Twn01a_2T@0CE00,RetainerFurniture,/Chara/Npc/Object/RetainerFurniture,fst0Twn01a,184.600,27.700,-1441.300,1.8500,true,true
moving_around_gridania.pcapng,0x50e0f1d0,pplShopSal_fst0Twn01a_0a@0CE00,PopulaceShopSalesman,/Chara/Npc/Populace/Shop/PopulaceShopSalesman,fst0Twn01a,190.300,27.700,-1389.600,1.2000,true,true
moving_around_gridania.pcapng,0x50e0f1d1,pplStd_fst0Twn01a_2n@0CE00,PopulaceStandard,/Chara/Npc/Populace/PopulaceStandard,fst0Twn01a,196.900,27.700,-1445.800,-1.2000,true,true
moving_around_gridania.pcapng,0x50e0f1d2,pplItemRep_fst0Twn01a_1z@0CE00,PopulaceItemRepairer,/Chara/Npc/Populace/PopulaceItemRepairer,fst0Twn01a,202.300,27.700,-1385.200,-1.9400,true,true
moving_around_gridania.pcapng,0x50e0f1d8,pplBlackMa_fst0Twn01a_2h@0CE00,PopulaceBlackMarketeer,/Chara/Npc/Populace/PopulaceBlackMarketeer,fst0Twn01a,198.600,25.210,-1341.660,2.7900,true,true
moving_around_gridania.pcapng,0x50e0f1e6,pplShopSal_fst0Twn01a_0i@0CE00,PopulaceShopSalesman,/Chara/Npc/Populace/Shop/PopulaceShopSalesman,fst0Twn01a,114.000,20.000,-1391.000,-3.0500,true,true
moving_around_gridania.pcapng,0x50e0f1ef,pplShopSal_fst0Twn01a_20@0CE00,PopulaceShopSalesman,/Chara/Npc/Populace/Shop/PopulaceShopSalesman,fst0Twn01a,222.790,12.000,-1275.950,0.7700,true,true
moving_around_gridania.pcapng,0x50e0f1fd,pplStd_fst0Twn01a_2U@0CE00,PopulaceStandard,/Chara/Npc/Populace/PopulaceStandard,fst0Twn01a,68.440,10.870,-1244.420,2.4500,true,true
moving_around_gridania.pcapng,0x50e0f1fe,pplStd_fst0Twn01a_0X@0CE00,PopulaceStandard,/Chara/Npc/Populace/PopulaceStandard,fst0Twn01a,65.020,11.790,-1241.790,-2.7600,true,true
moving_around_gridania.pcapng,0x50e0f1ff,pplStd_fst0Twn01a_0W@0CE00,PopulaceStandard,/Chara/Npc/Populace/PopulaceStandard,fst0Twn01a,59.430,11.060,-1249.560,0.0000,true,true
moving_around_gridania.pcapng,0x50e0f200,pplStd_fst0Twn01a_2a@0CE00,PopulaceStandard,/Chara/Npc/Populace/PopulaceStandard,fst0Twn01a,201.780,9.530,-1245.480,1.5300,true,true
moving_around_gridania.pcapng,0x50e0f209,pplStd_fst0Twn01a_1Q@0CE00,PopulaceStandard,/Chara/Npc/Populace/PopulaceStandard,fst0Twn01a,221.770,9.400,-1230.490,-2.2900,true,true
moving_around_gridania.pcapng,0x50e0f20c,pplStd_fst0Twn01a_2u@0CE00,PopulaceStandard,/Chara/Npc/Populace/PopulaceStandard,fst0Twn01a,227.000,12.000,-1264.000,0.0000,true,true
moving_around_gridania.pcapng,0x50e0f20d,pplShopSal_fst0Twn01a_20@0CE00,PopulaceShopSalesman,/Chara/Npc/Populace/Shop/PopulaceShopSalesman,fst0Twn01a,222.790,12.000,-1275.950,0.7700,true,true
moving_around_gridania.pcapng,0x50e0f20e,pplStd_fst0Twn01a_0u@0CE00,PopulaceStandard,/Chara/Npc/Populace/PopulaceStandard,fst0Twn01a,233.020,12.000,-1267.000,-1.6300,true,true
moving_around_gridania.pcapng,0x50e0f20f,pplStd_fst0Twn01a_2v@0CE00,PopulaceStandard,/Chara/Npc/Populace/PopulaceStandard,fst0Twn01a,238.730,12.000,-1266.180,-1.6000,true,true
moving_around_gridania.pcapng,0x50e0f210,pplStd_fst0Twn01a_0M@0CE00,PopulaceStandard,/Chara/Npc/Populace/PopulaceStandard,fst0Twn01a,242.760,13.000,-1267.730,1.5700,true,true
moving_around_gridania.pcapng,0x50e0f211,pplStd_fst0Twn01a_0x@0CE00,PopulaceStandard,/Chara/Npc/Populace/PopulaceStandard,fst0Twn01a,241.820,13.000,-1276.620,1.1400,true,true
moving_around_gridania.pcapng,0x50e0f212,pplStd_fst0Twn01a_1r@0CE00,PopulaceStandard,/Chara/Npc/Populace/PopulaceStandard,fst0Twn01a,243.350,12.000,-1283.070,0.5400,true,true
moving_around_gridania.pcapng,0x50e0f213,pplStd_fst0Twn01a_0N@0CE00,PopulaceStandard,/Chara/Npc/Populace/PopulaceStandard,fst0Twn01a,258.390,14.000,-1267.150,-0.0400,true,true
moving_around_gridania.pcapng,0x50e0f215,pplStd_fst0Twn01a_0y@0CE00,PopulaceStandard,/Chara/Npc/Populace/PopulaceStandard,fst0Twn01a,263.370,14.200,-1273.470,1.3700,true,true
moving_around_gridania.pcapng,0x50e0f220,pplBlackMa_fst0Twn01a_2h@0CE00,PopulaceBlackMarketeer,/Chara/Npc/Populace/PopulaceBlackMarketeer,fst0Twn01a,198.600,25.210,-1341.660,2.7900,true,true
moving_around_gridania.pcapng,0x50e0f225,pplBlackMa_fst0Twn01a_2h@0CE00,PopulaceBlackMarketeer,/Chara/Npc/Populace/PopulaceBlackMarketeer,fst0Twn01a,198.600,25.210,-1341.660,2.7900,true,true
moving_around_gridania.pcapng,0x50e0f23d,pplStd_fst0Twn01a_0X@0CE00,PopulaceStandard,/Chara/Npc/Populace/PopulaceStandard,fst0Twn01a,68.440,10.870,-1244.420,2.4500,true,true
moving_around_gridania.pcapng,0x50e0f23e,pplChocobo_fst0Twn01a_0V@0CE00,PopulaceChocoboLender,/Chara/Npc/Populace/PopulaceChocoboLender,fst0Twn01a,65.020,11.790,-1241.790,-2.7600,true,true
moving_around_gridania.pcapng,0x50e0f240,pplStd_fst0Twn01a_0W@0CE00,PopulaceStandard,/Chara/Npc/Populace/PopulaceStandard,fst0Twn01a,64.290,11.790,-1240.980,-2.9300,true,true
moving_around_gridania.pcapng,0x50e0f241,pplStd_fst0Twn01a_2H@0CE00,PopulaceStandard,/Chara/Npc/Populace/PopulaceStandard,fst0Twn01a,61.720,10.630,-1250.410,0.0000,true,true
moving_around_gridania.pcapng,0x50e0f243,pplStd_fst0Twn01a_1V@0CE00,PopulaceStandard,/Chara/Npc/Populace/PopulaceStandard,fst0Twn01a,59.430,11.060,-1249.560,0.0000,true,true
moving_around_gridania.pcapng,0x50e0f24b,pplBlackMa_fst0Twn01a_2h@0CE00,PopulaceBlackMarketeer,/Chara/Npc/Populace/PopulaceBlackMarketeer,fst0Twn01a,198.600,25.210,-1341.660,2.7900,true,true
moving_around_gridania.pcapng,0x50e0f24e,pplStd_fst0Twn01a_0X@0CE00,PopulaceStandard,/Chara/Npc/Populace/PopulaceStandard,fst0Twn01a,68.440,10.870,-1244.420,2.4500,true,true
moving_around_gridania.pcapng,0x50e0f24f,pplStd_fst0Twn01a_0W@0CE00,PopulaceStandard,/Chara/Npc/Populace/PopulaceStandard,fst0Twn01a,65.020,11.790,-1241.790,-2.7600,true,true
moving_around_gridania.pcapng,0x50e0f250,pplStd_fst0Twn01a_2i@0CE00,PopulaceStandard,/Chara/Npc/Populace/PopulaceStandard,fst0Twn01a,39.000,10.000,-1293.000,-1.5700,true,true
moving_around_gridania.pcapng,0x50e0f251,pplStd_fst0Twn01a_2l@0CE00,PopulaceStandard,/Chara/Npc/Populace/PopulaceStandard,fst0Twn01a,33.770,10.220,-1294.370,-1.5900,true,true
moving_around_gridania.pcapng,0x50e0f254,pplShopSal_fst0Twn01a_03@0CE00,PopulaceShopSalesman,/Chara/Npc/Populace/Shop/PopulaceShopSalesman,fst0Twn01a,22.400,8.750,-1261.950,-1.9200,true,true
moving_around_gridania.pcapng,0x50e0f255,pplStd_fst0Twn01a_1P@0CE00,PopulaceStandard,/Chara/Npc/Populace/PopulaceStandard,fst0Twn01a,28.100,12.050,-1318.000,0.6800,true,true
moving_around_gridania.pcapng,0x50e0f256,pplStd_fst0Twn01a_0B@0CE00,PopulaceStandard,/Chara/Npc/Populace/PopulaceStandard,fst0Twn01a,11.850,8.750,-1266.450,1.4800,true,true
moving_around_gridania.pcapng,0x50e0f257,pplShopSal_fst0Twn01a_22@0CE00,PopulaceShopSalesman,/Chara/Npc/Populace/Shop/PopulaceShopSalesman,fst0Twn01a,10.310,8.750,-1258.000,2.4300,true,true
moving_around_gridania.pcapng,0x50e0f259,pplStd_fst0Twn01a_1c@0CE00,PopulaceStandard,/Chara/Npc/Populace/PopulaceStandard,fst0Twn01a,7.360,8.750,-1257.890,-1.3200,true,true
moving_around_gridania.pcapng,0x50e0f265,pplStd_fst0Twn01_0x@09B00,PopulaceStandard,/Chara/Npc/Populace/PopulaceStandard,fst0Twn01,108.919,7.591,-1205.686,0.2320,true,true
moving_around_gridania.pcapng,0x50e0f267,openingTown_fst0Twn01_0K@09B00,OpeningTownEventKeeper,/Chara/Npc/Object/OpeningTownEventKeeper,fst0Twn01,175.380,-1.210,-1156.510,0.0000,true,true
moving_around_gridania.pcapng,0x50e0f269,pplStd_fst0Twn01_0v@09B00,PopulaceStandard,/Chara/Npc/Populace/PopulaceStandard,fst0Twn01,65.260,-6.750,-1217.680,0.5000,true,true
moving_around_gridania.pcapng,0x50e0f26a,pplStd_fst0Twn01_0w@09B00,PopulaceStandard,/Chara/Npc/Populace/PopulaceStandard,fst0Twn01,64.180,-6.800,-1217.460,0.6000,true,true
moving_around_gridania.pcapng,0x50e0f270,pplStd_fst0Twn01_0z@09B00,PopulaceStandard,/Chara/Npc/Populace/PopulaceStandard,fst0Twn01,53.820,-7.000,-1213.100,1.5700,true,true
moving_around_gridania.pcapng,0x50e0f272,pplStd_fst0Twn01_0x@09B00,PopulaceStandard,/Chara/Npc/Populace/PopulaceStandard,fst0Twn01,53.550,-7.000,-1216.540,1.6100,true,true
party_battle_leve.pcapng,0x50e11b59,privateGLB_fst0Fld01a_Qw@0A200,PrivateGLBattleOrbNormal,,fst0Fld01a,-94.070,4.000,-543.160,0.0000,true,true
party_battle_leve.pcapng,0x50e11b5d,nuteaterSt_fst0Fld01a_rl@0A200,NuteaterStandard,/Chara/Npc/Monster/Lemming/NuteaterStandard,fst0Fld01a,-170.869,4.438,-568.657,-0.6110,true,true
party_battle_leve.pcapng,0x50e11b64,wolfStd_fst0Fld01a_jU@0A200,WolfStandard,/Chara/Npc/Monster/Wolf/WolfStandard,fst0Fld01a,-57.517,2.207,-468.473,-2.8146,true,true
party_battle_leve.pcapng,0x50e11b68,flowerStd_fst0Fld01a_Q6@0A200,FlowerStandard,/Chara/Npc/Monster/Flower/FlowerStandard,fst0Fld01a,4.984,15.946,-509.039,0.5270,true,true
party_battle_leve.pcapng,0x50e11b6c,ladybugStd_fst0Fld01a_Qb@0A200,LadybugStandard,/Chara/Npc/Monster/Bug/LadybugStandard,fst0Fld01a,-61.162,-3.390,-440.259,2.0678,true,true
party_battle_leve.pcapng,0x50e11b6f,guildleveS_fst0Fld01a_Qy@0A200,GuildleveSearchPoint,/Chara/Npc/Object/GuildleveSearchPoint,fst0Fld01a,5.000,4.516,-450.000,0.0000,true,true
party_battle_leve.pcapng,0x50e11b70,guildleveS_fst0Fld01a_Qz@0A200,GuildleveSearchPoint,/Chara/Npc/Object/GuildleveSearchPoint,fst0Fld01a,37.000,17.013,-513.000,0.0000,true,true
party_battle_leve.pcapng,0x50e11b73,guildleveS_fst0Fld01a_QB@0A200,GuildleveSearchPoint,/Chara/Npc/Object/GuildleveSearchPoint,fst0Fld01a,11.000,4.230,-435.000,0.0000,true,true
party_battle_leve.pcapng,0x50e11b75,guildleveS_fst0Fld01a_QI@0A200,GuildleveSearchPoint,/Chara/Npc/Object/GuildleveSearchPoint,fst0Fld01a,57.000,16.406,-531.000,0.0000,true,true
party_battle_leve.pcapng,0x50e11b76,flowerStd_fst0Fld01a_PZ@0A200,FlowerStandard,/Chara/Npc/Monster/Flower/FlowerStandard,fst0Fld01a,64.526,16.391,-518.272,-2.6721,true,true
party_battle_leve.pcapng,0x50e11b77,guildleveS_fst0Fld01a_QD@0A200,GuildleveSearchPoint,/Chara/Npc/Object/GuildleveSearchPoint,fst0Fld01a,0.272,5.009,-413.048,0.0000,true,true
party_battle_leve.pcapng,0x50e11b78,pplStd_fst0Fld01a_09@0A200,PopulaceStandard,/Chara/Npc/Populace/PopulaceStandard,fst0Fld01a,63.410,15.560,-452.490,0.0000,true,true
party_battle_leve.pcapng,0x50e11b7f,nuteaterSt_fst0Fld01a_KA@0A200,NuteaterStandard,/Chara/Npc/Monster/Lemming/NuteaterStandard,fst0Fld01a,-12.160,12.440,-377.880,0.0000,true,true
party_battle_leve.pcapng,0x50e11b88,ladybugStd_fst0Fld01a_kU@0A200,LadybugStandard,/Chara/Npc/Monster/Bug/LadybugStandard,fst0Fld01a,48.286,16.963,-393.865,-0.5837,true,true
party_battle_leve.pcapng,0x50e11b89,miningPoin_fst0Fld01a_0o@0A200,MiningPoint,/Chara/Npc/Object/MiningPoint,fst0Fld01a,37.921,17.013,-385.557,-0.9885,true,true
party_battle_leve.pcapng,0x50e11b8c,miningPoin_fst0Fld01a_0w@0A200,MiningPoint,/Chara/Npc/Object/MiningPoint,fst0Fld01a,3.390,15.340,-368.050,0.0000,true,true
party_battle_leve.pcapng,0x50e11b91,piranhaSan_fst0Fld01a_QK@0A200,PiranhaSandyStandard,/Chara/Npc/Monster/Piranha/PiranhaSandyStandard,fst0Fld01a,2.064,4.713,-419.307,0.5612,true,true
party_battle_leve.pcapng,0x50e11be8,pplStd_fst0Fld01a_09@0A200,PopulaceStandard,/Chara/Npc/Populace/PopulaceStandard,fst0Fld01a,63.410,15.560,-452.490,0.0000,true,true
party_battle_leve.pcapng,0x50e11bf0,ladybugStd_fst0Fld01a_LQ@0A200,LadybugStandard,/Chara/Npc/Monster/Bug/LadybugStandard,fst0Fld01a,126.959,17.025,-420.418,-2.4974,true,true
party_battle_leve.pcapng,0x50e11bf3,glirulusSt_fst0Fld01a_Qd@0A200,GlirulusStandard,/Chara/Npc/Monster/Lemming/GlirulusStandard,fst0Fld01a,135.000,16.407,-429.000,0.0000,true,true
party_battle_leve.pcapng,0x50e11bf4,guildleveS_fst0Fld01a_QH@0A200,GuildleveSearchPoint,/Chara/Npc/Object/GuildleveSearchPoint,fst0Fld01a,115.170,16.690,-473.950,0.0000,true,true
party_battle_leve.pcapng,0x50e11bf5,miningPoin_fst0Fld01a_0H@0A200,MiningPoint,/Chara/Npc/Object/MiningPoint,fst0Fld01a,119.080,15.850,-474.360,0.0000,true,true
party_battle_leve.pcapng,0x50e11bf9,glirulusSt_fst0Fld01a_rA@0A200,GlirulusStandard,/Chara/Npc/Monster/Lemming/GlirulusStandard,fst0Fld01a,96.699,16.533,-497.446,1.7183,true,true
party_battle_leve.pcapng,0x50e11bfa,guildleveS_fst0Fld01a_Qz@0A200,GuildleveSearchPoint,/Chara/Npc/Object/GuildleveSearchPoint,fst0Fld01a,37.000,17.013,-513.000,0.0000,true,true
party_battle_leve.pcapng,0x50e11bfb,guildleveS_fst0Fld01a_QI@0A200,GuildleveSearchPoint,/Chara/Npc/Object/GuildleveSearchPoint,fst0Fld01a,64.526,16.391,-518.272,-2.6721,true,true
party_battle_leve.pcapng,0x50e11bfc,miningPoin_fst0Fld01a_0p@0A200,MiningPoint,/Chara/Npc/Object/MiningPoint,fst0Fld01a,88.230,17.630,-516.860,0.0000,true,true
party_battle_leve.pcapng,0x50e11bfd,guildleveB_fst0Fld01a_Qx@0A200,GuildleveBonusTreasureBox,/Chara/Npc/Object/GuildleveBonusTreasureBox,fst0Fld01a,105.000,16.625,-510.000,0.0000,true,true
party_battle_leve.pcapng,0x50e11bfe,guildleveS_fst0Fld01a_QH@0A200,GuildleveSearchPoint,/Chara/Npc/Object/GuildleveSearchPoint,fst0Fld01a,141.184,16.727,-434.127,0.0000,true,true
party_battle_leve.pcapng,0x50e11bff,guildleveS_fst0Fld01a_QC@0A200,GuildleveSearchPoint,/Chara/Npc/Object/GuildleveSearchPoint,fst0Fld01a,57.000,16.406,-531.000,0.0000,true,true
party_battle_leve.pcapng,0x50e11c03,miningPoin_fst0Fld01a_0x@0A200,MiningPoint,/Chara/Npc/Object/MiningPoint,fst0Fld01a,132.970,16.980,-519.510,0.0000,true,true
party_battle_leve.pcapng,0x50e11c05,flowerStd_fst0Fld01a_MW@0A200,FlowerStandard,/Chara/Npc/Monster/Flower/FlowerStandard,fst0Fld01a,138.903,16.545,-520.616,2.8808,true,true
party_battle_leve.pcapng,0x50e11c0b,miningPoin_fst0Fld01a_0s@0A200,MiningPoint,/Chara/Npc/Object/MiningPoint,fst0Fld01a,168.340,16.880,-501.900,0.0000,true,true
party_battle_leve.pcapng,0x50e11c0c,guildleveS_fst0Fld01a_QE@0A200,GuildleveSearchPoint,/Chara/Npc/Object/GuildleveSearchPoint,fst0Fld01a,187.290,15.944,-425.487,0.0000,true,true
party_battle_leve.pcapng,0x50e11c0d,ladybugStd_fst0Fld01a_6J@0A200,LadybugStandard,/Chara/Npc/Monster/Bug/LadybugStandard,fst0Fld01a,194.002,16.793,-419.247,-3.0256,true,true
party_battle_leve.pcapng,0x50e11c17,miningPoin_fst0Fld01a_0s@0A200,MiningPoint,/Chara/Npc/Object/MiningPoint,fst0Fld01a,168.340,16.880,-501.900,0.0000,true,true
party_battle_leve.pcapng,0x50e11c80,miningPoin_fst0Fld01a_0s@0A200,MiningPoint,/Chara/Npc/Object/MiningPoint,fst0Fld01a,168.340,16.880,-501.900,0.0000,true,true
party_battle_leve.pcapng,0x50e11c85,piranhaSan_fst0Fld01a_QN@0A200,PiranhaSandyStandard,/Chara/Npc/Monster/Piranha/PiranhaSandyStandard,fst0Fld01a,141.027,16.727,-432.133,-0.0788,true,true
party_battle_leve.pcapng,0x50e11c8e,guildleveB_fst0Fld01a_Qx@0A200,GuildleveBonusTreasureBox,/Chara/Npc/Object/GuildleveBonusTreasureBox,fst0Fld01a,105.000,16.625,-510.000,0.0000,true,true
party_battle_leve.pcapng,0x50e11ca3,glirulusSt_fst0Fld01a_rA@0A200,GlirulusStandard,/Chara/Npc/Monster/Lemming/GlirulusStandard,fst0Fld01a,97.228,16.591,-505.878,-0.0582,true,true
party_battle_leve.pcapng,0x50e11cbf,guildleveB_fst0Fld01a_Qx@0A200,GuildleveBonusTreasureBox,/Chara/Npc/Object/GuildleveBonusTreasureBox,fst0Fld01a,105.000,16.625,-510.000,0.0000,true,true
party_battle_leve.pcapng,0x50e11cc5,miningPoin_fst0Fld01a_0x@0A200,MiningPoint,/Chara/Npc/Object/MiningPoint,fst0Fld01a,132.970,16.980,-519.510,0.0000,true,true
party_battle_leve.pcapng,0x50e11cc6,flowerStd_fst0Fld01a_MW@0A200,FlowerStandard,/Chara/Npc/Monster/Flower/FlowerStandard,fst0Fld01a,138.903,16.545,-520.616,2.8808,true,true
party_battle_leve.pcapng,0x50e11cdc,glirulusSt_fst0Fld01a_Qd@0A200,GlirulusStandard,/Chara/Npc/Monster/Lemming/GlirulusStandard,fst0Fld01a,99.124,16.877,-485.654,0.2196,true,true
party_battle_leve.pcapng,0x50e11cdd,miningPoin_fst0Fld01a_0x@0A200,MiningPoint,/Chara/Npc/Object/MiningPoint,fst0Fld01a,138.903,16.545,-520.616,2.8808,true,true
party_battle_leve.pcapng,0x50e11ce1,flowerStd_fst0Fld01a_MW@0A200,FlowerStandard,/Chara/Npc/Monster/Flower/FlowerStandard,fst0Fld01a,63.410,15.560,-452.490,0.0000,true,true
party_battle_leve.pcapng,0x50e11ce3,ladybugStd_fst0Fld01a_kU@0A200,LadybugStandard,/Chara/Npc/Monster/Bug/LadybugStandard,fst0Fld01a,59.978,17.192,-405.295,2.6781,true,true
party_battle_leve.pcapng,0x50e11ce4,flowerStd_fst0Fld01a_MV@0A200,FlowerStandard,/Chara/Npc/Monster/Flower/FlowerStandard,fst0Fld01a,88.230,17.630,-516.860,0.0000,true,true
party_battle_leve.pcapng,0x50e11ce7,flowerStd_fst0Fld01a_PZ@0A200,FlowerStandard,/Chara/Npc/Monster/Flower/FlowerStandard,fst0Fld01a,64.526,16.391,-518.272,-2.6721,true,true
party_battle_leve.pcapng,0x50e11ce8,guildleveS_fst0Fld01a_QI@0A200,GuildleveSearchPoint,/Chara/Npc/Object/GuildleveSearchPoint,fst0Fld01a,63.544,16.391,-520.014,0.0000,true,true
party_battle_leve.pcapng,0x50e11cea,guildleveS_fst0Fld01a_QC@0A200,GuildleveSearchPoint,/Chara/Npc/Object/GuildleveSearchPoint,fst0Fld01a,57.000,16.406,-531.000,0.0000,true,true
party_battle_leve.pcapng,0x50e11ceb,guildleveS_fst0Fld01a_QG@0A200,GuildleveSearchPoint,/Chara/Npc/Object/GuildleveSearchPoint,fst0Fld01a,63.122,17.018,-539.018,0.0000,true,true
party_battle_leve.pcapng,0x50e11cec,guildleveS_fst0Fld01a_Qz@0A200,GuildleveSearchPoint,/Chara/Npc/Object/GuildleveSearchPoint,fst0Fld01a,37.000,17.013,-513.000,0.0000,true,true
party_battle_leve.pcapng,0x50e11cf7,flowerStd_fst0Fld01a_Q6@0A200,FlowerStandard,/Chara/Npc/Monster/Flower/FlowerStandard,fst0Fld01a,4.984,15.946,-509.039,0.5270,true,true
party_battle_leve.pcapng,0x50e11d1d,yakMaleStd_fst0Fld01a_QP@0A200,YakMaleStandard,/Chara/Npc/Monster/Yak/YakMaleStandard,fst0Fld01a,56.387,16.406,-529.096,-0.3116,true,true
party_battle_leve.pcapng,0x50e11d3f,flowerStd_fst0Fld01a_QQ@0A200,FlowerStandard,/Chara/Npc/Monster/Flower/FlowerStandard,fst0Fld01a,8.991,16.469,-515.194,1.6680,true,true
party_battle_leve.pcapng,0x50e11d40,flowerStd_fst0Fld01a_MV@0A200,FlowerStandard,/Chara/Npc/Monster/Flower/FlowerStandard,fst0Fld01a,109.778,16.921,-465.487,0.7697,true,true
party_battle_leve.pcapng,0x50e11d50,flowerStd_fst0Fld01a_MW@0A200,FlowerStandard,/Chara/Npc/Monster/Flower/FlowerStandard,fst0Fld01a,139.308,16.803,-527.039,0.6077,true,true
party_battle_leve.pcapng,0x50e11d53,miningPoin_fst0Fld01a_0u@0A200,MiningPoint,/Chara/Npc/Object/MiningPoint,fst0Fld01a,115.170,16.690,-473.950,0.0000,true,true
party_battle_leve.pcapng,0x50e11d54,flowerStd_fst0Fld01a_MV@0A200,FlowerStandard,/Chara/Npc/Monster/Flower/FlowerStandard,fst0Fld01a,139.308,16.803,-527.039,0.6077,true,true
party_battle_leve.pcapng,0x50e11d75,flowerStd_fst0Fld01a_MW@0A200,FlowerStandard,/Chara/Npc/Monster/Flower/FlowerStandard,fst0Fld01a,139.308,16.803,-527.039,0.6077,true,true
party_battle_leve.pcapng,0x50e11d76,pplStd_fst0Fld01a_09@0A200,PopulaceStandard,/Chara/Npc/Populace/PopulaceStandard,fst0Fld01a,63.410,15.560,-452.490,0.0000,true,true
party_battle_leve.pcapng,0x50e11d79,yakFemaleS_fst0Fld01a_QR@0A200,YakFemaleStandard,/Chara/Npc/Monster/Yak/YakFemaleStandard,fst0Fld01a,-10.243,3.387,-573.495,0.6306,true,true
party_battle_leve.pcapng,0x50e11d7a,yakFemaleS_fst0Fld01a_QS@0A200,YakFemaleStandard,/Chara/Npc/Monster/Yak/YakFemaleStandard,fst0Fld01a,35.114,17.013,-512.333,-1.2308,true,true
party_battle_leve.pcapng,0x50e11d7c,ladybugStd_fst0Fld01a_Qb@0A200,LadybugStandard,/Chara/Npc/Monster/Bug/LadybugStandard,fst0Fld01a,-10.243,3.387,-573.495,0.6306,true,true
party_battle_leve.pcapng,0x50e11d81,ladybugStd_fst0Fld01a_Qb@0A200,LadybugStandard,/Chara/Npc/Monster/Bug/LadybugStandard,fst0Fld01a,-10.243,3.387,-573.495,0.6306,true,true
party_battle_leve.pcapng,0x50e11d83,ladybugStd_fst0Fld01a_Qb@0A200,LadybugStandard,/Chara/Npc/Monster/Bug/LadybugStandard,fst0Fld01a,-10.243,3.387,-573.495,0.6306,true,true
party_battle_leve.pcapng,0x50e11db2,glirulusSt_fst0Fld01a_rA@0A200,GlirulusStandard,/Chara/Npc/Monster/Lemming/GlirulusStandard,fst0Fld01a,107.880,16.697,-476.234,-2.9304,true,true
party_battle_leve.pcapng,0x50e11db7,glirulusSt_fst0Fld01a_rA@0A200,GlirulusStandard,/Chara/Npc/Monster/Lemming/GlirulusStandard,fst0Fld01a,107.880,16.697,-476.234,-2.9304,true,true
party_battle_leve.pcapng,0x50e11dc0,miningPoin_fst0Fld01a_0u@0A200,MiningPoint,/Chara/Npc/Object/MiningPoint,fst0Fld01a,115.170,16.690,-473.950,0.0000,true,true
party_battle_leve.pcapng,0x50e11dc7,ladybugStd_fst0Fld01a_Qb@0A200,LadybugStandard,/Chara/Npc/Monster/Bug/LadybugStandard,fst0Fld01a,-4.261,4.023,-580.918,2.4632,true,true
party_battle_leve.pcapng,0x50e11dcf,guildleveW_fst0Fld01a_QT@0A200,GuildleveWarpPoint,/Chara/Npc/Object/GuildleveWarpPoint,fst0Fld01a,44.486,17.137,-517.702,0.0000,true,true
party_battle_leve.pcapng,0x50e11de3,,,,,-92.768,4.040,-548.968,-0.4300,false,false
party_battle_leve.pcapng,0x50e11de8,crabLesser_fst0Fld01a_E1@0A200,CrabLesserStandard,/Chara/Npc/Monster/Crab/CrabLesserStandard,fst0Fld01a,-93.881,4.040,-549.095,-0.4300,true,true
return_to_inn.pcapng,0x50e0ede1,objItemStor_prv0Inn01_0e@0F400,ObjectItemStorage,/Chara/Npc/Object/ObjectItemStorage,prv0Inn01,159.969,0.010,156.234,0.0000,true,true
small_talk_louisoix.pcapng,0x50e0ed13,pplStd_fst0Twn01a_1B@0CE00,PopulaceStandard,/Chara/Npc/Populace/PopulaceStandard,fst0Twn01a,92.740,24.920,-1573.540,1.9700,true,true
teleport_to_camp_nine_ivies.pcapng,0x50e0f7f8,goblinBomme_fst0Fld02_2g@09700,GoblinBommerGlaStandard,/Chara/Npc/Monster/Goblin/GoblinBommerGlaStandard,fst0Fld02,1709.375,20.290,-864.942,-1.4800,true,true
teleport_to_camp_tranquil.pcapng,0x50e0eb17,miningPoint_fst0Fld05_16@09A00,MiningPoint,/Chara/Npc/Object/MiningPoint,fst0Fld05,737.596,-12.000,1119.106,-0.4900,true,true
teleport_to_gridania.pcapng,0x50e0ec5f,monkeyLesse_fst0Fld05_2i@09A00,MonkeyLesserStandard,/Chara/Npc/Monster/Monkey/MonkeyLesserStandard,fst0Fld05,897.900,-11.731,1084.380,-0.5151,true,true
teleport_to_gridania.pcapng,0x50e0ec6b,pplStd_fst0Twn01a_27@0CE00,PopulaceStandard,/Chara/Npc/Populace/PopulaceStandard,fst0Twn01a,-120.317,16.020,-1333.430,-0.4900,true,true
war_quest_update2.pcapng,0x50e15a9a,,,,,-1089.930,55.670,9.490,0.0000,false,false
war_quest_update2.pcapng,0x50e15a9b,,,,,-1089.930,55.670,9.490,0.0000,false,false
war_quest_update2.pcapng,0x50e15a9c,,,,,-1089.930,55.670,9.490,0.0000,false,false
war_quest_update2.pcapng,0x50e15a9d,,,,,-1089.930,55.670,9.490,0.0000,false,false
war_quest_update2.pcapng,0x50e15a9e,,,,,-1089.930,55.670,9.490,0.0000,false,false
war_quest_update2.pcapng,0x50e15a9f,,,,,-1089.930,55.670,9.490,0.0000,false,false
war_quest_update2.pcapng,0x50e15aa0,,,,,-1089.930,55.670,9.490,0.0000,false,false
war_quest_update2.pcapng,0x50e15aa1,,,,,-1089.930,55.670,9.490,0.0000,false,false
war_quest_update2.pcapng,0x50e15aa2,,,,,-1089.930,55.670,9.490,0.0000,false,false
war_quest_update2.pcapng,0x50e15aa3,,,,,-1089.930,55.670,9.490,0.0000,false,false
war_quest_update2.pcapng,0x50e15aa4,,,,,-1089.930,55.670,9.490,0.0000,false,false
war_quest_update2.pcapng,0x50e15aa5,,,,,-1089.930,55.670,9.490,0.0000,false,false
war_quest_update2.pcapng,0x50e15aa6,,,,,-1089.930,55.670,9.490,0.0000,false,false
war_quest_update2.pcapng,0x50e15aa7,,,,,-1089.930,55.670,9.490,0.0000,false,false
war_quest_update2.pcapng,0x50e15aa8,,,,,-1089.930,55.670,9.490,0.0000,false,false
war_quest_update2.pcapng,0x50e15aa9,,,,,-1089.930,55.670,9.490,0.0000,false,false
war_quest_update2.pcapng,0x50e15aaa,,,,,-1089.930,55.670,9.490,0.0000,false,false
war_quest_update2.pcapng,0x50e15aab,,,,,-1089.930,55.670,9.490,0.0000,false,false
war_quest_update2.pcapng,0x50e15aac,,,,,-1089.930,55.670,9.490,0.0000,false,false
war_quest_update2.pcapng,0x50e15aad,,,,,-1089.930,55.670,9.490,0.0000,false,false
war_quest_update2.pcapng,0x50e15aae,,,,,-1089.930,55.670,9.490,0.0000,false,false
war_quest_update2.pcapng,0x50e15aaf,,,,,-1089.930,55.670,9.490,0.0000,false,false
war_quest_update2.pcapng,0x50e15ab0,,,,,-1089.930,55.670,9.490,0.0000,false,false
war_quest_update2.pcapng,0x50e15ab1,,,,,-1089.930,55.670,9.490,0.0000,false,false
war_quest_update2.pcapng,0x50e15ab2,,,,,-1089.930,55.670,9.490,0.0000,false,false
war_quest_update2.pcapng,0x50e15ab3,,,,,-1089.930,55.670,9.490,0.0000,false,false
war_quest_update2.pcapng,0x50e15ab4,,,,,-1089.930,55.670,9.490,0.0000,false,false
war_quest_update2.pcapng,0x50e15ab5,,,,,-1089.930,55.670,9.490,0.0000,false,false
war_quest_update2.pcapng,0x50e15ab6,,,,,-1089.930,55.670,9.490,0.0000,false,false
war_quest_update2.pcapng,0x50e15ab8,,,,,-1089.930,55.670,9.490,0.0000,false,false
war_quest_update2.pcapng,0x50e15aba,,,,,-1089.930,55.670,9.490,0.0000,false,false
war_quest_update2.pcapng,0x50e15abb,,,,,-1089.930,55.670,9.490,0.0000,false,false
war_quest_update2.pcapng,0x50e15abc,,,,,-1089.930,55.670,9.490,0.0000,false,false
war_quest_update2.pcapng,0x50e15abd,,,,,-1089.930,55.670,9.490,0.0000,false,false
war_quest_update2.pcapng,0x50e15abe,,,,,-1089.930,55.670,9.490,0.0000,false,false
war_quest_update2.pcapng,0x50e15abf,,,,,-1089.930,55.670,9.490,0.0000,false,false
war_quest_update2.pcapng,0x50e15ac0,,,,,-1089.930,55.670,9.490,0.0000,false,false
war_quest_update2.pcapng,0x50e15ac1,,,,,-1089.930,55.670,9.490,0.0000,false,false
war_quest_update2.pcapng,0x50e15ac2,,,,,-1089.930,55.670,9.490,0.0000,false,false
war_quest_update2.pcapng,0x50e15ac3,,,,,-1089.930,55.670,9.490,0.0000,false,false
war_quest_update2.pcapng,0x50e15ac4,,,,,-1089.930,55.670,9.490,0.0000,false,false
war_quest_update2.pcapng,0x50e15ac5,,,,,-1089.930,55.670,9.490,0.0000,false,false
war_quest_update2.pcapng,0x50e15ac6,,,,,-1089.930,55.670,9.490,0.0000,false,false
war_quest_update2.pcapng,0x50e15ac7,,,,,-1089.930,55.670,9.490,0.0000,false,false
war_quest_update2.pcapng,0x50e15ac8,,,,,-1089.930,55.670,9.490,0.0000,false,false
war_quest_update2.pcapng,0x50e15ac9,,,,,-1089.930,55.670,9.490,0.0000,false,false
war_quest_update2.pcapng,0x50e15aca,,,,,-1089.930,55.670,9.490,0.0000,false,false
war_quest_update2.pcapng,0x50e15acb,,,,,-1089.930,55.670,9.490,0.0000,false,false
war_quest_update2.pcapng,0x50e15acc,,,,,-1089.930,55.670,9.490,0.0000,false,false
war_quest_update2.pcapng,0x50e15acd,,,,,-1089.930,55.670,9.490,0.0000,false,false
war_quest_update2.pcapng,0x50e15ace,,,,,-1089.930,55.670,9.490,0.0000,false,false
war_quest_update2.pcapng,0x50e15acf,,,,,-1089.930,55.670,9.490,0.0000,false,false
war_quest_update2.pcapng,0x50e15ad0,,,,,-1089.930,55.670,9.490,0.0000,false,false
war_quest_update2.pcapng,0x50e15ad1,,,,,-1089.930,55.670,9.490,0.0000,false,false
war_quest_update2.pcapng,0x50e15ad2,,,,,-1089.930,55.670,9.490,0.0000,false,false
war_quest_update2.pcapng,0x50e15ad3,,,,,-1089.930,55.670,9.490,0.0000,false,false
war_quest_update2.pcapng,0x50e15ad5,,,,,-1089.930,55.670,9.490,0.0000,false,false
war_quest_update2.pcapng,0x50e15ad6,,,,,-1089.930,55.670,9.490,0.0000,false,false
war_quest_update2.pcapng,0x50e15ad7,,,,,-1089.930,55.670,9.490,0.0000,false,false
war_quest_update2.pcapng,0x50e15ad8,,,,,-1089.930,55.670,9.490,0.0000,false,false
war_quest_update2.pcapng,0x50e15ad9,,,,,-1089.930,55.670,9.490,0.0000,false,false
war_quest_update2.pcapng,0x50e15ada,,,,,-1089.930,55.670,9.490,0.0000,false,false
war_quest_update2.pcapng,0x50e15adb,,,,,-1089.930,55.670,9.490,0.0000,false,false
war_quest_update2.pcapng,0x50e15adc,,,,,-1089.930,55.670,9.490,0.0000,false,false
war_quest_update2.pcapng,0x50e15add,,,,,-1089.930,55.670,9.490,0.0000,false,false
war_quest_update2.pcapng,0x50e15ade,,,,,-1089.930,55.670,9.490,0.0000,false,false
war_quest_update2.pcapng,0x50e15adf,,,,,-1089.930,55.670,9.490,0.0000,false,false
war_quest_update2.pcapng,0x50e15ae0,,,,,-1089.930,55.670,9.490,0.0000,false,false
war_quest_update2.pcapng,0x50e15ae1,,,,,-1089.930,55.670,9.490,0.0000,false,false
war_quest_update2.pcapng,0x50e15ae2,,,,,-1089.930,55.670,9.490,0.0000,false,false
war_quest_update2.pcapng,0x50e15ae3,,,,,-1089.930,55.670,9.490,0.0000,false,false
war_quest_update2.pcapng,0x50e15ae4,,,,,-1089.930,55.670,9.490,0.0000,false,false
war_quest_update2.pcapng,0x50e15ae5,,,,,-1089.930,55.670,9.490,0.0000,false,false
war_quest_update2.pcapng,0x50e15ae6,,,,,-1089.930,55.670,9.490,0.0000,false,false
war_quest_update2.pcapng,0x50e15ae7,,,,,-1089.930,55.670,9.490,0.0000,false,false
war_quest_update2.pcapng,0x50e15ae8,,,,,-1089.930,55.670,9.490,0.0000,false,false
war_quest_update2.pcapng,0x50e15ae9,,,,,-1089.930,55.670,9.490,0.0000,false,false
war_quest_update2.pcapng,0x50e15aea,,,,,-1089.930,55.670,9.490,0.0000,false,false
war_quest_update2.pcapng,0x50e15aeb,,,,,-1089.930,55.670,9.490,0.0000,false,false
war_quest_update2.pcapng,0x50e15aec,,,,,-1089.930,55.670,9.490,0.0000,false,false
war_quest_update2.pcapng,0x50e15aee,,,,,-1089.930,55.670,9.490,0.0000,false,false
war_quest_update2.pcapng,0x50e15aef,,,,,-1089.930,55.670,9.490,0.0000,false,false
war_quest_update2.pcapng,0x50e15af0,,,,,-1089.930,55.670,9.490,0.0000,false,false
war_quest_update2.pcapng,0x50e15af1,,,,,-1089.930,55.670,9.490,0.0000,false,false
war_quest_update2.pcapng,0x50e15af2,,,,,-1089.930,55.670,9.490,0.0000,false,false
war_quest_update2.pcapng,0x50e15af3,,,,,-1089.930,55.670,9.490,0.0000,false,false
war_quest_update2.pcapng,0x50e15af4,,,,,-1089.930,55.670,9.490,0.0000,false,false
war_quest_update2.pcapng,0x50e15af5,,,,,-1089.930,55.670,9.490,0.0000,false,false
war_quest_update2.pcapng,0x50e15af6,,,,,-1089.930,55.670,9.490,0.0000,false,false
war_quest_update2.pcapng,0x50e15af7,,,,,-1089.930,55.670,9.490,0.0000,false,false
war_quest_update2.pcapng,0x50e15af8,,,,,-1089.930,55.670,9.490,0.0000,false,false
war_quest_update2.pcapng,0x50e15af9,,,,,-1089.930,55.670,9.490,0.0000,false,false
war_quest_update2.pcapng,0x50e15afa,,,,,-1089.930,55.670,9.490,0.0000,false,false
war_quest_update2.pcapng,0x50e15afb,,,,,-1089.930,55.670,9.490,0.0000,false,false
war_quest_update2.pcapng,0x50e15afc,,,,,-1089.930,55.670,9.490,0.0000,false,false
war_quest_update2.pcapng,0x50e15afd,,,,,-1089.930,55.670,9.490,0.0000,false,false
war_quest_update2.pcapng,0x50e15afe,,,,,-1089.930,55.670,9.490,0.0000,false,false
war_quest_update2.pcapng,0x50e15aff,,,,,-1089.930,55.670,9.490,0.0000,false,false
war_quest_update2.pcapng,0x50e15b01,,,,,-1089.930,55.670,9.490,0.0000,false,false
war_quest_update2.pcapng,0x50e15b03,,,,,-1089.930,55.670,9.490,0.0000,false,false
war_quest_update2.pcapng,0x50e15b04,,,,,-1089.930,55.670,9.490,0.0000,false,false
war_quest_update2.pcapng,0x50e15b05,,,,,-1089.930,55.670,9.490,0.0000,false,false
war_quest_update2.pcapng,0x50e15b06,ogreLesserS_wil0Fld03_6T@0AC00,OgreLesserStandard,/Chara/Npc/Monster/Ogre/OgreLesserStandard,wil0Fld03,-2004.871,28.125,-313.950,0.0000,true,true
war_quest_update3.pcapng,0x50e15b5f,petitghostL_wil0Fld03_5q@0AC00,PetitghostLesserStandard,/Chara/Npc/Monster/Petitghost/PetitghostLesserStandard,wil0Fld03,-1042.120,50.969,266.912,0.9271,true,true
war_quest_update3.pcapng,0x50e15b65,orebeetleLe_wil0Fld03_Qk@0AC00,OrebeetleLesserStandard,/Chara/Npc/Monster/Orebeetle/OrebeetleLesserStandard,wil0Fld03,-1158.483,56.914,222.022,0.5421,true,true
