relative_path,kind,post_slug,title,source_url,archive_url,notes
sources/kanican-tables/objects/five-months-in.md,text,five-months-in,FFXIV - Five Months In,https://kanican.livejournal.com/51311.html,https://web.archive.org/web/20260716073931/https://kanican.livejournal.com/51311.html,"published February 2 2011, 14:37; 0 in-page data images recovered, 13 dead placeholders"
sources/kanican-tables/objects/combat-sp-part-1.md,text,combat-sp-part-1,The Mechanics of Combat SP (Part I),https://kanican.livejournal.com/51730.html,https://web.archive.org/web/20250817153700/https://kanican.livejournal.com/51730.html,"published February 13 2011, 18:52; 0 in-page data images recovered, 16 dead placeholders"
sources/kanican-tables/objects/combat-sp-part-2.md,text,combat-sp-part-2,The Mechanics of Combat SP (Part II),https://kanican.livejournal.com/52445.html,https://web.archive.org/web/20260716074008/https://kanican.livejournal.com/52445.html,"published February 18 2011, 00:05; 0 in-page data images recovered, 12 dead placeholders"
sources/kanican-tables/objects/thaumaturge-dodore-solo.md,text,thaumaturge-dodore-solo,Thaumaturge Dodore Solo,https://kanican.livejournal.com/53093.html,https://web.archive.org/web/20260716074052/https://kanican.livejournal.com/53093.html,"published March 3 2011, 01:28; 0 in-page data images recovered, 3 dead placeholders"
sources/kanican-tables/objects/abusing-the-return-ai.md,text,abusing-the-return-ai,"Abusing the ""Return"" AI",https://kanican.livejournal.com/53736.html,https://web.archive.org/web/20260716074125/https://kanican.livejournal.com/53736.html,"published April 29 2011, 00:20; 0 in-page data images recovered, 2 dead placeholders"
sources/kanican-tables/objects/enmity-testing-v118-part-1.md,text,enmity-testing-v118-part-1,FFXIV v1.18 Enmity Testing (Part I),https://kanican.livejournal.com/54094.html,https://web.archive.org/web/20230430113048/https://kanican.livejournal.com/54094.html,"published August 6 2011, 21:47; 0 in-page data images recovered, 1 dead placeholders"
sources/kanican-tables/objects/enmity-table-v118.md,text,enmity-table-v118,XIV Enmity Table v1.18,https://kanican.livejournal.com/54373.html,https://web.archive.org/web/20230430064857/https://kanican.livejournal.com/54373.html,"published August 19 2011, 23:54; 0 in-page data images recovered, 1 dead placeholders"
sources/kanican-tables/objects/stat-testing-1-cure-formula.md,text,stat-testing-1-cure-formula,Stat Testing - Part I (Cure Formula),https://kanican.livejournal.com/54846.html,https://web.archive.org/web/20250815202435/https://kanican.livejournal.com/54846.html,"published January 29 2012, 01:21; 5 in-page data images recovered, 0 dead placeholders"
sources/kanican-tables/objects/stat-testing-2-meva.md,text,stat-testing-2-meva,Stat Testing - Part II (MEVA),https://kanican.livejournal.com/55370.html,https://web.archive.org/web/20260716074200/https://kanican.livejournal.com/55370.html,"published February 4 2012, 13:07; 6 in-page data images recovered, 0 dead placeholders"
sources/kanican-tables/objects/stat-testing-3-physical-damage-taken.md,text,stat-testing-3-physical-damage-taken,Stat Testing - Part III (Physical Damage Taken),https://kanican.livejournal.com/55915.html,https://web.archive.org/web/20230503125930/https://kanican.livejournal.com/55915.html,"published February 21 2012, 17:20; 15 in-page data images recovered, 0 dead placeholders"
sources/kanican-tables/objects/stat-testing-4-critical-damage-bonus.md,text,stat-testing-4-critical-damage-bonus,Stat Testing - Part IV (Critical Damage Bonus),https://kanican.livejournal.com/56489.html,https://web.archive.org/web/20260716074239/https://kanican.livejournal.com/56489.html,"published March 3 2012, 14:24; 14 in-page data images recovered, 0 dead placeholders"
sources/kanican-tables/objects/images/stat-testing-1-cure-formula/01.png,image,stat-testing-1-cure-formula,Stat Testing - Part I (Cure Formula) data image,https://kanican.livejournal.com/54846.html,https://web.archive.org/web/20250815202435/https://kanican.livejournal.com/54846.html,Excel/graph screenshot
sources/kanican-tables/objects/images/stat-testing-1-cure-formula/03.png,image,stat-testing-1-cure-formula,Stat Testing - Part I (Cure Formula) data image,https://kanican.livejournal.com/54846.html,https://web.archive.org/web/20250815202435/https://kanican.livejournal.com/54846.html,Excel/graph screenshot
sources/kanican-tables/objects/images/stat-testing-1-cure-formula/05.png,image,stat-testing-1-cure-formula,Stat Testing - Part I (Cure Formula) data image,https://kanican.livejournal.com/54846.html,https://web.archive.org/web/20250815202435/https://kanican.livejournal.com/54846.html,Excel/graph screenshot
sources/kanican-tables/objects/images/stat-testing-1-cure-formula/06.png,image,stat-testing-1-cure-formula,Stat Testing - Part I (Cure Formula) data image,https://kanican.livejournal.com/54846.html,https://web.archive.org/web/20250815202435/https://kanican.livejournal.com/54846.html,Excel/graph screenshot
sources/kanican-tables/objects/images/stat-testing-1-cure-formula/09.png,image,stat-testing-1-cure-formula,Stat Testing - Part I (Cure Formula) data image,https://kanican.livejournal.com/54846.html,https://web.archive.org/web/20250815202435/https://kanican.livejournal.com/54846.html,Excel/graph screenshot
sources/kanican-tables/objects/images/stat-testing-2-meva/01.png,image,stat-testing-2-meva,Stat Testing - Part II (MEVA) data image,https://kanican.livejournal.com/55370.html,https://web.archive.org/web/20260716074200/https://kanican.livejournal.com/55370.html,Excel/graph screenshot
sources/kanican-tables/objects/images/stat-testing-2-meva/04.png,image,stat-testing-2-meva,Stat Testing - Part II (MEVA) data image,https://kanican.livejournal.com/55370.html,https://web.archive.org/web/20260716074200/https://kanican.livejournal.com/55370.html,Excel/graph screenshot
sources/kanican-tables/objects/images/stat-testing-2-meva/08.png,image,stat-testing-2-meva,Stat Testing - Part II (MEVA) data image,https://kanican.livejournal.com/55370.html,https://web.archive.org/web/20260716074200/https://kanican.livejournal.com/55370.html,Excel/graph screenshot
sources/kanican-tables/objects/images/stat-testing-2-meva/09.png,image,stat-testing-2-meva,Stat Testing - Part II (MEVA) data image,https://kanican.livejournal.com/55370.html,https://web.archive.org/web/20260716074200/https://kanican.livejournal.com/55370.html,Excel/graph screenshot
sources/kanican-tables/objects/images/stat-testing-2-meva/10.png,image,stat-testing-2-meva,Stat Testing - Part II (MEVA) data image,https://kanican.livejournal.com/55370.html,https://web.archive.org/web/20260716074200/https://kanican.livejournal.com/55370.html,Excel/graph screenshot
sources/kanican-tables/objects/images/stat-testing-2-meva/11.png,image,stat-testing-2-meva,Stat Testing - Part II (MEVA) data image,https://kanican.livejournal.com/55370.html,https://web.archive.org/web/20260716074200/https://kanican.livejournal.com/55370.html,Excel/graph screenshot
sources/kanican-tables/objects/images/stat-testing-3-physical-damage-taken/04.png,image,stat-testing-3-physical-damage-taken,Stat Testing - Part III (Physical Damage Taken) data image,https://kanican.livejournal.com/55915.html,https://web.archive.org/web/20230503125930/https://kanican.livejournal.com/55915.html,Excel/graph screenshot
sources/kanican-tables/objects/images/stat-testing-3-physical-damage-taken/05.png,image,stat-testing-3-physical-damage-taken,Stat Testing - Part III (Physical Damage Taken) data image,https://kanican.livejournal.com/55915.html,https://web.archive.org/web/20230503125930/https://kanican.livejournal.com/55915.html,Excel/graph screenshot
sources/kanican-tables/objects/images/stat-testing-3-physical-damage-taken/07.png,image,stat-testing-3-physical-damage-taken,Stat Testing - Part III (Physical Damage Taken) data image,https://kanican.livejournal.com/55915.html,https://web.archive.org/web/20230503125930/https://kanican.livejournal.com/55915.html,Excel/graph screenshot
sources/kanican-tables/objects/images/stat-testing-3-physical-damage-taken/08.png,image,stat-testing-3-physical-damage-taken,Stat Testing - Part III (Physical Damage Taken) data image,https://kanican.livejournal.com/55915.html,https://web.archive.org/web/20230503125930/https://kanican.livejournal.com/55915.html,Excel/graph screenshot
sources/kanican-tables/objects/images/stat-testing-3-physical-damage-taken/10.png,image,stat-testing-3-physical-damage-taken,Stat Testing - Part III (Physical Damage Taken) data image,https://kanican.livejournal.com/55915.html,https://web.archive.org/web/20230503125930/https://kanican.livejournal.com/55915.html,Excel/graph screenshot
sources/kanican-tables/objects/images/stat-testing-3-physical-damage-taken/11.png,image,stat-testing-3-physical-damage-taken,Stat Testing - Part III (Physical Damage Taken) data image,https://kanican.livejournal.com/55915.html,https://web.archive.org/web/20230503125930/https://kanican.livejournal.com/55915.html,Excel/graph screenshot
sources/kanican-tables/objects/images/stat-testing-3-physical-damage-taken/12.png,image,stat-testing-3-physical-damage-taken,Stat Testing - Part III (Physical Damage Taken) data image,https://kanican.livejournal.com/55915.html,https://web.archive.org/web/20230503125930/https://kanican.livejournal.com/55915.html,Excel/graph screenshot
sources/kanican-tables/objects/images/stat-testing-3-physical-damage-taken/13.png,image,stat-testing-3-physical-damage-taken,Stat Testing - Part III (Physical Damage Taken) data image,https://kanican.livejournal.com/55915.html,https://web.archive.org/web/20230503125930/https://kanican.livejournal.com/55915.html,Excel/graph screenshot
sources/kanican-tables/objects/images/stat-testing-3-physical-damage-taken/15.png,image,stat-testing-3-physical-damage-taken,Stat Testing - Part III (Physical Damage Taken) data image,https://kanican.livejournal.com/55915.html,https://web.archive.org/web/20230503125930/https://kanican.livejournal.com/55915.html,Excel/graph screenshot
sources/kanican-tables/objects/images/stat-testing-3-physical-damage-taken/17.png,image,stat-testing-3-physical-damage-taken,Stat Testing - Part III (Physical Damage Taken) data image,https://kanican.livejournal.com/55915.html,https://web.archive.org/web/20230503125930/https://kanican.livejournal.com/55915.html,Excel/graph screenshot
sources/kanican-tables/objects/images/stat-testing-3-physical-damage-taken/19.png,image,stat-testing-3-physical-damage-taken,Stat Testing - Part III (Physical Damage Taken) data image,https://kanican.livejournal.com/55915.html,https://web.archive.org/web/20230503125930/https://kanican.livejournal.com/55915.html,Excel/graph screenshot
sources/kanican-tables/objects/images/stat-testing-3-physical-damage-taken/21.png,image,stat-testing-3-physical-damage-taken,Stat Testing - Part III (Physical Damage Taken) data image,https://kanican.livejournal.com/55915.html,https://web.archive.org/web/20230503125930/https://kanican.livejournal.com/55915.html,Excel/graph screenshot
sources/kanican-tables/objects/images/stat-testing-3-physical-damage-taken/23.png,image,stat-testing-3-physical-damage-taken,Stat Testing - Part III (Physical Damage Taken) data image,https://kanican.livejournal.com/55915.html,https://web.archive.org/web/20230503125930/https://kanican.livejournal.com/55915.html,Excel/graph screenshot
sources/kanican-tables/objects/images/stat-testing-3-physical-damage-taken/24.png,image,stat-testing-3-physical-damage-taken,Stat Testing - Part III (Physical Damage Taken) data image,https://kanican.livejournal.com/55915.html,https://web.archive.org/web/20230503125930/https://kanican.livejournal.com/55915.html,Excel/graph screenshot
sources/kanican-tables/objects/images/stat-testing-3-physical-damage-taken/25.png,image,stat-testing-3-physical-damage-taken,Stat Testing - Part III (Physical Damage Taken) data image,https://kanican.livejournal.com/55915.html,https://web.archive.org/web/20230503125930/https://kanican.livejournal.com/55915.html,Excel/graph screenshot
sources/kanican-tables/objects/images/stat-testing-4-critical-damage-bonus/01.png,image,stat-testing-4-critical-damage-bonus,Stat Testing - Part IV (Critical Damage Bonus) data image,https://kanican.livejournal.com/56489.html,https://web.archive.org/web/20260716074239/https://kanican.livejournal.com/56489.html,Excel/graph screenshot
sources/kanican-tables/objects/images/stat-testing-4-critical-damage-bonus/02.png,image,stat-testing-4-critical-damage-bonus,Stat Testing - Part IV (Critical Damage Bonus) data image,https://kanican.livejournal.com/56489.html,https://web.archive.org/web/20260716074239/https://kanican.livejournal.com/56489.html,Excel/graph screenshot
sources/kanican-tables/objects/images/stat-testing-4-critical-damage-bonus/03.png,image,stat-testing-4-critical-damage-bonus,Stat Testing - Part IV (Critical Damage Bonus) data image,https://kanican.livejournal.com/56489.html,https://web.archive.org/web/20260716074239/https://kanican.livejournal.com/56489.html,Excel/graph screenshot
sources/kanican-tables/objects/images/stat-testing-4-critical-damage-bonus/05.png,image,stat-testing-4-critical-damage-bonus,Stat Testing - Part IV (Critical Damage Bonus) data image,https://kanican.livejournal.com/56489.html,https://web.archive.org/web/20260716074239/https://kanican.livejournal.com/56489.html,Excel/graph screenshot
sources/kanican-tables/objects/images/stat-testing-4-critical-damage-bonus/06.png,image,stat-testing-4-critical-damage-bonus,Stat Testing - Part IV (Critical Damage Bonus) data image,https://kanican.livejournal.com/56489.html,https://web.archive.org/web/20260716074239/https://kanican.livejournal.com/56489.html,Excel/graph screenshot
sources/kanican-tables/objects/images/stat-testing-4-critical-damage-bonus/07.png,image,stat-testing-4-critical-damage-bonus,Stat Testing - Part IV (Critical Damage Bonus) data image,https://kanican.livejournal.com/56489.html,https://web.archive.org/web/20260716074239/https://kanican.livejournal.com/56489.html,Excel/graph screenshot
sources/kanican-tables/objects/images/stat-testing-4-critical-damage-bonus/08.png,image,stat-testing-4-critical-damage-bonus,Stat Testing - Part IV (Critical Damage Bonus) data image,https://kanican.livejournal.com/56489.html,https://web.archive.org/web/20260716074239/https://kanican.livejournal.com/56489.html,Excel/graph screenshot
sources/kanican-tables/objects/images/stat-testing-4-critical-damage-bonus/11.png,image,stat-testing-4-critical-damage-bonus,Stat Testing - Part IV (Critical Damage Bonus) data image,https://kanican.livejournal.com/56489.html,https://web.archive.org/web/20260716074239/https://kanican.livejournal.com/56489.html,Excel/graph screenshot
sources/kanican-tables/objects/images/stat-testing-4-critical-damage-bonus/12.png,image,stat-testing-4-critical-damage-bonus,Stat Testing - Part IV (Critical Damage Bonus) data image,https://kanican.livejournal.com/56489.html,https://web.archive.org/web/20260716074239/https://kanican.livejournal.com/56489.html,Excel/graph screenshot
sources/kanican-tables/objects/images/stat-testing-4-critical-damage-bonus/13.png,image,stat-testing-4-critical-damage-bonus,Stat Testing - Part IV (Critical Damage Bonus) data image,https://kanican.livejournal.com/56489.html,https://web.archive.org/web/20260716074239/https://kanican.livejournal.com/56489.html,Excel/graph screenshot
sources/kanican-tables/objects/images/stat-testing-4-critical-damage-bonus/14.png,image,stat-testing-4-critical-damage-bonus,Stat Testing - Part IV (Critical Damage Bonus) data image,https://kanican.livejournal.com/56489.html,https://web.archive.org/web/20260716074239/https://kanican.livejournal.com/56489.html,Excel/graph screenshot
sources/kanican-tables/objects/images/stat-testing-4-critical-damage-bonus/16.png,image,stat-testing-4-critical-damage-bonus,Stat Testing - Part IV (Critical Damage Bonus) data image,https://kanican.livejournal.com/56489.html,https://web.archive.org/web/20260716074239/https://kanican.livejournal.com/56489.html,Excel/graph screenshot
sources/kanican-tables/objects/images/stat-testing-4-critical-damage-bonus/20.png,image,stat-testing-4-critical-damage-bonus,Stat Testing - Part IV (Critical Damage Bonus) data image,https://kanican.livejournal.com/56489.html,https://web.archive.org/web/20260716074239/https://kanican.livejournal.com/56489.html,Excel/graph screenshot
sources/kanican-tables/objects/images/stat-testing-4-critical-damage-bonus/21.png,image,stat-testing-4-critical-damage-bonus,Stat Testing - Part IV (Critical Damage Bonus) data image,https://kanican.livejournal.com/56489.html,https://web.archive.org/web/20260716074239/https://kanican.livejournal.com/56489.html,Excel/graph screenshot
