client_display_name,actor_id_count,actor_ids,client_race_id,client_race_name,client_race_block,likely_cause,ge_npc_page,ge_npc_zones
****,1,2110601,1106,黒子,,placeholder,,
11th order patriarch gu bu,2,2206610 2206613,1066,Kobold,,ge-gap,,
59th order matriarch go zu,1,2206623,1066,Kobold,,ge-gap,,
???,11,2110101 2110102 2110103 2110104 2110105 2110106 2110107 2110108,1101,戦士 (仮),,placeholder,???,Mor Dhona
abacus slug,1,2304205,1042,Slug,,ge-gap,,
acid bomb,1,2201608,1016,Bomb,,ge-gap,,
aging archaeologist,1,2290051,1900,,"friendly NPCs that take part in combat, not monsters: hamlet militia, Grand Company scouts, story allies and escort targets; the ally side of the same content as 1800",not-a-monster,,
agitated aurelia,1,2205409,1054,Jellyfish,,ge-gap,,
ajattara,1,2200707,1007,Basilisk,,ge-gap,,
albin,1,2290042,1900,,"friendly NPCs that take part in combat, not monsters: hamlet militia, Grand Company scouts, story allies and escort targets; the ally side of the same content as 1800",not-a-monster,,
aloes rosetrap,1,2302705,1027,Flytrap,,ge-gap,,
alpha dreadwolf,1,2201422,1014,Wolf/Hyena/Hellhound,,ge-gap,,
alpha imp,1,2202609,1026,Imp,,ge-gap,,
amalj'aa,6,2206506 2206513 2206519 2206520 2206521 2206522,1065,Amlaj'aa,,race-name-only,,
amalj'aa archer,2,2106516 2206512,1065,Amlaj'aa,,ge-gap,,
amalj'aa augur,6,2106524 2106525 2106526 2106527 2106528 2206518,1065,Amlaj'aa,,ge-gap,,
amalj'aa drudge,1,2106542,1065,Amlaj'aa,,ge-gap,,
amalj'aa halberdier,1,2106509,1065,Amlaj'aa,,ge-gap,,
amalj'aa harpooner,3,2162013 2162014 2162015,1620,,"a second Amalj'aa roster, named by office and stronghold rather than by job - the Zahar'ak garrison, its clerical titles and the Burned converts; near-disjoint in naming from race 1065, which holds the rest of the Amalj'aa, but overlapping it in both zone and level",second-roster-filler,,
amalj'aa high divinator,1,2206527,1065,Amlaj'aa,,ge-gap,,
amalj'aa impaler,5,2106510 2106511 2106512 2106513 2106514,1065,Amlaj'aa,,ge-gap,,
amalj'aa marksman,5,2106517 2106518 2106519 2106520 2106521,1065,Amlaj'aa,,ge-gap,,
amalj'aa mesmerizer,1,2106523,1065,Amlaj'aa,,ge-gap,,
amalj'aa pennoncier,1,2206525,1065,Amlaj'aa,,ge-gap,,
amalj'aa pennoncier captain,1,2206526,1065,Amlaj'aa,,ge-gap,,
amalj'aa ranger,3,2162004 2162005 2162006,1620,,"a second Amalj'aa roster, named by office and stronghold rather than by job - the Zahar'ak garrison, its clerical titles and the Burned converts; near-disjoint in naming from race 1065, which holds the rest of the Amalj'aa, but overlapping it in both zone and level",second-roster-filler,,
amalj'aa scout,3,2162022 2162023 2162024,1620,,"a second Amalj'aa roster, named by office and stronghold rather than by job - the Zahar'ak garrison, its clerical titles and the Burned converts; near-disjoint in naming from race 1065, which holds the rest of the Amalj'aa, but overlapping it in both zone and level",second-roster-filler,,
amalj'aa seer,3,2162028 2162029 2162030,1620,,"a second Amalj'aa roster, named by office and stronghold rather than by job - the Zahar'ak garrison, its clerical titles and the Burned converts; near-disjoint in naming from race 1065, which holds the rest of the Amalj'aa, but overlapping it in both zone and level",second-roster-filler,,
amalj'aa warrior,8,2106529 2106530 2106531 2106532 2106533 2106534 2106535 2106536,1065,Amlaj'aa,,ge-gap,,
ambitious alchemist,1,2290048,1900,,"friendly NPCs that take part in combat, not monsters: hamlet militia, Grand Company scouts, story allies and escort targets; the ally side of the same content as 1800",not-a-monster,,
angry lead coblyn,1,2202113,1021,Coblyn,,ge-gap,,
angry mongrel,1,2101410,1014,Wolf/Hyena/Hellhound,,ge-gap,,
antling,9,2103006 2103007 2103008 2103009 2103013 2203004 2203005 2203006,1030,Antling,,race-name-only,,
antling drone,1,2203009,1030,Antling,,ge-gap,,
apostate harrier,1,2180142,1801,,"brigands - footpads, highwaymen, raiders - and most of the lunatic cult, the rest of which is in 1803",faction-filler,,
arbor bee swarm,1,2105304,1053,Swarm,,ge-gap,,
arges,1,2210701,1107,サイクロプス,,named-boss-gap,,
ashkin walker,1,2201805,1018,Zombie,,ge-gap,,
audacious harrier,1,2180134,1801,,"brigands - footpads, highwaymen, raiders - and most of the lunatic cult, the rest of which is in 1803",faction-filler,,
audhumbla,1,2100804,1008,Buffalo,,named-boss-gap,,
babe snatcher,1,2203906,1039,Weevil,,ge-gap,,
bandit archer,8,2180128 2180129 2180169 2180170 2180171 2280139 2280140 2289034,1801,,"brigands - footpads, highwaymen, raiders - and most of the lunatic cult, the rest of which is in 1803",faction-filler,,
bandit bowman,2,2280141 2280142,1801,,"brigands - footpads, highwaymen, raiders - and most of the lunatic cult, the rest of which is in 1803",faction-filler,,
bandit butcher,1,2289031,1890,,"named opponents of scripted fights - job-quest champions, coliseum challengers, Grand Company and bandit duel squads; 93 percent of its GE mobs are notorious monsters against a 12 percent baseline, and it sits past a deliberate gap from the 80x faction run",faction-filler,,
bandit caster,2,2280145 2280146,1801,,"brigands - footpads, highwaymen, raiders - and most of the lunatic cult, the rest of which is in 1803",faction-filler,,
bandit grappler,1,2289033,1890,,"named opponents of scripted fights - job-quest champions, coliseum challengers, Grand Company and bandit duel squads; 93 percent of its GE mobs are notorious monsters against a 12 percent baseline, and it sits past a deliberate gap from the 80x faction run",faction-filler,,
bandit halberdier,1,2180127,1801,,"brigands - footpads, highwaymen, raiders - and most of the lunatic cult, the rest of which is in 1803",faction-filler,,
bandit lancer,1,2289032,1890,,"named opponents of scripted fights - job-quest champions, coliseum challengers, Grand Company and bandit duel squads; 93 percent of its GE mobs are notorious monsters against a 12 percent baseline, and it sits past a deliberate gap from the 80x faction run",faction-filler,,
bandit mage,7,2180131 2180132 2180163 2180164 2180165 2280143 2280144,1801,,"brigands - footpads, highwaymen, raiders - and most of the lunatic cult, the rest of which is in 1803",faction-filler,,
bandit marksman,1,2180130,1801,,"brigands - footpads, highwaymen, raiders - and most of the lunatic cult, the rest of which is in 1803",faction-filler,,
bandit pathfinder,1,2280165,1801,,"brigands - footpads, highwaymen, raiders - and most of the lunatic cult, the rest of which is in 1803",faction-filler,,
bandit scout,1,2280164,1801,,"brigands - footpads, highwaymen, raiders - and most of the lunatic cult, the rest of which is in 1803",faction-filler,,
bandit skirmisher,2,2280137 2280138,1801,,"brigands - footpads, highwaymen, raiders - and most of the lunatic cult, the rest of which is in 1803",faction-filler,,
bandit sorceror,1,2180133,1801,,"brigands - footpads, highwaymen, raiders - and most of the lunatic cult, the rest of which is in 1803",faction-filler,,
baraquel,1,2203504,1035,Gargoyle,,named-boss-gap,,
bat,3,2104110 2204107 2204108,1041,Bat,,race-name-only,,
battle wolf,1,2101423,1014,Wolf/Hyena/Hellhound,,ge-gap,,
bee swarm,1,2105313,1053,Swarm,,ge-gap,,
befuddled bat,1,2204109,1041,Bat,,ge-gap,,
beleaguered botanist,1,2290046,1900,,"friendly NPCs that take part in combat, not monsters: hamlet militia, Grand Company scouts, story allies and escort targets; the ally side of the same content as 1800",not-a-monster,Beleaguered Botanist,
big-bellied orobon,1,2204509,1045,Angler,,ge-gap,,
billygoat,1,2102312,1023,Aldgoats,,ge-gap,,
bison,2,2100802 2200802,1008,Buffalo,,ge-gap,,
bizarre blacksmith,1,2290023,1900,,"friendly NPCs that take part in combat, not monsters: hamlet militia, Grand Company scouts, story allies and escort targets; the ally side of the same content as 1800",not-a-monster,Bizarre Blacksmith,
black crow archer,2,2180215 2180216,1802,,"pirates - buccaneers, Black Crow, Kraken, Mistbeard",faction-filler,,
blood-eyed buzzard,2,2201201 2201202,1012,Vulture,,ge-gap,,
bloodhound,1,2201417,1014,Wolf/Hyena/Hellhound,,ge-gap,,
bloodshore eft,1,2101303,1013,Salamander,,ge-gap,,
bloodsucker,1,2104211,1042,Slug,,ge-gap,,
blue dewflower sylph,1,2206706,1067,Sylph,,ge-gap,,
boar,2,2101511 2201504,1015,Boar,,race-name-only,,
boar poacher,3,2280128 2280129 2280130,1801,,"brigands - footpads, highwaymen, raiders - and most of the lunatic cult, the rest of which is in 1803",faction-filler,,
bombard,2,2201606 2201611,1016,Bomb,,named-boss-gap,Bombard,"South Shroud, Lower La Noscea, Southern Thanalan"
bombard king,2,2201607 2201612,1016,Bomb,,ge-gap,Bombard King,"South Shroud, Lower La Noscea, Southern Thanalan"
bonny,1,2210509,1105,チョコボ,,mount-or-companion,Bonny,Western Thanalan
brazen-faced broker,2,2290024 2290028,1900,,"friendly NPCs that take part in combat, not monsters: hamlet militia, Grand Company scouts, story allies and escort targets; the ally side of the same content as 1800",not-a-monster,,
brontes,1,2210702,1107,サイクロプス,,named-boss-gap,,
brutal karakul ewe,1,2206011,1060,Sheep,,ge-gap,,
brutal karakul ram,1,2206012,1060,Sheep,,ge-gap,,
bryce the bold,1,2289020,1890,,"named opponents of scripted fights - job-quest champions, coliseum challengers, Grand Company and bandit duel squads; 93 percent of its GE mobs are notorious monsters against a 12 percent baseline, and it sits past a deliberate gap from the 80x faction run",faction-filler,,
burchard,1,2290019,1900,,"friendly NPCs that take part in combat, not monsters: hamlet militia, Grand Company scouts, story allies and escort targets; the ally side of the same content as 1800",not-a-monster,Burchard,Gridania
burned scrivner,1,2162060,1620,,"a second Amalj'aa roster, named by office and stronghold rather than by job - the Zahar'ak garrison, its clerical titles and the Burned converts; near-disjoint in naming from race 1065, which holds the rest of the Amalj'aa, but overlapping it in both zone and level",second-roster-filler,,
burned sister,1,2162038,1620,,"a second Amalj'aa roster, named by office and stronghold rather than by job - the Zahar'ak garrison, its clerical titles and the Burned converts; near-disjoint in naming from race 1065, which holds the rest of the Amalj'aa, but overlapping it in both zone and level",second-roster-filler,,
butch,1,2210513,1105,チョコボ,,mount-or-companion,Butch,North Shroud
butcher basilisk,1,2200705,1007,Basilisk,,ge-gap,,
carbonized coblyn,1,2202115,1021,Coblyn,,ge-gap,,
carnivorous cassiopeia,1,2205410,1054,Jellyfish,,ge-gap,,
cave crab,1,2207609,1076,Crab,,ge-gap,,
cave yarzon,1,2205519,1055,Yarzon,,ge-gap,,
charledore the steadfast,1,2289025,1890,,"named opponents of scripted fights - job-quest champions, coliseum challengers, Grand Company and bandit duel squads; 93 percent of its GE mobs are notorious monsters against a 12 percent baseline, and it sits past a deliberate gap from the 80x faction run",faction-filler,,
chasm condor,1,2101206,1012,Vulture,,ge-gap,,
chimera,1,2308701,1087,キマイラ (仮),,race-name-only,,
chirada,1,2209515,1095,Garuda,,named-boss-gap,,
chitinous coblyn,2,2202104 2202105,1021,Coblyn,,ge-gap,,
choc,1,2210504,1105,チョコボ,,mount-or-companion,Choc,South Shroud
choca,1,2210506,1105,チョコボ,,mount-or-companion,Choca,South Shroud
choco,1,2210505,1105,チョコボ,,mount-or-companion,Choco,South Shroud
cinderwing,1,2101208,1012,Vulture,,ge-gap,,
clay golem,1,2208903,1089,Golem (1.2),,ge-gap,,
clever dodo,1,2202011,1020,Cockatrice,,ge-gap,,
cliff yarzon,1,2205509,1055,Yarzon,,ge-gap,,
cloud dragon,1,2208101,1081,エリマキトカゲ (仮),,ge-gap,,
coblyn,3,2102125 2102126 2202109,1021,Coblyn,,race-name-only,,
coco,1,2210502,1105,チョコボ,,mount-or-companion,,
coerthas spriggan,1,2206207,1062,Spriggan,,ge-gap,,
coeurl,1,2203204,1032,Couerl,,race-name-only,,
coincounter,3,2110701 2110702 2310701,1107,サイクロプス,,named-boss-gap,,
colbert the cunning,1,2289019,1890,,"named opponents of scripted fights - job-quest champions, coliseum challengers, Grand Company and bandit duel squads; 93 percent of its GE mobs are notorious monsters against a 12 percent baseline, and it sits past a deliberate gap from the 80x faction run",faction-filler,,
coliseum mite,1,2201108,1011,Crab,,ge-gap,,
coliseum yarzon,1,2205517,1055,Yarzon,,ge-gap,,
corridor condor,2,2201203 2201204,1012,Vulture,,ge-gap,,
courting banemite,1,2201112,1011,Crab,,ge-gap,,
courting diremite,1,2201111,1011,Crab,,ge-gap,,
crab,1,2107615,1076,Crab,,race-name-only,,
curious pteroc,1,2200110,1001,Puk,,ge-gap,,
daring harrier,2,2180135 2180136,1801,,"brigands - footpads, highwaymen, raiders - and most of the lunatic cult, the rest of which is in 1803",faction-filler,,
dart slug,1,2204211,1042,Slug,,ge-gap,,
dastardly devilet,2,2102607 2102608,1026,Imp,,ge-gap,,
deadly dormouse,2,2104016 2104020,1040,Rat,,ge-gap,,
deadly nightshade,1,2202714,1027,Flytrap,,ge-gap,,
death-marked billygoat,1,2202303,1023,Aldgoats,,ge-gap,,
deepground angler,1,2204508,1045,Angler,,ge-gap,,
deepsea angler,1,2204507,1045,Angler,,ge-gap,,
deepvoid butcher,2,2103504 2103505,1035,Gargoyle,,ge-gap,,
deepvoid slave,3,2102507 2102508 2302501,1025,Ogre,,ge-gap,,
delinquent sylph,8,2206707 2206708 2206709 2206710 2206711 2206712 2206713 2206714,1067,Sylph,,ge-gap,,
denston,1,2290044,1900,,"friendly NPCs that take part in combat, not monsters: hamlet militia, Grand Company scouts, story allies and escort targets; the ally side of the same content as 1800",not-a-monster,,
desert rose,2,2100909 2100913,1009,Sabotender,,ge-gap,,
diaphanous doblyn,2,2202107 2202108,1021,Coblyn,,ge-gap,,
djigga,1,2205609,1056,Chigoe,,ge-gap,,
doblyn,1,2202110,1021,Coblyn,,ge-gap,,
doe,3,2100310 2200305 2200308,1003,Antelope,,ge-gap,,
dragon,4,2106801 2106802 2106803 2106804,1068,Dragon,,race-name-only,,
draught drake,1,2102202,1022,Drake,,ge-gap,,
dung gnat,1,2200603,1006,Gnat,,ge-gap,,
dung midge swarm,2,2105311 2105312,1053,Swarm,,ge-gap,,
dusk bat,1,2104104,1041,Bat,,ge-gap,,
earth homunculus,2,2104907 2104908,1049,Earth Elemental,,ge-gap,,
easygoing adventurer,2,2290026 2290030,1900,,"friendly NPCs that take part in combat, not monsters: hamlet militia, Grand Company scouts, story allies and escort targets; the ally side of the same content as 1800",not-a-monster,,
eft,3,2101301 2101302 2101319,1013,Salamander,,ge-gap,,
eft poacher,5,2180119 2180120 2180121 2180159 2180160,1801,,"brigands - footpads, highwaymen, raiders - and most of the lunatic cult, the rest of which is in 1803",faction-filler,,
elder goobbue,1,2103304,1033,Goobbue,,ge-gap,,
elemental,1,2205203,1052,Elemental,,race-name-only,,
elite sagittarius,2,2180018 2280068,1800,,"Garlean imperial legion - 117 actors over one ladder of seven Roman line ranks in three tiers, deployed five times. `imperial` line at level 50-55 and `elite` line at 56 hold Castrum Novum, `VIIth Legion` line at 54-55 holds it and Mor Dhona, the `imperial` skirmish ranks hold East Shroud and the Dzemael Darkhold, and the `elite` skirmish ranks roam four field zones as the hamlet-invasion attackers populaceWaveAttack.csv calls imperial troopers. The tier and the rank family pick the deployment, not the id band",faction-filler,,
emerick,1,2290011,1900,,"friendly NPCs that take part in combat, not monsters: hamlet militia, Grand Company scouts, story allies and escort targets; the ally side of the same content as 1800",not-a-monster,Emerick,Limsa Lominsa
enraged nannygoat,1,2202307,1023,Aldgoats,,ge-gap,,
errant spirit,1,2104306,1043,Ghost,,ge-gap,,
escaped lemming,1,2204005,1040,Rat,,ge-gap,,
f'lhaminn,1,2290008,1900,,"friendly NPCs that take part in combat, not monsters: hamlet militia, Grand Company scouts, story allies and escort targets; the ally side of the same content as 1800",not-a-monster,F'lhaminn,
fang,1,2203203,1032,Couerl,,named-boss-gap,,
farrimond,1,2290018,1900,,"friendly NPCs that take part in combat, not monsters: hamlet militia, Grand Company scouts, story allies and escort targets; the ally side of the same content as 1800",not-a-monster,,
fire homunculus,1,2104607,1046,Fire Elemental,,ge-gap,,
flame scout,1,2290052,1900,,"friendly NPCs that take part in combat, not monsters: hamlet militia, Grand Company scouts, story allies and escort targets; the ally side of the same content as 1800",not-a-monster,,
flan,6,2103403 2103404 2203401 2203402 2203403 2203404,1034,Flan,,race-name-only,,
fledgling apkallu,3,2102906 2102907 2102908,1029,Apkallu,,ge-gap,,
fleet-footed footpad,1,2280102,1801,,"brigands - footpads, highwaymen, raiders - and most of the lunatic cult, the rest of which is in 1803",faction-filler,,
fleet-footed highwayman,1,2280104,1801,,"brigands - footpads, highwaymen, raiders - and most of the lunatic cult, the rest of which is in 1803",faction-filler,,
fleet-footed raider,1,2280106,1801,,"brigands - footpads, highwaymen, raiders - and most of the lunatic cult, the rest of which is in 1803",faction-filler,,
flickering firefly,1,2205805,1058,Firefly,,ge-gap,,
forest familiar,1,2204011,1040,Rat,,ge-gap,,
frenzied anemone,1,2205406,1054,Jellyfish,,ge-gap,,
frightened crab,1,2207613,1076,Crab,,ge-gap,,
frightened foreman,1,2290047,1900,,"friendly NPCs that take part in combat, not monsters: hamlet militia, Grand Company scouts, story allies and escort targets; the ally side of the same content as 1800",not-a-monster,,
funguar,2,2105913 2205905,1059,Funguar,,race-name-only,,
fyrilskyf,1,2290041,1900,,"friendly NPCs that take part in combat, not monsters: hamlet militia, Grand Company scouts, story allies and escort targets; the ally side of the same content as 1800",not-a-monster,,
galago,2,2100511 2200506,1005,Opo-opo,,ge-gap,,
gargoyle,5,2103501 2103502 2103503 2203501 2203502,1035,Gargoyle,,race-name-only,,
gilly,1,2210507,1105,チョコボ,,mount-or-companion,Gilly,Western Thanalan
giltrap,1,2302703,1027,Flytrap,,ge-gap,,
gnat,3,2100611 2200604 2200605,1006,Gnat,,race-name-only,,
gnattrap,1,2102711,1027,Flytrap,,ge-gap,,
gnawing gnat,1,2100609,1006,Gnat,,ge-gap,,
go zu's sword bearer,1,2206624,1066,Kobold,,ge-gap,,
goblin,3,2110314 2210301 2210302,1103,Goblin,,race-name-only,,
goblin bushwhacker,1,2110310,1103,Goblin,,ge-gap,,
goblin butcher,2,2110307 2110308,1103,Goblin,,ge-gap,,
goblin robber,1,2210303,1103,Goblin,,ge-gap,,
goldfang adebb chah,1,2206515,1065,Amlaj'aa,,ge-gap,,
golem,2,2208901 2208902,1089,Golem (1.2),,race-name-only,,
golem tender,3,2206211 2206212 2206213,1062,Spriggan,,ge-gap,,
good king moggle mog xii,1,2210408,1104,モーグリ,,ge-gap,,
greedy orobon,1,2204503,1045,Angler,,ge-gap,,
greinfarr,1,2290014,1900,,"friendly NPCs that take part in combat, not monsters: hamlet militia, Grand Company scouts, story allies and escort targets; the ally side of the same content as 1800",not-a-monster,Greinfarr,Ul'dah
grinnaux,1,2290015,1900,,"friendly NPCs that take part in combat, not monsters: hamlet militia, Grand Company scouts, story allies and escort targets; the ally side of the same content as 1800",not-a-monster,Grinnaux,Gridania
handeloup,1,2290016,1900,,"friendly NPCs that take part in combat, not monsters: hamlet militia, Grand Company scouts, story allies and escort targets; the ally side of the same content as 1800",not-a-monster,Handeloup,Gridania
headsman's hex,1,2106473,1064,Ixal,,ge-gap,,
headsman's lance,1,2106452,1064,Ixal,,ge-gap,,
hearty victual,1,2304202,1042,Slug,,ge-gap,,
hedgeless hedgemole,1,2205712,1057,Hedgemole,,ge-gap,,
hellbringer c'kepaga,1,2289021,1890,,"named opponents of scripted fights - job-quest champions, coliseum challengers, Grand Company and bandit duel squads; 93 percent of its GE mobs are notorious monsters against a 12 percent baseline, and it sits past a deliberate gap from the 80x faction run",faction-filler,,
hellhound,2,2109801 2209801,1098,カーシー (仮),,ge-gap,,
herald imp,2,2102603 2102604,1026,Imp,,ge-gap,,
heretical harrier,3,2280148 2280149 2280150,1801,,"brigands - footpads, highwaymen, raiders - and most of the lunatic cult, the rest of which is in 1803",faction-filler,,
hexing harrier,2,2180140 2180141,1801,,"brigands - footpads, highwaymen, raiders - and most of the lunatic cult, the rest of which is in 1803",faction-filler,,
highland condor,1,2101207,1012,Vulture,,ge-gap,,
hog,2,2101510 2201503,1015,Boar,,ge-gap,,
hooknosed wylla,1,2280134,1801,,"brigands - footpads, highwaymen, raiders - and most of the lunatic cult, the rest of which is in 1803",faction-filler,,
hurrey,1,2290022,1900,,"friendly NPCs that take part in combat, not monsters: hamlet militia, Grand Company scouts, story allies and escort targets; the ally side of the same content as 1800",not-a-monster,Hurrey,
immortal bladedancer,1,2289026,1890,,"named opponents of scripted fights - job-quest champions, coliseum challengers, Grand Company and bandit duel squads; 93 percent of its GE mobs are notorious monsters against a 12 percent baseline, and it sits past a deliberate gap from the 80x faction run",faction-filler,,
immortal lightspinner,1,2289027,1890,,"named opponents of scripted fights - job-quest champions, coliseum challengers, Grand Company and bandit duel squads; 93 percent of its GE mobs are notorious monsters against a 12 percent baseline, and it sits past a deliberate gap from the 80x faction run",faction-filler,,
immortal shadowspinner,1,2289029,1890,,"named opponents of scripted fights - job-quest champions, coliseum challengers, Grand Company and bandit duel squads; 93 percent of its GE mobs are notorious monsters against a 12 percent baseline, and it sits past a deliberate gap from the 80x faction run",faction-filler,,
immortal speardancer,1,2289028,1890,,"named opponents of scripted fights - job-quest champions, coliseum challengers, Grand Company and bandit duel squads; 93 percent of its GE mobs are notorious monsters against a 12 percent baseline, and it sits past a deliberate gap from the 80x faction run",faction-filler,,
imp,4,2102601 2102602 2102610 2202607,1026,Imp,,race-name-only,,
imperial bestiarius,2,2280017 2280026,1800,,"Garlean imperial legion - 117 actors over one ladder of seven Roman line ranks in three tiers, deployed five times. `imperial` line at level 50-55 and `elite` line at 56 hold Castrum Novum, `VIIth Legion` line at 54-55 holds it and Mor Dhona, the `imperial` skirmish ranks hold East Shroud and the Dzemael Darkhold, and the `elite` skirmish ranks roam four field zones as the hamlet-invasion attackers populaceWaveAttack.csv calls imperial troopers. The tier and the rank family pick the deployment, not the id band",faction-filler,,
imperial centurion,6,2107002 2207001 2207004 2207006 2207008 2207009,1070,Imperial,,ge-gap,,
imperial funditor,2,2280018 2280027,1800,,"Garlean imperial legion - 117 actors over one ladder of seven Roman line ranks in three tiers, deployed five times. `imperial` line at level 50-55 and `elite` line at 56 hold Castrum Novum, `VIIth Legion` line at 54-55 holds it and Mor Dhona, the `imperial` skirmish ranks hold East Shroud and the Dzemael Darkhold, and the `elite` skirmish ranks roam four field zones as the hamlet-invasion attackers populaceWaveAttack.csv calls imperial troopers. The tier and the rank family pick the deployment, not the id band",faction-filler,,
imperial guy,1,2207003,1070,Imperial,,ge-gap,,
imperial imaginifer,1,2280028,1800,,"Garlean imperial legion - 117 actors over one ladder of seven Roman line ranks in three tiers, deployed five times. `imperial` line at level 50-55 and `elite` line at 56 hold Castrum Novum, `VIIth Legion` line at 54-55 holds it and Mor Dhona, the `imperial` skirmish ranks hold East Shroud and the Dzemael Darkhold, and the `elite` skirmish ranks roam four field zones as the hamlet-invasion attackers populaceWaveAttack.csv calls imperial troopers. The tier and the rank family pick the deployment, not the id band",faction-filler,,
imperial sagittarius,8,2180017 2180031 2180032 2280006 2280039 2280044 2280062 2380006,1800,,"Garlean imperial legion - 117 actors over one ladder of seven Roman line ranks in three tiers, deployed five times. `imperial` line at level 50-55 and `elite` line at 56 hold Castrum Novum, `VIIth Legion` line at 54-55 holds it and Mor Dhona, the `imperial` skirmish ranks hold East Shroud and the Dzemael Darkhold, and the `elite` skirmish ranks roam four field zones as the hamlet-invasion attackers populaceWaveAttack.csv calls imperial troopers. The tier and the rank family pick the deployment, not the id band",faction-filler,,
imperial trooper,16,2180001 2180002 2180003 2180004 2180005 2180006 2180007 2180008,1800,,"Garlean imperial legion - 117 actors over one ladder of seven Roman line ranks in three tiers, deployed five times. `imperial` line at level 50-55 and `elite` line at 56 hold Castrum Novum, `VIIth Legion` line at 54-55 holds it and Mor Dhona, the `imperial` skirmish ranks hold East Shroud and the Dzemael Darkhold, and the `elite` skirmish ranks roam four field zones as the hamlet-invasion attackers populaceWaveAttack.csv calls imperial troopers. The tier and the rank family pick the deployment, not the id band",faction-filler,,
impstool,1,2105908,1059,Funguar,,ge-gap,,
iron-fisted pugilist,2,2290025 2290029,1900,,"friendly NPCs that take part in combat, not monsters: hamlet militia, Grand Company scouts, story allies and escort targets; the ally side of the same content as 1800",not-a-monster,,
isle nettle,1,2105416,1054,Jellyfish,,ge-gap,,
isleguard agid westwood,1,2290096,1900,,"friendly NPCs that take part in combat, not monsters: hamlet militia, Grand Company scouts, story allies and escort targets; the ally side of the same content as 1800",not-a-monster,,
ixali boldwing,3,2106441 2106442 2106443,1064,Ixal,,ge-gap,,
ixali bombardier,1,2206403,1064,Ixal,,ge-gap,,
ixali cloudwalker,1,2206411,1064,Ixal,,ge-gap,,
ixali duelist,5,2106403 2106404 2106405 2106406 2106407,1064,Ixal,,ge-gap,,
ixali fatecaller,3,2106420 2106421 2106422,1064,Ixal,,ge-gap,,
ixali gladiator,1,2106402,1064,Ixal,,ge-gap,,
ixali limbcutter,1,2206409,1064,Ixal,,ge-gap,,
ixali point,3,2206418 2206420 2206421,1064,Ixal,,ge-gap,,
ixali soilseer,1,2206410,1064,Ixal,,ge-gap,,
ixali swiftbeak,3,2106432 2106433 2106434,1064,Ixal,,ge-gap,,
ixali swordfighter,4,2106426 2106427 2106428 2206404,1064,Ixal,,ge-gap,,
ixali warrior,6,2106408 2106409 2106410 2206405 2206406 2206407,1064,Ixal,,ge-gap,,
jackal,2,2101415 2201419,1014,Wolf/Hyena/Hellhound,,ge-gap,,
karakul,2,2106019 2206016,1060,Sheep,,ge-gap,,
karakul ram,1,2206008,1060,Sheep,,ge-gap,,
keelty,1,2290032,1900,,"friendly NPCs that take part in combat, not monsters: hamlet militia, Grand Company scouts, story allies and escort targets; the ally side of the same content as 1800",not-a-monster,Keelty,Gridania
kikkiroon irongut,1,2206305,1063,Qiqirn,,ge-gap,,
kobold,4,2106605 2106606 2206603 2206604,1066,Kobold,,race-name-only,,
kobold cragsman,1,2206606,1066,Kobold,,ge-gap,,
kobold foreman,3,2206609 2206611 2206612,1066,Kobold,,ge-gap,,
kobold priest,5,2106603 2206618 2206619 2206622 2206629,1066,Kobold,,ge-gap,,
kobold roundsman,1,2206607,1066,Kobold,,ge-gap,,
kobold zealot,1,2206625,1066,Kobold,,ge-gap,,
kujata,2,2100803 2200803,1008,Buffalo,,ge-gap,,
landtrap,2,2102720 2202710,1027,Flytrap,,race-name-only,,
leaping lemur,2,2200504 2200505,1005,Opo-opo,,ge-gap,,
lesser gargoyle,1,2203505,1035,Gargoyle,,ge-gap,,
loam bogy,3,2204302 2204304 2204307,1043,Ghost,,ge-gap,,
loamshell,1,2207610,1076,Crab,,ge-gap,,
loco,1,2210501,1105,チョコボ,,mount-or-companion,,
longnose gnognoroon,1,2206302,1063,Qiqirn,,ge-gap,,
longtail sebedd gah,1,2206542,1065,Amlaj'aa,,ge-gap,,
lord of swiftperch,1,2204004,1040,Rat,,ge-gap,,
lucky,1,2210510,1105,チョコボ,,mount-or-companion,Lucky,Western La Noscea
luke,1,2210511,1105,チョコボ,,mount-or-companion,Luke,Western La Noscea
lumber toad,1,2103114,1031,Gigantoad,,ge-gap,,
lump,1,2210512,1105,チョコボ,,mount-or-companion,Lump,Western La Noscea
lunatic follower,1,2280192,1801,,"brigands - footpads, highwaymen, raiders - and most of the lunatic cult, the rest of which is in 1803",faction-filler,,
lunatic lamb,4,2280196 2280197 2280198 2280301,1801,,"brigands - footpads, highwaymen, raiders - and most of the lunatic cult, the rest of which is in 1803",faction-filler,,
lunatic priest,1,2280193,1801,,"brigands - footpads, highwaymen, raiders - and most of the lunatic cult, the rest of which is in 1803",faction-filler,,
lunatic shepherd,1,2280302,1803,,"the Serpent Reavers, the pirate organization sworn to the Sahagin - claw, fin and eye are its ranks, all level 45 in Mistbeard Cove - plus the tail of the lunatic cult, whose main body sits in 1801",faction-filler,,
lynx,2,2103201 2203201,1032,Couerl,,ge-gap,,
mad karakul ram,2,2106015 2106016,1060,Sheep,,ge-gap,,
maelstrom archer,1,2289024,1890,,"named opponents of scripted fights - job-quest champions, coliseum challengers, Grand Company and bandit duel squads; 93 percent of its GE mobs are notorious monsters against a 12 percent baseline, and it sits past a deliberate gap from the 80x faction run",faction-filler,,
maelstrom brute,1,2289023,1890,,"named opponents of scripted fights - job-quest champions, coliseum challengers, Grand Company and bandit duel squads; 93 percent of its GE mobs are notorious monsters against a 12 percent baseline, and it sits past a deliberate gap from the 80x faction run",faction-filler,,
maelstrom marauder,1,2289022,1890,,"named opponents of scripted fights - job-quest champions, coliseum challengers, Grand Company and bandit duel squads; 93 percent of its GE mobs are notorious monsters against a 12 percent baseline, and it sits past a deliberate gap from the 80x faction run",faction-filler,,
magitek vanguard f-i,1,2209002,1090,キラーマシン(仮),,ge-gap,,
magitek vanguard h-i,6,2109002 2109004 2109005 2109006 2209004 2209005,1090,キラーマシン(仮),,ge-gap,,
marmot,2,2104025 2204020,1040,Rat,,ge-gap,,
maskmaker v'dhoramo,1,2289044,1890,,"named opponents of scripted fights - job-quest champions, coliseum challengers, Grand Company and bandit duel squads; 93 percent of its GE mobs are notorious monsters against a 12 percent baseline, and it sits past a deliberate gap from the 80x faction run",faction-filler,,
mathistien of the cloven hoof,1,2280111,1801,,"brigands - footpads, highwaymen, raiders - and most of the lunatic cult, the rest of which is in 1803",faction-filler,,
mature funguar,1,2105916,1059,Funguar,,ge-gap,,
mature megalocrab,1,2207605,1076,Crab,,ge-gap,,
megalocrabs,2,2207607 2207608,1076,Crab,,ge-gap,,
merodaulyn,1,2290012,1900,,"friendly NPCs that take part in combat, not monsters: hamlet militia, Grand Company scouts, story allies and escort targets; the ally side of the same content as 1800",not-a-monster,Merodaulyn,
mesa basilisk,1,2200709,1007,Basilisk,,ge-gap,,
mesa bomb,1,2201609,1016,Bomb,,ge-gap,,
mesa djigga,1,2205614,1056,Chigoe,,ge-gap,,
mesa dodo,1,2202010,1020,Cockatrice,,ge-gap,,
mesa mongrel,1,2201426,1014,Wolf/Hyena/Hellhound,,ge-gap,,
midge swarm,2,2105309 2105315,1053,Swarm,,ge-gap,,
midnight creeper,1,2202713,1027,Flytrap,,ge-gap,,
militia barber,3,2290057 2290061 2290065,1900,,"friendly NPCs that take part in combat, not monsters: hamlet militia, Grand Company scouts, story allies and escort targets; the ally side of the same content as 1800",not-a-monster,Militia Barber (Hyrstmill),The Battle for Hyrstmill
militia cook,3,2290056 2290060 2290064,1900,,"friendly NPCs that take part in combat, not monsters: hamlet militia, Grand Company scouts, story allies and escort targets; the ally side of the same content as 1800",not-a-monster,Militia Cook (Hyrstmill),The Battle for Hyrstmill
militia front line archer,9,2290066 2290067 2290068 2290076 2290077 2290078 2290086 2290087,1900,,"friendly NPCs that take part in combat, not monsters: hamlet militia, Grand Company scouts, story allies and escort targets; the ally side of the same content as 1800",not-a-monster,Militia Front Line Archer (Hyrstmill),The Battle for Hyrstmill
militia outfitter,3,2290055 2290059 2290063,1900,,"friendly NPCs that take part in combat, not monsters: hamlet militia, Grand Company scouts, story allies and escort targets; the ally side of the same content as 1800",not-a-monster,Militia Outfitter (Hyrstmill),The Battle for Hyrstmill
militia second line archer,9,2290069 2290070 2290071 2290079 2290080 2290081 2290089 2290090,1900,,"friendly NPCs that take part in combat, not monsters: hamlet militia, Grand Company scouts, story allies and escort targets; the ally side of the same content as 1800",not-a-monster,Militia Second Line Archer (Hyrstmill),The Battle for Hyrstmill
militia smith,3,2290054 2290058 2290062,1900,,"friendly NPCs that take part in combat, not monsters: hamlet militia, Grand Company scouts, story allies and escort targets; the ally side of the same content as 1800",not-a-monster,Militia Smith (Hyrstmill),The Battle for Hyrstmill
militia third line archer,12,2290072 2290073 2290074 2290075 2290082 2290083 2290084 2290085,1900,,"friendly NPCs that take part in combat, not monsters: hamlet militia, Grand Company scouts, story allies and escort targets; the ally side of the same content as 1800",not-a-monster,Militia Third Line Archer (Hyrstmill),The Battle for Hyrstmill
minemite,1,2202106,1021,Coblyn,,ge-gap,,
miser's mistress,1,2301001,1010,Morbol,,ge-gap,,
missing miner,1,2290053,1900,,"friendly NPCs that take part in combat, not monsters: hamlet militia, Grand Company scouts, story allies and escort targets; the ally side of the same content as 1800",not-a-monster,,
moco,1,2210503,1105,チョコボ,,mount-or-companion,,
moenskaet the honorbound,2,2289004 2289005,1890,,"named opponents of scripted fights - job-quest champions, coliseum challengers, Grand Company and bandit duel squads; 93 percent of its GE mobs are notorious monsters against a 12 percent baseline, and it sits past a deliberate gap from the 80x faction run",faction-filler,Moenskaet the Honorbound,
moenskaet's left hand,1,2280220,1802,,"pirates - buccaneers, Black Crow, Kraken, Mistbeard",faction-filler,,
moenskaet's right hand,1,2280219,1802,,"pirates - buccaneers, Black Crow, Kraken, Mistbeard",faction-filler,,
mole,2,2105718 2205709,1057,Hedgemole,,race-name-only,,
monolith,4,2209506 2209507 2209508 2209509,1095,Garuda,,ge-gap,,
moogle biter,1,2205604,1056,Chigoe,,ge-gap,,
morning creeper,1,2202707,1027,Flytrap,,ge-gap,,
morys,1,2290033,1900,,"friendly NPCs that take part in combat, not monsters: hamlet militia, Grand Company scouts, story allies and escort targets; the ally side of the same content as 1800",not-a-monster,Morys,Central Shroud
murble,1,2204403,1044,Phurble,,ge-gap,,
myrmidon marshal,1,2303006,1030,Antling,,ge-gap,,
myrmidon scavenger,1,2303007,1030,Antling,,ge-gap,,
nael deus darnus,4,2210902 2210906 2210909 2210911,1109,アニマオブジェクト,,ge-gap,,
nael van darnus,2,2210901 2210904,1109,アニマオブジェクト,,ge-gap,,
nannygoat,1,2102313,1023,Aldgoats,,ge-gap,,
natali xlotl the howler,1,2206402,1064,Ixal,,ge-gap,,
nazel xlotl the fleet,1,2206432,1064,Ixal,,ge-gap,,
nelly,1,2210508,1105,チョコボ,,mount-or-companion,Nelly,Western Thanalan
nenekko,1,2290035,1900,,"friendly NPCs that take part in combat, not monsters: hamlet militia, Grand Company scouts, story allies and escort targets; the ally side of the same content as 1800",not-a-monster,Nenekko,Ul'dah
newtstool,1,2105907,1059,Funguar,,ge-gap,,
niellefresne,2,2290003 2290013,1900,,"friendly NPCs that take part in combat, not monsters: hamlet militia, Grand Company scouts, story allies and escort targets; the ally side of the same content as 1800",not-a-monster,Niellefresne (1.x),Ul'dah
number 126,1,2108904,1089,Golem (1.2),,ge-gap,,
number 128,3,2108901 2108902 2108903,1089,Golem (1.2),,ge-gap,,
nunumo,1,2290020,1900,,"friendly NPCs that take part in combat, not monsters: hamlet militia, Grand Company scouts, story allies and escort targets; the ally side of the same content as 1800",not-a-monster,,
nutkin,1,2104008,1040,Rat,,ge-gap,,
o'ghomoro hedgemole,1,2205705,1057,Hedgemole,,ge-gap,,
ochu,6,2101005 2101006 2101007 2101008 2101010 2201002,1010,Morbol,,ge-gap,,
ogre,4,2102505 2102506 2202501 2202502,1025,Ogre,,race-name-only,,
orchard chigoe,1,2205605,1056,Chigoe,,ge-gap,,
ornery karakul ram,2,2106013 2106014,1060,Sheep,,ge-gap,,
overweening thaumaturge,1,2289015,1890,,"named opponents of scripted fights - job-quest champions, coliseum challengers, Grand Company and bandit duel squads; 93 percent of its GE mobs are notorious monsters against a 12 percent baseline, and it sits past a deliberate gap from the 80x faction run",faction-filler,Overweening Thaumaturge,Ul'dah
papalymo,1,2290005,1900,,"friendly NPCs that take part in combat, not monsters: hamlet militia, Grand Company scouts, story allies and escort targets; the ally side of the same content as 1800",not-a-monster,Papalymo,
patch,1,2210514,1105,チョコボ,,mount-or-companion,Patch,North Shroud
peiste,4,2100718 2200703 2200704 2200706,1007,Basilisk,,ge-gap,,
petit pudding,6,2203407 2203408 2203409 2203410 2203411 2203412,1034,Flan,,ge-gap,,
pirate,2,2180213 2280221,1802,,"pirates - buccaneers, Black Crow, Kraken, Mistbeard",faction-filler,,
pit djigga,1,2205613,1056,Chigoe,,ge-gap,,
pit mite,1,2201110,1011,Crab,,ge-gap,,
plains highwayman,1,2180103,1801,,"brigands - footpads, highwaymen, raiders - and most of the lunatic cult, the rest of which is in 1803",faction-filler,,
plains raider,1,2180105,1801,,"brigands - footpads, highwaymen, raiders - and most of the lunatic cult, the rest of which is in 1803",faction-filler,,
plump orobon,1,2204504,1045,Angler,,ge-gap,,
porus,1,2202504,1025,Ogre,,named-boss-gap,,
posturing adventurer,2,2290027 2290031,1900,,"friendly NPCs that take part in combat, not monsters: hamlet militia, Grand Company scouts, story allies and escort targets; the ally side of the same content as 1800",not-a-monster,,
powle,1,2290009,1900,,"friendly NPCs that take part in combat, not monsters: hamlet militia, Grand Company scouts, story allies and escort targets; the ally side of the same content as 1800",not-a-monster,Powle,Gridania
prickly roselet,1,2102707,1027,Flytrap,,ge-gap,,
princess pudding,1,2203406,1034,Flan,,ge-gap,,
pteroc,5,2100116 2100117 2100118 2200111 2200113,1001,Puk,,ge-gap,,
pure energy,2,2110003 2110004,1100,ウィル・オー・ウィスプ (仮),,ge-gap,,
purgatory knight,1,2301902,1019,Wight,,ge-gap,,
purgatory mage,1,2304303,1043,Ghost,,ge-gap,,
qiqirn,1,2206304,1063,Qiqirn,,race-name-only,,
qiqirn eggnapper,1,2106302,1063,Qiqirn,,ge-gap,,
quicksand basilisk,1,2300702,1007,Basilisk,,ge-gap,,
rabid wingrat,1,2204103,1041,Bat,,ge-gap,,
raging jackal,1,2101408,1014,Wolf/Hyena/Hellhound,,ge-gap,,
rampaging harrier,1,2180139,1801,,"brigands - footpads, highwaymen, raiders - and most of the lunatic cult, the rest of which is in 1803",faction-filler,,
rat,2,2104023 2204018,1040,Rat,,race-name-only,,
ravaging harrier,3,2280151 2280152 2280153,1801,,"brigands - footpads, highwaymen, raiders - and most of the lunatic cult, the rest of which is in 1803",faction-filler,,
ravenous harrier,2,2180137 2180138,1801,,"brigands - footpads, highwaymen, raiders - and most of the lunatic cult, the rest of which is in 1803",faction-filler,,
restless raptor,1,2200207,1002,Raptor,,ge-gap,,
reymonde neverwake,1,2280218,1802,,"pirates - buccaneers, Black Crow, Kraken, Mistbeard",faction-filler,,
rhotano buccaneer,3,2180201 2180204 2180207,1802,,"pirates - buccaneers, Black Crow, Kraken, Mistbeard",faction-filler,,
river crab,1,2207602,1076,Crab,,ge-gap,,
roadside archer,1,2280179,1801,,"brigands - footpads, highwaymen, raiders - and most of the lunatic cult, the rest of which is in 1803",faction-filler,,
roadside backstabber,1,2280183,1801,,"brigands - footpads, highwaymen, raiders - and most of the lunatic cult, the rest of which is in 1803",faction-filler,,
roadside gladiator,1,2280177,1801,,"brigands - footpads, highwaymen, raiders - and most of the lunatic cult, the rest of which is in 1803",faction-filler,,
roadside lancer,1,2280178,1801,,"brigands - footpads, highwaymen, raiders - and most of the lunatic cult, the rest of which is in 1803",faction-filler,,
rockbite peiste,2,2200702 2200710,1007,Basilisk,,ge-gap,,
rotting noble,1,2201811,1018,Zombie,,ge-gap,,
rotting servant,1,2201810,1018,Zombie,,ge-gap,,
rowland of the 99 blades,1,2289030,1890,,"named opponents of scripted fights - job-quest champions, coliseum challengers, Grand Company and bandit duel squads; 93 percent of its GE mobs are notorious monsters against a 12 percent baseline, and it sits past a deliberate gap from the 80x faction run",faction-filler,,
ruffled dodo,1,2202012,1020,Cockatrice,,ge-gap,,
sabotender alegre,1,2200909,1009,Sabotender,,ge-gap,,
sabotender desertor,1,2300901,1009,Sabotender,,ge-gap,,
sagolii serpent,1,2100704,1007,Basilisk,,ge-gap,,
salty,1,2210516,1105,チョコボ,,mount-or-companion,Salty,Eastern Thanalan
sambar doe,1,2200306,1003,Antelope,,ge-gap,,
sanguinary buccaneer,2,2280201 2280202,1802,,"pirates - buccaneers, Black Crow, Kraken, Mistbeard",faction-filler,,
sansa,1,2290010,1900,,"friendly NPCs that take part in combat, not monsters: hamlet militia, Grand Company scouts, story allies and escort targets; the ally side of the same content as 1800",not-a-monster,Sansa,Gridania
satin plume,2,2209512 2209513,1095,Garuda,,ge-gap,,
scale slug,1,2304204,1042,Slug,,ge-gap,,
schorl doblyn,1,2302101,1021,Coblyn,,ge-gap,,
seagrot orobon,1,2104507,1045,Angler,,ge-gap,,
sentry hound,1,2101412,1014,Wolf/Hyena/Hellhound,,ge-gap,,
sephiroth dragon,1,2208102,1081,エリマキトカゲ (仮),,ge-gap,,
serpent patrol,1,2290050,1900,,"friendly NPCs that take part in combat, not monsters: hamlet militia, Grand Company scouts, story allies and escort targets; the ally side of the same content as 1800",not-a-monster,Serpent Patrol,North Shroud
sheep,2,2106018 2206015,1060,Sheep,,race-name-only,,
shrieker,6,2105909 2105914 2205903 2205904 2205906 2205908,1059,Funguar,,ge-gap,,
siege goobbue,1,2103307,1033,Goobbue,,ge-gap,,
sisipu,1,2290007,1900,,"friendly NPCs that take part in combat, not monsters: hamlet militia, Grand Company scouts, story allies and escort targets; the ally side of the same content as 1800",not-a-monster,Sisipu,Limsa Lominsa
siward,3,2289016 2289017 2289018,1890,,"named opponents of scripted fights - job-quest champions, coliseum challengers, Grand Company and bandit duel squads; 93 percent of its GE mobs are notorious monsters against a 12 percent baseline, and it sits past a deliberate gap from the 80x faction run",faction-filler,,
slug,2,2104213 2204209,1042,Slug,,race-name-only,,
slugger,1,2210517,1105,チョコボ,,mount-or-companion,Slugger,Eastern Thanalan
slumbering yarzon,1,2205513,1055,Yarzon,,ge-gap,,
sourleaf roselet,1,2202711,1027,Flytrap,,ge-gap,,
spotted eft,1,2201308,1013,Salamander,,ge-gap,,
squirrel,2,2104024 2204019,1040,Rat,,ge-gap,,
stag,3,2100311 2200307 2200309,1003,Antelope,,ge-gap,,
steamer,1,2210518,1105,チョコボ,,mount-or-companion,Steamer,Eastern Thanalan
steaming sheep,2,2206001 2206003,1060,Sheep,,ge-gap,,
sthalmann,2,2290002 2290038,1900,,"friendly NPCs that take part in combat, not monsters: hamlet militia, Grand Company scouts, story allies and escort targets; the ally side of the same content as 1800",not-a-monster,Sthalmann,Limsa Lominsa
stitch,1,2210515,1105,チョコボ,,mount-or-companion,Stitch,North Shroud
stonescale pteroc,1,2200114,1001,Puk,,ge-gap,,
stonespike tanadd gah,2,2206529 2206532,1065,Amlaj'aa,,ge-gap,,
storm scout,1,2290049,1900,,"friendly NPCs that take part in combat, not monsters: hamlet militia, Grand Company scouts, story allies and escort targets; the ally side of the same content as 1800",not-a-monster,,
stormborn buccaneer,2,2280205 2280206,1802,,"pirates - buccaneers, Black Crow, Kraken, Mistbeard",faction-filler,,
stray ewe,1,2206005,1060,Sheep,,ge-gap,,
stray ram,1,2206006,1060,Sheep,,ge-gap,,
stray scholar,1,2290045,1900,,"friendly NPCs that take part in combat, not monsters: hamlet militia, Grand Company scouts, story allies and escort targets; the ally side of the same content as 1800",not-a-monster,,
streaking spriggan,1,2106225,1062,Spriggan,,ge-gap,,
striped lightning tamer,1,2280194,1801,,"brigands - footpads, highwaymen, raiders - and most of the lunatic cult, the rest of which is in 1803",faction-filler,,
striped lightning thug,1,2280195,1801,,"brigands - footpads, highwaymen, raiders - and most of the lunatic cult, the rest of which is in 1803",faction-filler,,
suckling nannygoat,1,2202306,1023,Aldgoats,,ge-gap,,
suparna,1,2209514,1095,Garuda,,named-boss-gap,,
swinging swine,1,2201505,1015,Boar,,ge-gap,,
sylph,8,2106725 2106726 2106727 2106728 2106729 2106730 2106731 2206715,1067,Sylph,,race-name-only,,
sylph echo,6,2106707 2106708 2106709 2106710 2106711 2106712,1067,Sylph,,ge-gap,,
sylph whisper,6,2106701 2106702 2106703 2106704 2106705 2106706,1067,Sylph,,ge-gap,,
sylvan guardian,6,2106719 2106720 2106721 2106722 2106723 2106724,1067,Sylph,,ge-gap,,
synthetic bomb,2,2101613 2201610,1016,Bomb,,ge-gap,,
synthetic coblyn,1,2102129,1021,Coblyn,,ge-gap,,
t'gizzoh,1,2290043,1900,,"friendly NPCs that take part in combat, not monsters: hamlet militia, Grand Company scouts, story allies and escort targets; the ally side of the same content as 1800",not-a-monster,,
t'kebbe,1,2290017,1900,,"friendly NPCs that take part in combat, not monsters: hamlet militia, Grand Company scouts, story allies and escort targets; the ally side of the same content as 1800",not-a-monster,,
tar-stained buccaneer,2,2280209 2280210,1802,,"pirates - buccaneers, Black Crow, Kraken, Mistbeard",faction-filler,,
tender victual,1,2304203,1042,Slug,,ge-gap,,
territorial mole,1,2205711,1057,Hedgemole,,ge-gap,,
territorial revenant,1,2204316,1043,Ghost,,ge-gap,,
territorial slug,1,2204212,1042,Slug,,ge-gap,,
thancred,2,2290004 2290039,1900,,"friendly NPCs that take part in combat, not monsters: hamlet militia, Grand Company scouts, story allies and escort targets; the ally side of the same content as 1800",not-a-monster,Thancred,Ul'dah
thordan's bannerman,1,2104316,1043,Ghost,,ge-gap,,
thordan's outrider,1,2104317,1043,Ghost,,ge-gap,,
titan,2,2107401 2207401,1074,Titan,,race-name-only,,
toll puk,1,2100113,1001,Puk,,ge-gap,,
torama,2,2103202 2203202,1032,Couerl,,ge-gap,,
tower lemming,1,2204003,1040,Rat,,ge-gap,,
towering yarzon,4,2205508 2205510 2205511 2205512,1055,Yarzon,,ge-gap,,
treant,8,2102801 2102802 2102803 2102804 2202801 2202802 2202803 2202804,1028,Treant,,race-name-only,,
true longtail sebedd gah,1,2206543,1065,Amlaj'aa,,ge-gap,,
tunnel worm,9,2310601 2310602 2310603 2310604 2310605 2310606 2310607 2310608,1106,黒子,,ge-gap,,
u'ghamaro potman,1,2106648,1066,Kobold,,ge-gap,,
unchosen soul,2,2104319 2104320,1043,Ghost,,ge-gap,,
unruly raider,1,2280222,1802,,"pirates - buccaneers, Black Crow, Kraken, Mistbeard",faction-filler,,
unsavory character,3,2280174 2280175 2280176,1801,,"brigands - footpads, highwaymen, raiders - and most of the lunatic cult, the rest of which is in 1803",faction-filler,,
vale banemite,1,2301111,1011,Crab,,ge-gap,,
vale eft,1,2301301,1013,Salamander,,ge-gap,,
vengeful soul,1,2104311,1043,Ghost,,ge-gap,,
viith legion pilus prior,1,2107004,1070,Imperial,,ge-gap,,
viith legion sagittarius,2,2180039 2280055,1800,,"Garlean imperial legion - 117 actors over one ladder of seven Roman line ranks in three tiers, deployed five times. `imperial` line at level 50-55 and `elite` line at 56 hold Castrum Novum, `VIIth Legion` line at 54-55 holds it and Mor Dhona, the `imperial` skirmish ranks hold East Shroud and the Dzemael Darkhold, and the `elite` skirmish ranks roam four field zones as the hamlet-invasion attackers populaceWaveAttack.csv calls imperial troopers. The tier and the rank family pick the deployment, not the id band",faction-filler,,
violet dewflower sylph,1,2206705,1067,Sylph,,ge-gap,,
vodyanoi,4,2103107 2103108 2103110 2203104,1031,Gigantoad,,ge-gap,,
voracious vulture,1,2201207,1012,Vulture,,ge-gap,,
w'mhelgo hena,2,2290097 2290098,1900,,"friendly NPCs that take part in combat, not monsters: hamlet militia, Grand Company scouts, story allies and escort targets; the ally side of the same content as 1800",not-a-monster,W'mhelgo Hena,
wandering soul,1,2104327,1043,Ghost,,ge-gap,,
war hound,1,2201430,1014,Wolf/Hyena/Hellhound,,ge-gap,,
war pup,1,2201406,1014,Wolf/Hyena/Hellhound,,ge-gap,,
war wolf,1,2201405,1014,Wolf/Hyena/Hellhound,,ge-gap,War Wolf,"South Shroud, Western La Noscea, Eastern La Noscea"
weeping witch,1,2104318,1043,Ghost,,ge-gap,,
weevil,2,2103908 2203907,1039,Weevil,,race-name-only,,
westroad highwayman,1,2180104,1801,,"brigands - footpads, highwaymen, raiders - and most of the lunatic cult, the rest of which is in 1803",faction-filler,,
wight,6,2101909 2201901 2201902 2201903 2201904 2201905,1019,Wight,,race-name-only,,
wild ram,2,2106007 2106008,1060,Sheep,,ge-gap,,
will-o-'the-wisp,1,2209903,1099,妖火 (仮),,ge-gap,,
will-o-the-wisp,1,2109905,1099,妖火 (仮),,ge-gap,,
witching harrier,3,2280154 2280155 2280156,1801,,"brigands - footpads, highwaymen, raiders - and most of the lunatic cult, the rest of which is in 1803",faction-filler,,
wolf,4,2101414 2201410 2201411 2201418,1014,Wolf/Hyena/Hellhound,,race-name-only,,
woodsent doe,1,2200304,1003,Antelope,,ge-gap,,
woodsent elemental,2,2204605 2205202,1046,Fire Elemental,,ge-gap,,
woodsent pteroc,1,2200108,1001,Puk,,ge-gap,,
wounded rebel warrior,1,2290021,1900,,"friendly NPCs that take part in combat, not monsters: hamlet militia, Grand Company scouts, story allies and escort targets; the ally side of the same content as 1800",not-a-monster,,
wybir,1,2290037,1900,,"friendly NPCs that take part in combat, not monsters: hamlet militia, Grand Company scouts, story allies and escort targets; the ally side of the same content as 1800",not-a-monster,Wybir,South Shroud
wyrmhound,2,2100707 2100708,1007,Basilisk,,ge-gap,,
wyvern,4,2103801 2103802 2203801 2203802,1038,Wyvern,,race-name-only,,
y'shtola,1,2290001,1900,,"friendly NPCs that take part in combat, not monsters: hamlet militia, Grand Company scouts, story allies and escort targets; the ally side of the same content as 1800",not-a-monster,Y'shtola,Limsa Lominsa
yarzon,5,2105514 2105515 2205514 2205515 2205516,1055,Yarzon,,race-name-only,,
yarzon lacerator,2,2105511 2105512,1055,Yarzon,,ge-gap,,
yarzon lurker,1,2105508,1055,Yarzon,,ge-gap,,
yda,2,2290006 2290040,1900,,"friendly NPCs that take part in combat, not monsters: hamlet militia, Grand Company scouts, story allies and escort targets; the ally side of the same content as 1800",not-a-monster,Yda,Gridania
zalmoxes,1,2200109,1001,Puk,,ge-gap,,
zombie,2,2101817 2101818,1018,Zombie,,race-name-only,,
zu ga's cup bearer,1,2106649,1066,Kobold,,ge-gap,,
zu ga's pick bearer,1,2106660,1066,Kobold,,ge-gap,,
zu ga's sword bearer,1,2106654,1066,Kobold,,ge-gap,,
