archive_path,source_url
sources/elemen-site-archive/objects/ff14_dated_archives/class/action/Alchemist.html,http://elemen.sakura.ne.jp/ff14_dated_archives/class/action/Alchemist.html
sources/elemen-site-archive/objects/ff14_dated_archives/class/action/Archer.html,http://elemen.sakura.ne.jp/ff14_dated_archives/class/action/Archer.html
sources/elemen-site-archive/objects/ff14_dated_archives/class/action/Armorer.html,http://elemen.sakura.ne.jp/ff14_dated_archives/class/action/Armorer.html
sources/elemen-site-archive/objects/ff14_dated_archives/class/action/Blacksmith.html,http://elemen.sakura.ne.jp/ff14_dated_archives/class/action/Blacksmith.html
sources/elemen-site-archive/objects/ff14_dated_archives/class/action/Botanist.html,http://elemen.sakura.ne.jp/ff14_dated_archives/class/action/Botanist.html
sources/elemen-site-archive/objects/ff14_dated_archives/class/action/Carpenter.html,http://elemen.sakura.ne.jp/ff14_dated_archives/class/action/Carpenter.html
sources/elemen-site-archive/objects/ff14_dated_archives/class/action/Conjurer.html,http://elemen.sakura.ne.jp/ff14_dated_archives/class/action/Conjurer.html
sources/elemen-site-archive/objects/ff14_dated_archives/class/action/Culinarian.html,http://elemen.sakura.ne.jp/ff14_dated_archives/class/action/Culinarian.html
sources/elemen-site-archive/objects/ff14_dated_archives/class/action/Fisher.html,http://elemen.sakura.ne.jp/ff14_dated_archives/class/action/Fisher.html
sources/elemen-site-archive/objects/ff14_dated_archives/class/action/Gladiator.html,http://elemen.sakura.ne.jp/ff14_dated_archives/class/action/Gladiator.html
sources/elemen-site-archive/objects/ff14_dated_archives/class/action/Goldsmith.html,http://elemen.sakura.ne.jp/ff14_dated_archives/class/action/Goldsmith.html
sources/elemen-site-archive/objects/ff14_dated_archives/class/action/Lancer.html,http://elemen.sakura.ne.jp/ff14_dated_archives/class/action/Lancer.html
sources/elemen-site-archive/objects/ff14_dated_archives/class/action/Leatherworker.html,http://elemen.sakura.ne.jp/ff14_dated_archives/class/action/Leatherworker.html
sources/elemen-site-archive/objects/ff14_dated_archives/class/action/Marauder.html,http://elemen.sakura.ne.jp/ff14_dated_archives/class/action/Marauder.html
sources/elemen-site-archive/objects/ff14_dated_archives/class/action/Miner.html,http://elemen.sakura.ne.jp/ff14_dated_archives/class/action/Miner.html
sources/elemen-site-archive/objects/ff14_dated_archives/class/action/Pugilist.html,http://elemen.sakura.ne.jp/ff14_dated_archives/class/action/Pugilist.html
sources/elemen-site-archive/objects/ff14_dated_archives/class/action/Thaumaturge.html,http://elemen.sakura.ne.jp/ff14_dated_archives/class/action/Thaumaturge.html
sources/elemen-site-archive/objects/ff14_dated_archives/class/action/Weaver.html,http://elemen.sakura.ne.jp/ff14_dated_archives/class/action/Weaver.html
sources/elemen-site-archive/objects/ff14_dated_archives/class/action/index.html,http://elemen.sakura.ne.jp/ff14_dated_archives/class/action/index.html
sources/elemen-site-archive/objects/ff14_dated_archives/class/battle/index.html,http://elemen.sakura.ne.jp/ff14_dated_archives/class/battle/index.html
sources/elemen-site-archive/objects/ff14_dated_archives/class/level/index.html,http://elemen.sakura.ne.jp/ff14_dated_archives/class/level/index.html
sources/elemen-site-archive/objects/ff14_dated_archives/etc/area/BlackShroud.html,http://elemen.sakura.ne.jp/ff14_dated_archives/etc/area/BlackShroud.html
sources/elemen-site-archive/objects/ff14_dated_archives/etc/area/CassiopeiaHollow.html,http://elemen.sakura.ne.jp/ff14_dated_archives/etc/area/CassiopeiaHollow.html
sources/elemen-site-archive/objects/ff14_dated_archives/etc/area/Coerthas.html,http://elemen.sakura.ne.jp/ff14_dated_archives/etc/area/Coerthas.html
sources/elemen-site-archive/objects/ff14_dated_archives/etc/area/CopperbellMines.html,http://elemen.sakura.ne.jp/ff14_dated_archives/etc/area/CopperbellMines.html
sources/elemen-site-archive/objects/ff14_dated_archives/etc/area/Cutter'sCry.html,http://elemen.sakura.ne.jp/ff14_dated_archives/etc/area/Cutter'sCry.html
sources/elemen-site-archive/objects/ff14_dated_archives/etc/area/DzemaelDarkhold.html,http://elemen.sakura.ne.jp/ff14_dated_archives/etc/area/DzemaelDarkhold.html
sources/elemen-site-archive/objects/ff14_dated_archives/etc/area/Gridania.html,http://elemen.sakura.ne.jp/ff14_dated_archives/etc/area/Gridania.html
sources/elemen-site-archive/objects/ff14_dated_archives/etc/area/Ishgard.html,http://elemen.sakura.ne.jp/ff14_dated_archives/etc/area/Ishgard.html
sources/elemen-site-archive/objects/ff14_dated_archives/etc/area/LaNoscea.html,http://elemen.sakura.ne.jp/ff14_dated_archives/etc/area/LaNoscea.html
sources/elemen-site-archive/objects/ff14_dated_archives/etc/area/LimsaLominsa.html,http://elemen.sakura.ne.jp/ff14_dated_archives/etc/area/LimsaLominsa.html
sources/elemen-site-archive/objects/ff14_dated_archives/etc/area/MistbeardCove.html,http://elemen.sakura.ne.jp/ff14_dated_archives/etc/area/MistbeardCove.html
sources/elemen-site-archive/objects/ff14_dated_archives/etc/area/MorDhona.html,http://elemen.sakura.ne.jp/ff14_dated_archives/etc/area/MorDhona.html
sources/elemen-site-archive/objects/ff14_dated_archives/etc/area/NanawaMines.html,http://elemen.sakura.ne.jp/ff14_dated_archives/etc/area/NanawaMines.html
sources/elemen-site-archive/objects/ff14_dated_archives/etc/area/Rivenroad.html,http://elemen.sakura.ne.jp/ff14_dated_archives/etc/area/Rivenroad.html
sources/elemen-site-archive/objects/ff14_dated_archives/etc/area/Ship.html,http://elemen.sakura.ne.jp/ff14_dated_archives/etc/area/Ship.html
sources/elemen-site-archive/objects/ff14_dated_archives/etc/area/Shposhae.html,http://elemen.sakura.ne.jp/ff14_dated_archives/etc/area/Shposhae.html
sources/elemen-site-archive/objects/ff14_dated_archives/etc/area/StraitofMerlthor.html,http://elemen.sakura.ne.jp/ff14_dated_archives/etc/area/StraitofMerlthor.html
sources/elemen-site-archive/objects/ff14_dated_archives/etc/area/Thanalan.html,http://elemen.sakura.ne.jp/ff14_dated_archives/etc/area/Thanalan.html
sources/elemen-site-archive/objects/ff14_dated_archives/etc/area/TheAurumVale.html,http://elemen.sakura.ne.jp/ff14_dated_archives/etc/area/TheAurumVale.html
sources/elemen-site-archive/objects/ff14_dated_archives/etc/area/TheBowlofEmbers.html,http://elemen.sakura.ne.jp/ff14_dated_archives/etc/area/TheBowlofEmbers.html
sources/elemen-site-archive/objects/ff14_dated_archives/etc/area/TheCieldalaes.html,http://elemen.sakura.ne.jp/ff14_dated_archives/etc/area/TheCieldalaes.html
sources/elemen-site-archive/objects/ff14_dated_archives/etc/area/TheHowlingEye.html,http://elemen.sakura.ne.jp/ff14_dated_archives/etc/area/TheHowlingEye.html
sources/elemen-site-archive/objects/ff14_dated_archives/etc/area/TheMun-TuyCellars.html,http://elemen.sakura.ne.jp/ff14_dated_archives/etc/area/TheMun-TuyCellars.html
sources/elemen-site-archive/objects/ff14_dated_archives/etc/area/TheTam-TaraDeepcroft.html,http://elemen.sakura.ne.jp/ff14_dated_archives/etc/area/TheTam-TaraDeepcroft.html
sources/elemen-site-archive/objects/ff14_dated_archives/etc/area/TheThousandMawsofToto-Rak.html,http://elemen.sakura.ne.jp/ff14_dated_archives/etc/area/TheThousandMawsofToto-Rak.html
sources/elemen-site-archive/objects/ff14_dated_archives/etc/area/Thornmarch.html,http://elemen.sakura.ne.jp/ff14_dated_archives/etc/area/Thornmarch.html
sources/elemen-site-archive/objects/ff14_dated_archives/etc/area/U'GhamaroMines.html,http://elemen.sakura.ne.jp/ff14_dated_archives/etc/area/U'GhamaroMines.html
sources/elemen-site-archive/objects/ff14_dated_archives/etc/area/Ul'dah.html,http://elemen.sakura.ne.jp/ff14_dated_archives/etc/area/Ul'dah.html
sources/elemen-site-archive/objects/ff14_dated_archives/etc/area/index.html,http://elemen.sakura.ne.jp/ff14_dated_archives/etc/area/index.html
sources/elemen-site-archive/objects/ff14_dated_archives/etc/food/index.html,http://elemen.sakura.ne.jp/ff14_dated_archives/etc/food/index.html
sources/elemen-site-archive/objects/ff14_dated_archives/etc/history/index.html,http://elemen.sakura.ne.jp/ff14_dated_archives/etc/history/index.html
sources/elemen-site-archive/objects/ff14_dated_archives/etc/medicine/index.html,http://elemen.sakura.ne.jp/ff14_dated_archives/etc/medicine/index.html
sources/elemen-site-archive/objects/ff14_dated_archives/etc/playguide/aethernet.html,http://elemen.sakura.ne.jp/ff14_dated_archives/etc/playguide/aethernet.html
sources/elemen-site-archive/objects/ff14_dated_archives/etc/playguide/bookshelf.html,http://elemen.sakura.ne.jp/ff14_dated_archives/etc/playguide/bookshelf.html
sources/elemen-site-archive/objects/ff14_dated_archives/etc/playguide/character.html,http://elemen.sakura.ne.jp/ff14_dated_archives/etc/playguide/character.html
sources/elemen-site-archive/objects/ff14_dated_archives/etc/playguide/classjob.html,http://elemen.sakura.ne.jp/ff14_dated_archives/etc/playguide/classjob.html
sources/elemen-site-archive/objects/ff14_dated_archives/etc/playguide/collection.html,http://elemen.sakura.ne.jp/ff14_dated_archives/etc/playguide/collection.html
sources/elemen-site-archive/objects/ff14_dated_archives/etc/playguide/faq_aetheryte.html,http://elemen.sakura.ne.jp/ff14_dated_archives/etc/playguide/faq_aetheryte.html
sources/elemen-site-archive/objects/ff14_dated_archives/etc/playguide/faq_class.html,http://elemen.sakura.ne.jp/ff14_dated_archives/etc/playguide/faq_class.html
sources/elemen-site-archive/objects/ff14_dated_archives/etc/playguide/faq_guildleve.html,http://elemen.sakura.ne.jp/ff14_dated_archives/etc/playguide/faq_guildleve.html
sources/elemen-site-archive/objects/ff14_dated_archives/etc/playguide/faq_micromenu.html,http://elemen.sakura.ne.jp/ff14_dated_archives/etc/playguide/faq_micromenu.html
sources/elemen-site-archive/objects/ff14_dated_archives/etc/playguide/faq_quest.html,http://elemen.sakura.ne.jp/ff14_dated_archives/etc/playguide/faq_quest.html
sources/elemen-site-archive/objects/ff14_dated_archives/etc/playguide/faq_tips.html,http://elemen.sakura.ne.jp/ff14_dated_archives/etc/playguide/faq_tips.html
sources/elemen-site-archive/objects/ff14_dated_archives/etc/playguide/guardian.html,http://elemen.sakura.ne.jp/ff14_dated_archives/etc/playguide/guardian.html
sources/elemen-site-archive/objects/ff14_dated_archives/etc/playguide/index.html,http://elemen.sakura.ne.jp/ff14_dated_archives/etc/playguide/index.html
sources/elemen-site-archive/objects/ff14_dated_archives/etc/playguide/inn.html,http://elemen.sakura.ne.jp/ff14_dated_archives/etc/playguide/inn.html
sources/elemen-site-archive/objects/ff14_dated_archives/etc/playguide/market.html,http://elemen.sakura.ne.jp/ff14_dated_archives/etc/playguide/market.html
sources/elemen-site-archive/objects/ff14_dated_archives/etc/playguide/mount.html,http://elemen.sakura.ne.jp/ff14_dated_archives/etc/playguide/mount.html
sources/elemen-site-archive/objects/ff14_dated_archives/etc/playguide/races.html,http://elemen.sakura.ne.jp/ff14_dated_archives/etc/playguide/races.html
sources/elemen-site-archive/objects/ff14_dated_archives/etc/playguide/world.html,http://elemen.sakura.ne.jp/ff14_dated_archives/etc/playguide/world.html
sources/elemen-site-archive/objects/ff14_dated_archives/etc/shopitem/index.html,http://elemen.sakura.ne.jp/ff14_dated_archives/etc/shopitem/index.html
sources/elemen-site-archive/objects/ff14_dated_archives/gamecontents/InstancedRaids/index.html,http://elemen.sakura.ne.jp/ff14_dated_archives/gamecontents/InstancedRaids/index.html
sources/elemen-site-archive/objects/ff14_dated_archives/gamecontents/Materia/index.html,http://elemen.sakura.ne.jp/ff14_dated_archives/gamecontents/Materia/index.html
sources/elemen-site-archive/objects/ff14_dated_archives/gamecontents/PrimalBattle/index.html,http://elemen.sakura.ne.jp/ff14_dated_archives/gamecontents/PrimalBattle/index.html
sources/elemen-site-archive/objects/ff14_dated_archives/gamecontents/StrongholdandDungeon/index.html,http://elemen.sakura.ne.jp/ff14_dated_archives/gamecontents/StrongholdandDungeon/index.html
sources/elemen-site-archive/objects/ff14_dated_archives/gamecontents/TheGrandCompanies/index.html,http://elemen.sakura.ne.jp/ff14_dated_archives/gamecontents/TheGrandCompanies/index.html
sources/elemen-site-archive/objects/ff14_dated_archives/gamecontents/etc/index.html,http://elemen.sakura.ne.jp/ff14_dated_archives/gamecontents/etc/index.html
sources/elemen-site-archive/objects/ff14_dated_archives/guildleve/regional/Gridania_BattlecraftLeves.html,http://elemen.sakura.ne.jp/ff14_dated_archives/guildleve/regional/Gridania_BattlecraftLeves.html
sources/elemen-site-archive/objects/ff14_dated_archives/guildleve/regional/LimsaLominsa_BattlecraftLeves.html,http://elemen.sakura.ne.jp/ff14_dated_archives/guildleve/regional/LimsaLominsa_BattlecraftLeves.html
sources/elemen-site-archive/objects/ff14_dated_archives/guildleve/regional/Ul'dah_BattlecraftLeves.html,http://elemen.sakura.ne.jp/ff14_dated_archives/guildleve/regional/Ul'dah_BattlecraftLeves.html
sources/elemen-site-archive/objects/ff14_dated_archives/js/db_shop.js,http://elemen.sakura.ne.jp/ff14_dated_archives/js/db_shop.js
sources/elemen-site-archive/objects/ff14_dated_archives/monster/bestiary/Ahriman.html,http://elemen.sakura.ne.jp/ff14_dated_archives/monster/bestiary/Ahriman.html
sources/elemen-site-archive/objects/ff14_dated_archives/monster/bestiary/Aldgoat.html,http://elemen.sakura.ne.jp/ff14_dated_archives/monster/bestiary/Aldgoat.html
sources/elemen-site-archive/objects/ff14_dated_archives/monster/bestiary/Amalj'aa.html,http://elemen.sakura.ne.jp/ff14_dated_archives/monster/bestiary/Amalj'aa.html
sources/elemen-site-archive/objects/ff14_dated_archives/monster/bestiary/Antelope.html,http://elemen.sakura.ne.jp/ff14_dated_archives/monster/bestiary/Antelope.html
sources/elemen-site-archive/objects/ff14_dated_archives/monster/bestiary/Antling.html,http://elemen.sakura.ne.jp/ff14_dated_archives/monster/bestiary/Antling.html
sources/elemen-site-archive/objects/ff14_dated_archives/monster/bestiary/Apkallu.html,http://elemen.sakura.ne.jp/ff14_dated_archives/monster/bestiary/Apkallu.html
sources/elemen-site-archive/objects/ff14_dated_archives/monster/bestiary/Basilisk.html,http://elemen.sakura.ne.jp/ff14_dated_archives/monster/bestiary/Basilisk.html
sources/elemen-site-archive/objects/ff14_dated_archives/monster/bestiary/Bat.html,http://elemen.sakura.ne.jp/ff14_dated_archives/monster/bestiary/Bat.html
sources/elemen-site-archive/objects/ff14_dated_archives/monster/bestiary/Beetle.html,http://elemen.sakura.ne.jp/ff14_dated_archives/monster/bestiary/Beetle.html
sources/elemen-site-archive/objects/ff14_dated_archives/monster/bestiary/Boar.html,http://elemen.sakura.ne.jp/ff14_dated_archives/monster/bestiary/Boar.html
sources/elemen-site-archive/objects/ff14_dated_archives/monster/bestiary/Bomb.html,http://elemen.sakura.ne.jp/ff14_dated_archives/monster/bestiary/Bomb.html
sources/elemen-site-archive/objects/ff14_dated_archives/monster/bestiary/Buffalo.html,http://elemen.sakura.ne.jp/ff14_dated_archives/monster/bestiary/Buffalo.html
sources/elemen-site-archive/objects/ff14_dated_archives/monster/bestiary/Cactuar.html,http://elemen.sakura.ne.jp/ff14_dated_archives/monster/bestiary/Cactuar.html
sources/elemen-site-archive/objects/ff14_dated_archives/monster/bestiary/Chigoe.html,http://elemen.sakura.ne.jp/ff14_dated_archives/monster/bestiary/Chigoe.html
sources/elemen-site-archive/objects/ff14_dated_archives/monster/bestiary/Chimera.html,http://elemen.sakura.ne.jp/ff14_dated_archives/monster/bestiary/Chimera.html
sources/elemen-site-archive/objects/ff14_dated_archives/monster/bestiary/Coblyn.html,http://elemen.sakura.ne.jp/ff14_dated_archives/monster/bestiary/Coblyn.html
sources/elemen-site-archive/objects/ff14_dated_archives/monster/bestiary/Coeurl.html,http://elemen.sakura.ne.jp/ff14_dated_archives/monster/bestiary/Coeurl.html
sources/elemen-site-archive/objects/ff14_dated_archives/monster/bestiary/Cyclops.html,http://elemen.sakura.ne.jp/ff14_dated_archives/monster/bestiary/Cyclops.html
sources/elemen-site-archive/objects/ff14_dated_archives/monster/bestiary/Diremite.html,http://elemen.sakura.ne.jp/ff14_dated_archives/monster/bestiary/Diremite.html
sources/elemen-site-archive/objects/ff14_dated_archives/monster/bestiary/Dodo.html,http://elemen.sakura.ne.jp/ff14_dated_archives/monster/bestiary/Dodo.html
sources/elemen-site-archive/objects/ff14_dated_archives/monster/bestiary/Drake.html,http://elemen.sakura.ne.jp/ff14_dated_archives/monster/bestiary/Drake.html
sources/elemen-site-archive/objects/ff14_dated_archives/monster/bestiary/Elemental.html,http://elemen.sakura.ne.jp/ff14_dated_archives/monster/bestiary/Elemental.html
sources/elemen-site-archive/objects/ff14_dated_archives/monster/bestiary/Flan.html,http://elemen.sakura.ne.jp/ff14_dated_archives/monster/bestiary/Flan.html
sources/elemen-site-archive/objects/ff14_dated_archives/monster/bestiary/FlyingTrap.html,http://elemen.sakura.ne.jp/ff14_dated_archives/monster/bestiary/FlyingTrap.html
sources/elemen-site-archive/objects/ff14_dated_archives/monster/bestiary/Funguar.html,http://elemen.sakura.ne.jp/ff14_dated_archives/monster/bestiary/Funguar.html
sources/elemen-site-archive/objects/ff14_dated_archives/monster/bestiary/Gargoyle.html,http://elemen.sakura.ne.jp/ff14_dated_archives/monster/bestiary/Gargoyle.html
sources/elemen-site-archive/objects/ff14_dated_archives/monster/bestiary/Ghost.html,http://elemen.sakura.ne.jp/ff14_dated_archives/monster/bestiary/Ghost.html
sources/elemen-site-archive/objects/ff14_dated_archives/monster/bestiary/Gigantoad.html,http://elemen.sakura.ne.jp/ff14_dated_archives/monster/bestiary/Gigantoad.html
sources/elemen-site-archive/objects/ff14_dated_archives/monster/bestiary/Gnat.html,http://elemen.sakura.ne.jp/ff14_dated_archives/monster/bestiary/Gnat.html
sources/elemen-site-archive/objects/ff14_dated_archives/monster/bestiary/Goblin.html,http://elemen.sakura.ne.jp/ff14_dated_archives/monster/bestiary/Goblin.html
sources/elemen-site-archive/objects/ff14_dated_archives/monster/bestiary/Golem.html,http://elemen.sakura.ne.jp/ff14_dated_archives/monster/bestiary/Golem.html
sources/elemen-site-archive/objects/ff14_dated_archives/monster/bestiary/Goobbue.html,http://elemen.sakura.ne.jp/ff14_dated_archives/monster/bestiary/Goobbue.html
sources/elemen-site-archive/objects/ff14_dated_archives/monster/bestiary/Hippogryph.html,http://elemen.sakura.ne.jp/ff14_dated_archives/monster/bestiary/Hippogryph.html
sources/elemen-site-archive/objects/ff14_dated_archives/monster/bestiary/Human.html,http://elemen.sakura.ne.jp/ff14_dated_archives/monster/bestiary/Human.html
sources/elemen-site-archive/objects/ff14_dated_archives/monster/bestiary/Imp.html,http://elemen.sakura.ne.jp/ff14_dated_archives/monster/bestiary/Imp.html
sources/elemen-site-archive/objects/ff14_dated_archives/monster/bestiary/Ixali.html,http://elemen.sakura.ne.jp/ff14_dated_archives/monster/bestiary/Ixali.html
sources/elemen-site-archive/objects/ff14_dated_archives/monster/bestiary/Jellyfish.html,http://elemen.sakura.ne.jp/ff14_dated_archives/monster/bestiary/Jellyfish.html
sources/elemen-site-archive/objects/ff14_dated_archives/monster/bestiary/Kobold.html,http://elemen.sakura.ne.jp/ff14_dated_archives/monster/bestiary/Kobold.html
sources/elemen-site-archive/objects/ff14_dated_archives/monster/bestiary/Megalocrab.html,http://elemen.sakura.ne.jp/ff14_dated_archives/monster/bestiary/Megalocrab.html
sources/elemen-site-archive/objects/ff14_dated_archives/monster/bestiary/Mole.html,http://elemen.sakura.ne.jp/ff14_dated_archives/monster/bestiary/Mole.html
sources/elemen-site-archive/objects/ff14_dated_archives/monster/bestiary/MoonMouse.html,http://elemen.sakura.ne.jp/ff14_dated_archives/monster/bestiary/MoonMouse.html
sources/elemen-site-archive/objects/ff14_dated_archives/monster/bestiary/Morbol.html,http://elemen.sakura.ne.jp/ff14_dated_archives/monster/bestiary/Morbol.html
sources/elemen-site-archive/objects/ff14_dated_archives/monster/bestiary/Ogre.html,http://elemen.sakura.ne.jp/ff14_dated_archives/monster/bestiary/Ogre.html
sources/elemen-site-archive/objects/ff14_dated_archives/monster/bestiary/Opo-opo.html,http://elemen.sakura.ne.jp/ff14_dated_archives/monster/bestiary/Opo-opo.html
sources/elemen-site-archive/objects/ff14_dated_archives/monster/bestiary/Orobon.html,http://elemen.sakura.ne.jp/ff14_dated_archives/monster/bestiary/Orobon.html
sources/elemen-site-archive/objects/ff14_dated_archives/monster/bestiary/Phurble.html,http://elemen.sakura.ne.jp/ff14_dated_archives/monster/bestiary/Phurble.html
sources/elemen-site-archive/objects/ff14_dated_archives/monster/bestiary/Plasmoid.html,http://elemen.sakura.ne.jp/ff14_dated_archives/monster/bestiary/Plasmoid.html
sources/elemen-site-archive/objects/ff14_dated_archives/monster/bestiary/Qiqirn.html,http://elemen.sakura.ne.jp/ff14_dated_archives/monster/bestiary/Qiqirn.html
sources/elemen-site-archive/objects/ff14_dated_archives/monster/bestiary/Raptor.html,http://elemen.sakura.ne.jp/ff14_dated_archives/monster/bestiary/Raptor.html
sources/elemen-site-archive/objects/ff14_dated_archives/monster/bestiary/Rodent.html,http://elemen.sakura.ne.jp/ff14_dated_archives/monster/bestiary/Rodent.html
sources/elemen-site-archive/objects/ff14_dated_archives/monster/bestiary/Salamander.html,http://elemen.sakura.ne.jp/ff14_dated_archives/monster/bestiary/Salamander.html
sources/elemen-site-archive/objects/ff14_dated_archives/monster/bestiary/Sheep.html,http://elemen.sakura.ne.jp/ff14_dated_archives/monster/bestiary/Sheep.html
sources/elemen-site-archive/objects/ff14_dated_archives/monster/bestiary/Slug.html,http://elemen.sakura.ne.jp/ff14_dated_archives/monster/bestiary/Slug.html
sources/elemen-site-archive/objects/ff14_dated_archives/monster/bestiary/Spriggan.html,http://elemen.sakura.ne.jp/ff14_dated_archives/monster/bestiary/Spriggan.html
sources/elemen-site-archive/objects/ff14_dated_archives/monster/bestiary/Sworm.html,http://elemen.sakura.ne.jp/ff14_dated_archives/monster/bestiary/Sworm.html
sources/elemen-site-archive/objects/ff14_dated_archives/monster/bestiary/Sylph.html,http://elemen.sakura.ne.jp/ff14_dated_archives/monster/bestiary/Sylph.html
sources/elemen-site-archive/objects/ff14_dated_archives/monster/bestiary/TheDamned.html,http://elemen.sakura.ne.jp/ff14_dated_archives/monster/bestiary/TheDamned.html
sources/elemen-site-archive/objects/ff14_dated_archives/monster/bestiary/Treant.html,http://elemen.sakura.ne.jp/ff14_dated_archives/monster/bestiary/Treant.html
sources/elemen-site-archive/objects/ff14_dated_archives/monster/bestiary/Vanguard.html,http://elemen.sakura.ne.jp/ff14_dated_archives/monster/bestiary/Vanguard.html
sources/elemen-site-archive/objects/ff14_dated_archives/monster/bestiary/Vulture.html,http://elemen.sakura.ne.jp/ff14_dated_archives/monster/bestiary/Vulture.html
sources/elemen-site-archive/objects/ff14_dated_archives/monster/bestiary/Wight.html,http://elemen.sakura.ne.jp/ff14_dated_archives/monster/bestiary/Wight.html
sources/elemen-site-archive/objects/ff14_dated_archives/monster/bestiary/Will-o'-the-Wisp.html,http://elemen.sakura.ne.jp/ff14_dated_archives/monster/bestiary/Will-o'-the-Wisp.html
sources/elemen-site-archive/objects/ff14_dated_archives/monster/bestiary/Wolf.html,http://elemen.sakura.ne.jp/ff14_dated_archives/monster/bestiary/Wolf.html
sources/elemen-site-archive/objects/ff14_dated_archives/monster/bestiary/Yarzon.html,http://elemen.sakura.ne.jp/ff14_dated_archives/monster/bestiary/Yarzon.html
sources/elemen-site-archive/objects/ff14_dated_archives/monster/bestiary/index.html,http://elemen.sakura.ne.jp/ff14_dated_archives/monster/bestiary/index.html
sources/elemen-site-archive/objects/ff14_dated_archives/monster/bestiary/puk.html,http://elemen.sakura.ne.jp/ff14_dated_archives/monster/bestiary/puk.html
sources/elemen-site-archive/objects/ff14_dated_archives/monster/nm/NM_BlackShroud.html,http://elemen.sakura.ne.jp/ff14_dated_archives/monster/nm/NM_BlackShroud.html
sources/elemen-site-archive/objects/ff14_dated_archives/monster/nm/NM_Coerthas.html,http://elemen.sakura.ne.jp/ff14_dated_archives/monster/nm/NM_Coerthas.html
sources/elemen-site-archive/objects/ff14_dated_archives/monster/nm/NM_LaNoscea.html,http://elemen.sakura.ne.jp/ff14_dated_archives/monster/nm/NM_LaNoscea.html
sources/elemen-site-archive/objects/ff14_dated_archives/monster/nm/NM_MorDhona.html,http://elemen.sakura.ne.jp/ff14_dated_archives/monster/nm/NM_MorDhona.html
sources/elemen-site-archive/objects/ff14_dated_archives/monster/nm/NM_Thanalan.html,http://elemen.sakura.ne.jp/ff14_dated_archives/monster/nm/NM_Thanalan.html
sources/elemen-site-archive/objects/ff14_dated_archives/monster/nm/index.html,http://elemen.sakura.ne.jp/ff14_dated_archives/monster/nm/index.html
sources/elemen-site-archive/objects/ff14_dated_archives/quest/ClassQuest/Alchemist1.html,http://elemen.sakura.ne.jp/ff14_dated_archives/quest/ClassQuest/Alchemist1.html
sources/elemen-site-archive/objects/ff14_dated_archives/quest/ClassQuest/Alchemist2.html,http://elemen.sakura.ne.jp/ff14_dated_archives/quest/ClassQuest/Alchemist2.html
sources/elemen-site-archive/objects/ff14_dated_archives/quest/ClassQuest/Alchemist3.html,http://elemen.sakura.ne.jp/ff14_dated_archives/quest/ClassQuest/Alchemist3.html
sources/elemen-site-archive/objects/ff14_dated_archives/quest/ClassQuest/Archer1.html,http://elemen.sakura.ne.jp/ff14_dated_archives/quest/ClassQuest/Archer1.html
sources/elemen-site-archive/objects/ff14_dated_archives/quest/ClassQuest/Archer2.html,http://elemen.sakura.ne.jp/ff14_dated_archives/quest/ClassQuest/Archer2.html
sources/elemen-site-archive/objects/ff14_dated_archives/quest/ClassQuest/Archer3.html,http://elemen.sakura.ne.jp/ff14_dated_archives/quest/ClassQuest/Archer3.html
sources/elemen-site-archive/objects/ff14_dated_archives/quest/ClassQuest/BlacksmithArmorer1.html,http://elemen.sakura.ne.jp/ff14_dated_archives/quest/ClassQuest/BlacksmithArmorer1.html
sources/elemen-site-archive/objects/ff14_dated_archives/quest/ClassQuest/BlacksmithArmorer2.html,http://elemen.sakura.ne.jp/ff14_dated_archives/quest/ClassQuest/BlacksmithArmorer2.html
sources/elemen-site-archive/objects/ff14_dated_archives/quest/ClassQuest/BlacksmithArmorer3.html,http://elemen.sakura.ne.jp/ff14_dated_archives/quest/ClassQuest/BlacksmithArmorer3.html
sources/elemen-site-archive/objects/ff14_dated_archives/quest/ClassQuest/Botanist1.html,http://elemen.sakura.ne.jp/ff14_dated_archives/quest/ClassQuest/Botanist1.html
sources/elemen-site-archive/objects/ff14_dated_archives/quest/ClassQuest/Botanist2.html,http://elemen.sakura.ne.jp/ff14_dated_archives/quest/ClassQuest/Botanist2.html
sources/elemen-site-archive/objects/ff14_dated_archives/quest/ClassQuest/Botanist3.html,http://elemen.sakura.ne.jp/ff14_dated_archives/quest/ClassQuest/Botanist3.html
sources/elemen-site-archive/objects/ff14_dated_archives/quest/ClassQuest/Carpenter1.html,http://elemen.sakura.ne.jp/ff14_dated_archives/quest/ClassQuest/Carpenter1.html
sources/elemen-site-archive/objects/ff14_dated_archives/quest/ClassQuest/Carpenter2.html,http://elemen.sakura.ne.jp/ff14_dated_archives/quest/ClassQuest/Carpenter2.html
sources/elemen-site-archive/objects/ff14_dated_archives/quest/ClassQuest/Carpenter3.html,http://elemen.sakura.ne.jp/ff14_dated_archives/quest/ClassQuest/Carpenter3.html
sources/elemen-site-archive/objects/ff14_dated_archives/quest/ClassQuest/Conjurer1.html,http://elemen.sakura.ne.jp/ff14_dated_archives/quest/ClassQuest/Conjurer1.html
sources/elemen-site-archive/objects/ff14_dated_archives/quest/ClassQuest/Conjurer2.html,http://elemen.sakura.ne.jp/ff14_dated_archives/quest/ClassQuest/Conjurer2.html
sources/elemen-site-archive/objects/ff14_dated_archives/quest/ClassQuest/Conjurer3.html,http://elemen.sakura.ne.jp/ff14_dated_archives/quest/ClassQuest/Conjurer3.html
sources/elemen-site-archive/objects/ff14_dated_archives/quest/ClassQuest/Culinarian1.html,http://elemen.sakura.ne.jp/ff14_dated_archives/quest/ClassQuest/Culinarian1.html
sources/elemen-site-archive/objects/ff14_dated_archives/quest/ClassQuest/Culinarian2.html,http://elemen.sakura.ne.jp/ff14_dated_archives/quest/ClassQuest/Culinarian2.html
sources/elemen-site-archive/objects/ff14_dated_archives/quest/ClassQuest/Culinarian3.html,http://elemen.sakura.ne.jp/ff14_dated_archives/quest/ClassQuest/Culinarian3.html
sources/elemen-site-archive/objects/ff14_dated_archives/quest/ClassQuest/Fisher1.html,http://elemen.sakura.ne.jp/ff14_dated_archives/quest/ClassQuest/Fisher1.html
sources/elemen-site-archive/objects/ff14_dated_archives/quest/ClassQuest/Fisher2.html,http://elemen.sakura.ne.jp/ff14_dated_archives/quest/ClassQuest/Fisher2.html
sources/elemen-site-archive/objects/ff14_dated_archives/quest/ClassQuest/Fisher3.html,http://elemen.sakura.ne.jp/ff14_dated_archives/quest/ClassQuest/Fisher3.html
sources/elemen-site-archive/objects/ff14_dated_archives/quest/ClassQuest/Gladiator1.html,http://elemen.sakura.ne.jp/ff14_dated_archives/quest/ClassQuest/Gladiator1.html
sources/elemen-site-archive/objects/ff14_dated_archives/quest/ClassQuest/Gladiator2.html,http://elemen.sakura.ne.jp/ff14_dated_archives/quest/ClassQuest/Gladiator2.html
sources/elemen-site-archive/objects/ff14_dated_archives/quest/ClassQuest/Gladiator3.html,http://elemen.sakura.ne.jp/ff14_dated_archives/quest/ClassQuest/Gladiator3.html
sources/elemen-site-archive/objects/ff14_dated_archives/quest/ClassQuest/Goldsmith1.html,http://elemen.sakura.ne.jp/ff14_dated_archives/quest/ClassQuest/Goldsmith1.html
sources/elemen-site-archive/objects/ff14_dated_archives/quest/ClassQuest/Goldsmith2.html,http://elemen.sakura.ne.jp/ff14_dated_archives/quest/ClassQuest/Goldsmith2.html
sources/elemen-site-archive/objects/ff14_dated_archives/quest/ClassQuest/Goldsmith3.html,http://elemen.sakura.ne.jp/ff14_dated_archives/quest/ClassQuest/Goldsmith3.html
sources/elemen-site-archive/objects/ff14_dated_archives/quest/ClassQuest/Lancer1.html,http://elemen.sakura.ne.jp/ff14_dated_archives/quest/ClassQuest/Lancer1.html
sources/elemen-site-archive/objects/ff14_dated_archives/quest/ClassQuest/Lancer2.html,http://elemen.sakura.ne.jp/ff14_dated_archives/quest/ClassQuest/Lancer2.html
sources/elemen-site-archive/objects/ff14_dated_archives/quest/ClassQuest/Lancer3.html,http://elemen.sakura.ne.jp/ff14_dated_archives/quest/ClassQuest/Lancer3.html
sources/elemen-site-archive/objects/ff14_dated_archives/quest/ClassQuest/Leatherworker1.html,http://elemen.sakura.ne.jp/ff14_dated_archives/quest/ClassQuest/Leatherworker1.html
sources/elemen-site-archive/objects/ff14_dated_archives/quest/ClassQuest/Leatherworker2.html,http://elemen.sakura.ne.jp/ff14_dated_archives/quest/ClassQuest/Leatherworker2.html
sources/elemen-site-archive/objects/ff14_dated_archives/quest/ClassQuest/Leatherworker3.html,http://elemen.sakura.ne.jp/ff14_dated_archives/quest/ClassQuest/Leatherworker3.html
sources/elemen-site-archive/objects/ff14_dated_archives/quest/ClassQuest/Marauder1.html,http://elemen.sakura.ne.jp/ff14_dated_archives/quest/ClassQuest/Marauder1.html
sources/elemen-site-archive/objects/ff14_dated_archives/quest/ClassQuest/Marauder2.html,http://elemen.sakura.ne.jp/ff14_dated_archives/quest/ClassQuest/Marauder2.html
sources/elemen-site-archive/objects/ff14_dated_archives/quest/ClassQuest/Marauder3.html,http://elemen.sakura.ne.jp/ff14_dated_archives/quest/ClassQuest/Marauder3.html
sources/elemen-site-archive/objects/ff14_dated_archives/quest/ClassQuest/Miner1.html,http://elemen.sakura.ne.jp/ff14_dated_archives/quest/ClassQuest/Miner1.html
sources/elemen-site-archive/objects/ff14_dated_archives/quest/ClassQuest/Miner2.html,http://elemen.sakura.ne.jp/ff14_dated_archives/quest/ClassQuest/Miner2.html
sources/elemen-site-archive/objects/ff14_dated_archives/quest/ClassQuest/Miner3.html,http://elemen.sakura.ne.jp/ff14_dated_archives/quest/ClassQuest/Miner3.html
sources/elemen-site-archive/objects/ff14_dated_archives/quest/ClassQuest/Pugilist1.html,http://elemen.sakura.ne.jp/ff14_dated_archives/quest/ClassQuest/Pugilist1.html
sources/elemen-site-archive/objects/ff14_dated_archives/quest/ClassQuest/Pugilist2.html,http://elemen.sakura.ne.jp/ff14_dated_archives/quest/ClassQuest/Pugilist2.html
sources/elemen-site-archive/objects/ff14_dated_archives/quest/ClassQuest/Pugilist3.html,http://elemen.sakura.ne.jp/ff14_dated_archives/quest/ClassQuest/Pugilist3.html
sources/elemen-site-archive/objects/ff14_dated_archives/quest/ClassQuest/Thaumaturge1.html,http://elemen.sakura.ne.jp/ff14_dated_archives/quest/ClassQuest/Thaumaturge1.html
sources/elemen-site-archive/objects/ff14_dated_archives/quest/ClassQuest/Thaumaturge2.html,http://elemen.sakura.ne.jp/ff14_dated_archives/quest/ClassQuest/Thaumaturge2.html
sources/elemen-site-archive/objects/ff14_dated_archives/quest/ClassQuest/Thaumaturge3.html,http://elemen.sakura.ne.jp/ff14_dated_archives/quest/ClassQuest/Thaumaturge3.html
sources/elemen-site-archive/objects/ff14_dated_archives/quest/ClassQuest/Weaver1.html,http://elemen.sakura.ne.jp/ff14_dated_archives/quest/ClassQuest/Weaver1.html
sources/elemen-site-archive/objects/ff14_dated_archives/quest/ClassQuest/Weaver2.html,http://elemen.sakura.ne.jp/ff14_dated_archives/quest/ClassQuest/Weaver2.html
sources/elemen-site-archive/objects/ff14_dated_archives/quest/ClassQuest/Weaver3.html,http://elemen.sakura.ne.jp/ff14_dated_archives/quest/ClassQuest/Weaver3.html
sources/elemen-site-archive/objects/ff14_dated_archives/quest/ClassQuest/index.html,http://elemen.sakura.ne.jp/ff14_dated_archives/quest/ClassQuest/index.html
sources/elemen-site-archive/objects/ff14_dated_archives/quest/JobQuest/Bard1.html,http://elemen.sakura.ne.jp/ff14_dated_archives/quest/JobQuest/Bard1.html
sources/elemen-site-archive/objects/ff14_dated_archives/quest/JobQuest/Bard2.html,http://elemen.sakura.ne.jp/ff14_dated_archives/quest/JobQuest/Bard2.html
sources/elemen-site-archive/objects/ff14_dated_archives/quest/JobQuest/Bard3.html,http://elemen.sakura.ne.jp/ff14_dated_archives/quest/JobQuest/Bard3.html
sources/elemen-site-archive/objects/ff14_dated_archives/quest/JobQuest/Bard4.html,http://elemen.sakura.ne.jp/ff14_dated_archives/quest/JobQuest/Bard4.html
sources/elemen-site-archive/objects/ff14_dated_archives/quest/JobQuest/Bard5.html,http://elemen.sakura.ne.jp/ff14_dated_archives/quest/JobQuest/Bard5.html
sources/elemen-site-archive/objects/ff14_dated_archives/quest/JobQuest/Bard6.html,http://elemen.sakura.ne.jp/ff14_dated_archives/quest/JobQuest/Bard6.html
sources/elemen-site-archive/objects/ff14_dated_archives/quest/JobQuest/BlackMage1.html,http://elemen.sakura.ne.jp/ff14_dated_archives/quest/JobQuest/BlackMage1.html
sources/elemen-site-archive/objects/ff14_dated_archives/quest/JobQuest/BlackMage2.html,http://elemen.sakura.ne.jp/ff14_dated_archives/quest/JobQuest/BlackMage2.html
sources/elemen-site-archive/objects/ff14_dated_archives/quest/JobQuest/BlackMage3.html,http://elemen.sakura.ne.jp/ff14_dated_archives/quest/JobQuest/BlackMage3.html
sources/elemen-site-archive/objects/ff14_dated_archives/quest/JobQuest/BlackMage4.html,http://elemen.sakura.ne.jp/ff14_dated_archives/quest/JobQuest/BlackMage4.html
sources/elemen-site-archive/objects/ff14_dated_archives/quest/JobQuest/BlackMage5.html,http://elemen.sakura.ne.jp/ff14_dated_archives/quest/JobQuest/BlackMage5.html
sources/elemen-site-archive/objects/ff14_dated_archives/quest/JobQuest/BlackMage6.html,http://elemen.sakura.ne.jp/ff14_dated_archives/quest/JobQuest/BlackMage6.html
sources/elemen-site-archive/objects/ff14_dated_archives/quest/JobQuest/Dragoon1.html,http://elemen.sakura.ne.jp/ff14_dated_archives/quest/JobQuest/Dragoon1.html
sources/elemen-site-archive/objects/ff14_dated_archives/quest/JobQuest/Dragoon2.html,http://elemen.sakura.ne.jp/ff14_dated_archives/quest/JobQuest/Dragoon2.html
sources/elemen-site-archive/objects/ff14_dated_archives/quest/JobQuest/Dragoon3.html,http://elemen.sakura.ne.jp/ff14_dated_archives/quest/JobQuest/Dragoon3.html
sources/elemen-site-archive/objects/ff14_dated_archives/quest/JobQuest/Dragoon4.html,http://elemen.sakura.ne.jp/ff14_dated_archives/quest/JobQuest/Dragoon4.html
sources/elemen-site-archive/objects/ff14_dated_archives/quest/JobQuest/Dragoon5.html,http://elemen.sakura.ne.jp/ff14_dated_archives/quest/JobQuest/Dragoon5.html
sources/elemen-site-archive/objects/ff14_dated_archives/quest/JobQuest/Dragoon6.html,http://elemen.sakura.ne.jp/ff14_dated_archives/quest/JobQuest/Dragoon6.html
sources/elemen-site-archive/objects/ff14_dated_archives/quest/JobQuest/Monk1.html,http://elemen.sakura.ne.jp/ff14_dated_archives/quest/JobQuest/Monk1.html
sources/elemen-site-archive/objects/ff14_dated_archives/quest/JobQuest/Monk2.html,http://elemen.sakura.ne.jp/ff14_dated_archives/quest/JobQuest/Monk2.html
sources/elemen-site-archive/objects/ff14_dated_archives/quest/JobQuest/Monk3.html,http://elemen.sakura.ne.jp/ff14_dated_archives/quest/JobQuest/Monk3.html
sources/elemen-site-archive/objects/ff14_dated_archives/quest/JobQuest/Monk4.html,http://elemen.sakura.ne.jp/ff14_dated_archives/quest/JobQuest/Monk4.html
sources/elemen-site-archive/objects/ff14_dated_archives/quest/JobQuest/Monk5.html,http://elemen.sakura.ne.jp/ff14_dated_archives/quest/JobQuest/Monk5.html
sources/elemen-site-archive/objects/ff14_dated_archives/quest/JobQuest/Monk6.html,http://elemen.sakura.ne.jp/ff14_dated_archives/quest/JobQuest/Monk6.html
sources/elemen-site-archive/objects/ff14_dated_archives/quest/JobQuest/Paladin1.html,http://elemen.sakura.ne.jp/ff14_dated_archives/quest/JobQuest/Paladin1.html
sources/elemen-site-archive/objects/ff14_dated_archives/quest/JobQuest/Paladin2.html,http://elemen.sakura.ne.jp/ff14_dated_archives/quest/JobQuest/Paladin2.html
sources/elemen-site-archive/objects/ff14_dated_archives/quest/JobQuest/Paladin3.html,http://elemen.sakura.ne.jp/ff14_dated_archives/quest/JobQuest/Paladin3.html
sources/elemen-site-archive/objects/ff14_dated_archives/quest/JobQuest/Paladin4.html,http://elemen.sakura.ne.jp/ff14_dated_archives/quest/JobQuest/Paladin4.html
sources/elemen-site-archive/objects/ff14_dated_archives/quest/JobQuest/Paladin5.html,http://elemen.sakura.ne.jp/ff14_dated_archives/quest/JobQuest/Paladin5.html
sources/elemen-site-archive/objects/ff14_dated_archives/quest/JobQuest/Paladin6.html,http://elemen.sakura.ne.jp/ff14_dated_archives/quest/JobQuest/Paladin6.html
sources/elemen-site-archive/objects/ff14_dated_archives/quest/JobQuest/Warrior1.html,http://elemen.sakura.ne.jp/ff14_dated_archives/quest/JobQuest/Warrior1.html
sources/elemen-site-archive/objects/ff14_dated_archives/quest/JobQuest/Warrior2.html,http://elemen.sakura.ne.jp/ff14_dated_archives/quest/JobQuest/Warrior2.html
sources/elemen-site-archive/objects/ff14_dated_archives/quest/JobQuest/Warrior3.html,http://elemen.sakura.ne.jp/ff14_dated_archives/quest/JobQuest/Warrior3.html
sources/elemen-site-archive/objects/ff14_dated_archives/quest/JobQuest/Warrior4.html,http://elemen.sakura.ne.jp/ff14_dated_archives/quest/JobQuest/Warrior4.html
sources/elemen-site-archive/objects/ff14_dated_archives/quest/JobQuest/Warrior5.html,http://elemen.sakura.ne.jp/ff14_dated_archives/quest/JobQuest/Warrior5.html
sources/elemen-site-archive/objects/ff14_dated_archives/quest/JobQuest/Warrior6.html,http://elemen.sakura.ne.jp/ff14_dated_archives/quest/JobQuest/Warrior6.html
sources/elemen-site-archive/objects/ff14_dated_archives/quest/JobQuest/WhiteMage1.html,http://elemen.sakura.ne.jp/ff14_dated_archives/quest/JobQuest/WhiteMage1.html
sources/elemen-site-archive/objects/ff14_dated_archives/quest/JobQuest/WhiteMage2.html,http://elemen.sakura.ne.jp/ff14_dated_archives/quest/JobQuest/WhiteMage2.html
sources/elemen-site-archive/objects/ff14_dated_archives/quest/JobQuest/WhiteMage3.html,http://elemen.sakura.ne.jp/ff14_dated_archives/quest/JobQuest/WhiteMage3.html
sources/elemen-site-archive/objects/ff14_dated_archives/quest/JobQuest/WhiteMage4.html,http://elemen.sakura.ne.jp/ff14_dated_archives/quest/JobQuest/WhiteMage4.html
sources/elemen-site-archive/objects/ff14_dated_archives/quest/JobQuest/WhiteMage5.html,http://elemen.sakura.ne.jp/ff14_dated_archives/quest/JobQuest/WhiteMage5.html
sources/elemen-site-archive/objects/ff14_dated_archives/quest/JobQuest/WhiteMage6.html,http://elemen.sakura.ne.jp/ff14_dated_archives/quest/JobQuest/WhiteMage6.html
sources/elemen-site-archive/objects/ff14_dated_archives/quest/JobQuest/index.html,http://elemen.sakura.ne.jp/ff14_dated_archives/quest/JobQuest/index.html
sources/elemen-site-archive/objects/ff14_dated_archives/quest/MainQuest/Gridania1.html,http://elemen.sakura.ne.jp/ff14_dated_archives/quest/MainQuest/Gridania1.html
sources/elemen-site-archive/objects/ff14_dated_archives/quest/MainQuest/Gridania2.html,http://elemen.sakura.ne.jp/ff14_dated_archives/quest/MainQuest/Gridania2.html
sources/elemen-site-archive/objects/ff14_dated_archives/quest/MainQuest/Gridania3.html,http://elemen.sakura.ne.jp/ff14_dated_archives/quest/MainQuest/Gridania3.html
sources/elemen-site-archive/objects/ff14_dated_archives/quest/MainQuest/Gridania4.html,http://elemen.sakura.ne.jp/ff14_dated_archives/quest/MainQuest/Gridania4.html
sources/elemen-site-archive/objects/ff14_dated_archives/quest/MainQuest/LimsaLominsa1.html,http://elemen.sakura.ne.jp/ff14_dated_archives/quest/MainQuest/LimsaLominsa1.html
sources/elemen-site-archive/objects/ff14_dated_archives/quest/MainQuest/LimsaLominsa2.html,http://elemen.sakura.ne.jp/ff14_dated_archives/quest/MainQuest/LimsaLominsa2.html
sources/elemen-site-archive/objects/ff14_dated_archives/quest/MainQuest/LimsaLominsa3.html,http://elemen.sakura.ne.jp/ff14_dated_archives/quest/MainQuest/LimsaLominsa3.html
sources/elemen-site-archive/objects/ff14_dated_archives/quest/MainQuest/LimsaLominsa4.html,http://elemen.sakura.ne.jp/ff14_dated_archives/quest/MainQuest/LimsaLominsa4.html
sources/elemen-site-archive/objects/ff14_dated_archives/quest/MainQuest/Ul'dah1.html,http://elemen.sakura.ne.jp/ff14_dated_archives/quest/MainQuest/Ul'dah1.html
sources/elemen-site-archive/objects/ff14_dated_archives/quest/MainQuest/Ul'dah2.html,http://elemen.sakura.ne.jp/ff14_dated_archives/quest/MainQuest/Ul'dah2.html
sources/elemen-site-archive/objects/ff14_dated_archives/quest/MainQuest/Ul'dah3.html,http://elemen.sakura.ne.jp/ff14_dated_archives/quest/MainQuest/Ul'dah3.html
sources/elemen-site-archive/objects/ff14_dated_archives/quest/MainQuest/Ul'dah4.html,http://elemen.sakura.ne.jp/ff14_dated_archives/quest/MainQuest/Ul'dah4.html
sources/elemen-site-archive/objects/ff14_dated_archives/quest/MainQuest/common10.html,http://elemen.sakura.ne.jp/ff14_dated_archives/quest/MainQuest/common10.html
sources/elemen-site-archive/objects/ff14_dated_archives/quest/MainQuest/common11.html,http://elemen.sakura.ne.jp/ff14_dated_archives/quest/MainQuest/common11.html
sources/elemen-site-archive/objects/ff14_dated_archives/quest/MainQuest/common5.html,http://elemen.sakura.ne.jp/ff14_dated_archives/quest/MainQuest/common5.html
sources/elemen-site-archive/objects/ff14_dated_archives/quest/MainQuest/common6.html,http://elemen.sakura.ne.jp/ff14_dated_archives/quest/MainQuest/common6.html
sources/elemen-site-archive/objects/ff14_dated_archives/quest/MainQuest/common7.html,http://elemen.sakura.ne.jp/ff14_dated_archives/quest/MainQuest/common7.html
sources/elemen-site-archive/objects/ff14_dated_archives/quest/MainQuest/common8.html,http://elemen.sakura.ne.jp/ff14_dated_archives/quest/MainQuest/common8.html
sources/elemen-site-archive/objects/ff14_dated_archives/quest/MainQuest/common9.html,http://elemen.sakura.ne.jp/ff14_dated_archives/quest/MainQuest/common9.html
sources/elemen-site-archive/objects/ff14_dated_archives/quest/MainQuest/index.html,http://elemen.sakura.ne.jp/ff14_dated_archives/quest/MainQuest/index.html
sources/elemen-site-archive/objects/ff14_dated_archives/quest/SubQuest/index.html,http://elemen.sakura.ne.jp/ff14_dated_archives/quest/SubQuest/index.html
sources/elemen-site-archive/objects/ff14_dated_archives/quest/TheGrandCompanies/index.html,http://elemen.sakura.ne.jp/ff14_dated_archives/quest/TheGrandCompanies/index.html
