capture,direction,lane_index,frame_index,subevent_index,subevent_offset,opcode,slot,actor_id,actor_high_nibble,record_stride,field_at_record_plus_8,event_role_match,matching_event_names
combat_autoattack.pcapng,s2c,0,47,9,1016,0x0183,0,1154500318,4,12,1,no,
combat_autoattack.pcapng,s2c,0,123,9,1016,0x0183,0,1154500317,4,12,1,no,
combat_autoattack.pcapng,s2c,0,123,27,2936,0x0183,0,1154482319,4,12,1,no,
combat_autoattack.pcapng,s2c,0,124,7,904,0x0183,0,1154500318,4,12,1,no,
combat_autoattack.pcapng,s2c,0,124,25,2824,0x0183,0,1154486387,4,12,1,no,
from_gridania_to_blackshroud.pcapng,s2c,0,237,16,1496,0x017F,0,43723073,0,48,301,no,
from_gridania_to_blackshroud.pcapng,s2c,0,237,16,1496,0x017F,1,3768972602,14,48,4294967295,no,
from_gridania_to_blackshroud.pcapng,s2c,0,237,20,2208,0x017F,0,43723073,0,48,301,no,
gather_wood.pcapng,s2c,0,196,6,736,0x0183,0,1152388206,4,12,1,no,
gather_wood.pcapng,s2c,0,210,9,1016,0x0183,0,1152386901,4,12,1,no,
gridania_to_coerthas.pcapng,s2c,0,173,4,296,0x017F,0,43723073,0,48,301,no,
gridania_to_coerthas.pcapng,s2c,0,173,4,296,0x017F,1,3768972602,14,48,4294967295,no,
gridania_to_coerthas.pcapng,s2c,0,173,8,1008,0x017F,0,43723073,0,48,301,no,
gridania_to_coerthas.pcapng,s2c,0,242,9,1016,0x0183,0,1152388431,4,12,1,no,
gridania_to_coerthas.pcapng,s2c,0,250,9,1016,0x0183,0,1152388230,4,12,1,no,
gridania_to_coerthas.pcapng,s2c,0,255,27,2832,0x0183,0,1152388429,4,12,1,no,
gridania_to_coerthas.pcapng,s2c,0,277,6,736,0x0183,0,1152388070,4,12,1,no,
gridania_to_coerthas.pcapng,s2c,0,277,24,2656,0x0183,0,1152388079,4,12,1,no,
gridania_to_coerthas.pcapng,s2c,0,281,9,1016,0x0183,0,1152388084,4,12,1,no,
gridania_to_coerthas.pcapng,s2c,0,290,9,1016,0x0183,0,1152388078,4,12,1,no,
gridania_to_coerthas.pcapng,s2c,0,290,27,2936,0x0183,0,1152386309,4,12,1,no,
gridania_to_coerthas.pcapng,s2c,0,295,9,1016,0x0183,0,1152388066,4,12,1,no,
gridania_to_coerthas.pcapng,s2c,0,298,9,1016,0x0183,0,1152385239,4,12,1,no,
gridania_to_coerthas.pcapng,s2c,0,305,9,1016,0x0183,0,1152388077,4,12,1,no,
gridania_to_coerthas.pcapng,s2c,0,316,9,1016,0x0183,0,1152387312,4,12,1,no,
gridania_to_coerthas.pcapng,s2c,0,323,9,1016,0x0183,0,1152385144,4,12,1,no,
gridania_to_coerthas.pcapng,s2c,0,330,9,1016,0x0183,0,1152386308,4,12,1,no,
gridania_to_coerthas.pcapng,s2c,0,334,9,1016,0x0183,0,1152385168,4,12,1,no,
gridania_to_coerthas.pcapng,s2c,0,355,27,2832,0x0183,0,1152388224,4,12,1,no,
gridania_to_coerthas.pcapng,s2c,0,356,6,736,0x0183,0,1152388223,4,12,1,no,
gridania_to_coerthas.pcapng,s2c,0,370,9,1016,0x0183,0,1152387887,4,12,1,no,
gridania_to_coerthas.pcapng,s2c,0,370,27,2936,0x0183,0,1152387888,4,12,1,no,
gridania_to_coerthas.pcapng,s2c,0,371,7,904,0x0183,0,1152387892,4,12,1,no,
gridania_to_coerthas.pcapng,s2c,0,380,9,1016,0x0183,0,1152385181,4,12,1,no,
gridania_to_coerthas.pcapng,s2c,0,384,9,1016,0x0183,0,1152387886,4,12,1,no,
gridania_to_coerthas.pcapng,s2c,0,420,9,1016,0x0183,0,1152388082,4,12,1,no,
gridania_to_coerthas.pcapng,s2c,0,433,9,1016,0x0183,0,1152386772,4,12,1,no,
gridania_to_coerthas.pcapng,s2c,0,433,27,2936,0x0183,0,1152385159,4,12,1,no,
gridania_to_coerthas.pcapng,s2c,0,457,6,736,0x0183,0,1152388222,4,12,1,no,
gridania_to_coerthas.pcapng,s2c,0,462,9,1016,0x0183,0,1152387968,4,12,1,no,
gridania_to_coerthas.pcapng,s2c,0,466,9,1016,0x0183,0,1152386594,4,12,1,no,
gridania_to_coerthas.pcapng,s2c,0,470,9,1016,0x0183,0,1152386593,4,12,1,no,
gridania_to_coerthas.pcapng,s2c,0,470,27,2936,0x0183,0,1152386383,4,12,1,no,
gridania_to_coerthas.pcapng,s2c,0,474,9,1016,0x0183,0,1152386595,4,12,1,no,
gridania_to_coerthas.pcapng,s2c,0,487,9,1016,0x0183,0,1152388282,4,12,1,no,
gridania_to_coerthas.pcapng,s2c,0,507,9,1016,0x0183,0,1152385118,4,12,1,no,
gridania_to_coerthas.pcapng,s2c,0,515,9,1016,0x0183,0,1152386578,4,12,1,no,
gridania_to_coerthas.pcapng,s2c,0,515,27,2936,0x0183,0,1152386622,4,12,1,no,
gridania_to_coerthas.pcapng,s2c,0,516,7,904,0x0183,0,1152387448,4,12,1,no,
gridania_to_coerthas.pcapng,s2c,0,520,9,1016,0x0183,0,1152387446,4,12,1,no,
gridania_to_coerthas.pcapng,s2c,0,520,27,2936,0x0183,0,1152386577,4,12,1,no,
gridania_to_coerthas.pcapng,s2c,0,521,7,904,0x0183,0,1152387449,4,12,1,no,
gridania_to_coerthas.pcapng,s2c,0,525,9,1016,0x0183,0,1152386619,4,12,1,no,
gridania_to_coerthas.pcapng,s2c,0,526,17,1768,0x0183,0,1152386623,4,12,1,no,
gridania_to_coerthas.pcapng,s2c,0,526,35,3688,0x0183,0,1152386617,4,12,1,no,
gridania_to_coerthas.pcapng,s2c,0,527,13,1560,0x0183,0,1152387447,4,12,1,no,
gridania_to_coerthas.pcapng,s2c,0,530,9,1016,0x0183,0,1152386614,4,12,1,no,
gridania_to_coerthas.pcapng,s2c,0,547,9,1016,0x0183,0,1152386344,4,12,1,no,
gridania_to_coerthas.pcapng,s2c,0,575,9,1016,0x0183,0,1152386569,4,12,1,no,
gridania_to_coerthas.pcapng,s2c,0,581,6,736,0x0183,0,1152386945,4,12,1,no,
gridania_to_coerthas.pcapng,s2c,0,587,9,1016,0x0183,0,1152386951,4,12,1,no,
gridania_to_coerthas.pcapng,s2c,0,587,27,2936,0x0183,0,1152387462,4,12,1,no,
gridania_to_coerthas.pcapng,s2c,0,592,9,1016,0x0183,0,1152386967,4,12,1,no,
gridania_to_coerthas.pcapng,s2c,0,592,27,2936,0x0183,0,1152387450,4,12,1,no,
gridania_to_coerthas.pcapng,s2c,0,593,7,904,0x0183,0,1152387472,4,12,1,no,
gridania_to_coerthas.pcapng,s2c,0,597,9,1016,0x0183,0,1152387471,4,12,1,no,
gridania_to_coerthas.pcapng,s2c,0,597,27,2936,0x0183,0,1152387470,4,12,1,no,
gridania_to_coerthas.pcapng,s2c,0,603,9,1016,0x0183,0,1152386971,4,12,1,no,
gridania_to_coerthas.pcapng,s2c,0,603,27,2936,0x0183,0,1152387468,4,12,1,no,
gridania_to_coerthas.pcapng,s2c,0,606,10,1056,0x0183,0,1152386969,4,12,1,no,
gridania_to_coerthas.pcapng,s2c,0,606,28,2976,0x0183,0,1152386970,4,12,1,no,
gridania_to_coerthas.pcapng,s2c,0,607,7,904,0x0183,0,1152387466,4,12,1,no,
gridania_to_coerthas.pcapng,s2c,0,677,9,1016,0x0183,0,1152388281,4,12,1,no,
gridania_to_coerthas.pcapng,s2c,0,680,9,1016,0x0183,0,1152386805,4,12,1,no,
gridania_to_coerthas.pcapng,s2c,0,687,9,1016,0x0183,0,1152385152,4,12,1,no,
gridania_to_coerthas.pcapng,s2c,0,690,9,1016,0x0183,0,1152388280,4,12,1,no,
gridania_to_coerthas.pcapng,s2c,0,694,9,1016,0x0183,0,1152386803,4,12,1,no,
gridania_to_coerthas.pcapng,s2c,0,701,9,1016,0x0183,0,1152385120,4,12,1,no,
gridania_to_coerthas.pcapng,s2c,0,710,6,736,0x0183,0,1152388279,4,12,1,no,
gridania_to_coerthas.pcapng,s2c,0,738,9,1016,0x0183,0,1152385126,4,12,1,no,
gridania_to_coerthas.pcapng,s2c,0,738,27,2936,0x0183,0,1152388278,4,12,1,no,
gridania_to_coerthas.pcapng,s2c,0,769,6,736,0x0183,0,1152385127,4,12,1,no,
gridania_to_coerthas.pcapng,s2c,0,772,9,1016,0x0183,0,1152385089,4,12,1,no,
gridania_to_coerthas.pcapng,s2c,0,846,16,1496,0x017F,0,43723073,0,48,303,no,
gridania_to_coerthas.pcapng,s2c,0,846,16,1496,0x017F,1,3768972602,14,48,4294967295,no,
gridania_to_coerthas.pcapng,s2c,0,846,20,2208,0x017F,0,43723073,0,48,303,no,
gridania_to_coerthas.pcapng,s2c,0,884,9,1016,0x0183,0,1153446875,4,12,1,no,
gridania_to_coerthas.pcapng,s2c,0,892,9,1016,0x0183,0,1153433787,4,12,1,no,
gridania_to_coerthas.pcapng,s2c,0,897,9,1016,0x0183,0,1153443754,4,12,1,no,
gridania_to_coerthas.pcapng,s2c,0,898,6,736,0x0183,0,1153443751,4,12,1,no,
gridania_to_coerthas.pcapng,s2c,0,904,9,1016,0x0183,0,1153433744,4,12,1,no,
gridania_to_coerthas.pcapng,s2c,0,906,9,1016,0x0183,0,1153433728,4,12,1,no,
gridania_to_coerthas.pcapng,s2c,0,906,27,2936,0x0183,0,1153433736,4,12,1,no,
gridania_to_coerthas.pcapng,s2c,0,907,7,904,0x0183,0,1153446313,4,12,1,no,
gridania_to_coerthas.pcapng,s2c,0,911,27,2832,0x0183,0,1153433691,4,12,1,no,
gridania_to_coerthas.pcapng,s2c,0,912,6,736,0x0183,0,1153446312,4,12,1,no,
gridania_to_coerthas.pcapng,s2c,0,916,9,1016,0x0183,0,1153443753,4,12,1,no,
gridania_to_coerthas.pcapng,s2c,0,922,6,736,0x0183,0,1153443755,4,12,1,no,
gridania_to_coerthas.pcapng,s2c,0,922,24,2656,0x0183,0,1153433752,4,12,1,no,
gridania_to_coerthas.pcapng,s2c,0,923,4,584,0x0183,0,1153433775,4,12,1,no,
gridania_to_coerthas.pcapng,s2c,0,940,20,2232,0x0183,0,1153433813,4,12,1,no,
gridania_to_coerthas.pcapng,s2c,0,946,9,1016,0x0183,0,1153433807,4,12,1,no,
gridania_to_coerthas.pcapng,s2c,0,951,9,1016,0x0183,0,1153433804,4,12,1,no,
gridania_to_coerthas.pcapng,s2c,0,964,9,1016,0x0183,0,1153443367,4,12,1,no,
gridania_to_coerthas.pcapng,s2c,0,995,9,1016,0x0183,0,1153433807,4,12,1,no,
gridania_to_coerthas.pcapng,s2c,0,995,27,2936,0x0183,0,1153433804,4,12,1,no,
gridania_to_coerthas.pcapng,s2c,0,1000,9,1016,0x0183,0,1153433737,4,12,1,no,
gridania_to_coerthas.pcapng,s2c,0,1000,27,2936,0x0183,0,1153433813,4,12,1,no,
gridania_to_coerthas.pcapng,s2c,0,1008,9,1016,0x0183,0,1153440705,4,12,1,no,
gridania_to_coerthas.pcapng,s2c,0,1015,9,1016,0x0183,0,1153433729,4,12,1,no,
gridania_to_coerthas.pcapng,s2c,0,1015,27,2936,0x0183,0,1153433692,4,12,1,no,
gridania_to_coerthas.pcapng,s2c,0,1016,7,904,0x0183,0,1153440611,4,12,1,no,
gridania_to_coerthas.pcapng,s2c,0,1016,25,2824,0x0183,0,1153447107,4,12,1,no,
gridania_to_coerthas.pcapng,s2c,0,1017,6,736,0x0183,0,1153433712,4,12,1,no,
gridania_to_coerthas.pcapng,s2c,0,1017,24,2656,0x0183,0,1153447108,4,12,1,no,
gridania_to_coerthas.pcapng,s2c,0,1018,4,584,0x0183,0,1153433673,4,12,1,no,
gridania_to_coerthas.pcapng,s2c,0,1022,9,1016,0x0183,0,1153447109,4,12,1,no,
gridania_to_coerthas.pcapng,s2c,0,1029,9,1016,0x0183,0,1153446964,4,12,1,no,
gridania_to_coerthas.pcapng,s2c,0,1029,27,2936,0x0183,0,1153433819,4,12,1,no,
gridania_to_coerthas.pcapng,s2c,0,1030,7,904,0x0183,0,1153440710,4,12,1,no,
gridania_to_coerthas.pcapng,s2c,0,1035,9,1016,0x0183,0,1153433718,4,12,1,no,
gridania_to_coerthas.pcapng,s2c,0,1040,9,1016,0x0183,0,1153447110,4,12,1,no,
gridania_to_coerthas.pcapng,s2c,0,1045,9,1016,0x0183,0,1153447156,4,12,1,no,
gridania_to_coerthas.pcapng,s2c,0,1052,9,1016,0x0183,0,1153447154,4,12,1,no,
gridania_to_coerthas.pcapng,s2c,0,1052,27,2936,0x0183,0,1153447153,4,12,1,no,
gridania_to_coerthas.pcapng,s2c,0,1057,9,1016,0x0183,0,1153441158,4,12,1,no,
gridania_to_coerthas.pcapng,s2c,0,1057,27,2936,0x0183,0,1153447159,4,12,1,no,
gridania_to_coerthas.pcapng,s2c,0,1058,7,904,0x0183,0,1153447157,4,12,1,no,
gridania_to_coerthas.pcapng,s2c,0,1064,9,1016,0x0183,0,1153447155,4,12,1,no,
gridania_to_coerthas.pcapng,s2c,0,1064,27,2936,0x0183,0,1153447160,4,12,1,no,
gridania_to_coerthas.pcapng,s2c,0,1065,7,904,0x0183,0,1153447158,4,12,1,no,
gridania_to_coerthas.pcapng,s2c,0,1091,9,1016,0x0183,0,1153433701,4,12,1,no,
gridania_to_coerthas.pcapng,s2c,0,1095,9,1016,0x0183,0,1153433670,4,12,1,no,
gridania_to_coerthas.pcapng,s2c,0,1095,27,2936,0x0183,0,1153447112,4,12,1,no,
gridania_to_coerthas.pcapng,s2c,0,1098,9,1016,0x0183,0,1153433811,4,12,1,no,
gridania_to_coerthas.pcapng,s2c,0,1098,27,2936,0x0183,0,1153433668,4,12,1,no,
gridania_to_coerthas.pcapng,s2c,0,1099,7,904,0x0183,0,1153433803,4,12,1,no,
gridania_to_coerthas.pcapng,s2c,0,1099,25,2824,0x0183,0,1153433689,4,12,1,no,
gridania_to_coerthas.pcapng,s2c,0,1100,6,736,0x0183,0,1153433731,4,12,1,no,
gridania_to_coerthas.pcapng,s2c,0,1100,24,2656,0x0183,0,1153433817,4,12,1,no,
gridania_to_coerthas.pcapng,s2c,0,1106,9,1016,0x0183,0,1153433739,4,12,1,no,
gridania_to_coerthas.pcapng,s2c,0,1106,27,2936,0x0183,0,1153433694,4,12,1,no,
gridania_to_coerthas.pcapng,s2c,0,1112,9,1016,0x0183,0,1153433747,4,12,1,no,
gridania_to_coerthas.pcapng,s2c,0,1112,27,2936,0x0183,0,1153447114,4,12,1,no,
gridania_to_coerthas.pcapng,s2c,0,1115,27,2832,0x0183,0,1153433763,4,12,1,no,
gridania_to_coerthas.pcapng,s2c,0,1116,23,2576,0x0183,0,1153433771,4,12,1,no,
gridania_to_coerthas.pcapng,s2c,0,1121,9,1016,0x0183,0,1153433790,4,12,1,no,
gridania_to_coerthas.pcapng,s2c,0,1121,27,2936,0x0183,0,1153433755,4,12,1,no,
gridania_to_coerthas.pcapng,s2c,0,1127,9,1016,0x0183,0,1153433714,4,12,1,no,
gridania_to_coerthas.pcapng,s2c,0,1127,27,2936,0x0183,0,1153433784,4,12,1,no,
gridania_to_coerthas.pcapng,s2c,0,1128,7,904,0x0183,0,1153433669,4,12,1,no,
gridania_to_coerthas.pcapng,s2c,0,1133,9,1016,0x0183,0,1153433675,4,12,1,no,
gridania_to_coerthas.pcapng,s2c,0,1137,9,1016,0x0183,0,1153433777,4,12,1,no,
gridania_to_coerthas.pcapng,s2c,0,1139,9,1016,0x0183,0,1153441210,4,12,1,no,
gridania_to_coerthas.pcapng,s2c,0,1142,9,1016,0x0183,0,1153447115,4,12,1,no,
gridania_to_coerthas.pcapng,s2c,0,1152,9,1016,0x0183,0,1153433687,4,12,1,no,
gridania_to_coerthas.pcapng,s2c,0,1166,9,1016,0x0183,0,1153440581,4,12,1,no,
gridania_to_coerthas.pcapng,s2c,0,1170,24,2328,0x0183,0,1153436990,4,12,1,no,
gridania_to_coerthas.pcapng,s2c,0,1180,9,1016,0x0183,0,1153441103,4,12,1,no,
gridania_to_coerthas.pcapng,s2c,0,1180,27,2936,0x0183,0,1153433750,4,12,1,no,
gridania_to_coerthas.pcapng,s2c,0,1185,6,736,0x0183,0,1153440581,4,12,1,no,
gridania_to_coerthas.pcapng,s2c,0,1185,24,2656,0x0183,0,1153433665,4,12,1,no,
gridania_to_coerthas.pcapng,s2c,0,1202,6,736,0x0183,0,1153433688,4,12,1,no,
gridania_to_coerthas.pcapng,s2c,0,1202,24,2656,0x0183,0,1153433666,4,12,1,no,
gridania_to_coerthas.pcapng,s2c,0,1203,4,584,0x0183,0,1153433758,4,12,1,no,
gridania_to_coerthas.pcapng,s2c,0,1209,2,216,0x0183,0,1153433717,4,12,1,no,
gridania_to_coerthas.pcapng,s2c,0,1213,9,1016,0x0183,0,1153433791,4,12,1,no,
gridania_to_coerthas.pcapng,s2c,0,1213,27,2936,0x0183,0,1153434834,4,12,1,no,
gridania_to_coerthas.pcapng,s2c,0,1241,6,736,0x0183,0,1153433758,4,12,1,no,
gridania_to_coerthas.pcapng,s2c,0,1247,6,736,0x0183,0,1153433688,4,12,1,no,
gridania_to_coerthas.pcapng,s2c,0,1247,24,2656,0x0183,0,1153433750,4,12,1,no,
gridania_to_coerthas.pcapng,s2c,0,1251,9,1016,0x0183,0,1153433785,4,12,1,no,
gridania_to_coerthas.pcapng,s2c,0,1251,27,2936,0x0183,0,1153433666,4,12,1,no,
gridania_to_coerthas.pcapng,s2c,0,1252,7,904,0x0183,0,1153433717,4,12,1,no,
gridania_to_coerthas.pcapng,s2c,0,1252,25,2824,0x0183,0,1153433773,4,12,1,no,
gridania_to_coerthas.pcapng,s2c,0,1255,9,1016,0x0183,0,1153433742,4,12,1,no,
gridania_to_coerthas.pcapng,s2c,0,1255,27,2936,0x0183,0,1153433678,4,12,1,no,
gridania_to_coerthas.pcapng,s2c,0,1256,7,904,0x0183,0,1153433697,4,12,1,no,
gridania_to_coerthas.pcapng,s2c,0,1256,25,2824,0x0183,0,1153433766,4,12,1,no,
gridania_to_coerthas.pcapng,s2c,0,1257,6,736,0x0183,0,1153441103,4,12,1,no,
gridania_to_coerthas.pcapng,s2c,0,1263,9,1016,0x0183,0,1153433734,4,12,1,no,
gridania_to_coerthas.pcapng,s2c,0,1263,27,2936,0x0183,0,1153433779,4,12,1,no,
gridania_to_coerthas.pcapng,s2c,0,1268,9,1016,0x0183,0,1153441103,4,12,1,no,
gridania_to_coerthas.pcapng,s2c,0,1320,16,1496,0x017F,0,43723073,0,48,203,no,
gridania_to_coerthas.pcapng,s2c,0,1320,16,1496,0x017F,1,3768972602,14,48,4294967295,no,
gridania_to_coerthas.pcapng,s2c,0,1320,20,2208,0x017F,0,43723073,0,48,203,no,
gridania_to_coerthas.pcapng,s2c,0,1330,30,2896,0x0183,0,1149763820,4,12,1,no,
gridania_to_coerthas.pcapng,s2c,0,1331,7,904,0x0183,0,1149763675,4,12,1,no,
gridania_to_coerthas.pcapng,s2c,0,1331,25,2824,0x0183,0,1149763728,4,12,1,no,
invite_join_party.pcapng,s2c,0,17,2,216,0x017F,0,43723073,0,48,331,no,
invite_join_party.pcapng,s2c,0,20,2,216,0x017F,0,43723073,0,48,331,no,
invite_join_party.pcapng,s2c,0,20,2,216,0x017F,1,43722707,0,48,5022,no,
invite_join_party.pcapng,s2c,0,92,3,280,0x017F,0,43723073,0,48,331,no,
invite_join_party.pcapng,s2c,0,92,3,280,0x017F,1,43722707,0,48,5022,no,
local_leve_complete.pcapng,s2c,0,52,9,1016,0x0183,0,1152388420,4,12,1,no,
local_leve_complete.pcapng,s2c,0,292,21,1944,0x0183,0,1152388203,4,12,1,no,
move_out_of_room.pcapng,s2c,0,32,17,1560,0x017F,0,43723073,0,48,331,no,
move_out_of_room.pcapng,s2c,0,32,17,1560,0x017F,1,3768972602,14,48,4294967295,no,
move_out_of_room.pcapng,s2c,0,32,21,2272,0x017F,0,43723073,0,48,331,no,
moving_around_gridania.pcapng,s2c,0,203,17,1544,0x017F,0,43723073,0,48,321,no,
moving_around_gridania.pcapng,s2c,0,203,17,1544,0x017F,1,3768972602,14,48,4294967295,no,
moving_around_gridania.pcapng,s2c,0,203,21,2256,0x017F,0,43723073,0,48,321,no,
moving_around_gridania.pcapng,s2c,0,1251,16,1496,0x017F,0,43723073,0,48,321,no,
moving_around_gridania.pcapng,s2c,0,1251,16,1496,0x017F,1,3768972602,14,48,4294967295,no,
moving_around_gridania.pcapng,s2c,0,1251,20,2208,0x017F,0,43723073,0,48,321,no,
party_battle_leve.pcapng,s2c,0,50,10,864,0x0183,0,1158679876,4,12,1,no,
party_battle_leve.pcapng,s2c,0,50,10,864,0x0183,1,43723073,0,12,1,no,
party_battle_leve.pcapng,s2c,0,50,10,864,0x0183,2,43722707,0,12,1,no,
party_battle_leve.pcapng,s2c,0,74,9,1016,0x0183,0,1158678207,4,12,1,no,
party_battle_leve.pcapng,s2c,0,78,2,216,0x0183,0,1158679876,4,12,1,no,
party_battle_leve.pcapng,s2c,0,78,2,216,0x0183,1,43723073,0,12,1,no,
party_battle_leve.pcapng,s2c,0,78,2,216,0x0183,2,43722707,0,12,1,no,
party_battle_leve.pcapng,s2c,0,78,2,216,0x0183,3,1158679877,4,12,1,no,
party_battle_leve.pcapng,s2c,0,79,3,280,0x0183,0,1158679876,4,12,1,no,
party_battle_leve.pcapng,s2c,0,79,3,280,0x0183,1,43723073,0,12,1,no,
party_battle_leve.pcapng,s2c,0,79,3,280,0x0183,2,43722707,0,12,1,no,
party_battle_leve.pcapng,s2c,0,79,3,280,0x0183,3,1158679877,4,12,1,no,
party_battle_leve.pcapng,s2c,0,80,2,216,0x0183,0,1158679876,4,12,1,no,
party_battle_leve.pcapng,s2c,0,80,2,216,0x0183,1,43723073,0,12,1,no,
party_battle_leve.pcapng,s2c,0,80,2,216,0x0183,2,43722707,0,12,1,no,
party_battle_leve.pcapng,s2c,0,80,2,216,0x0183,3,1158679877,4,12,1,no,
party_battle_leve.pcapng,s2c,0,80,2,216,0x0183,4,1158679878,4,12,1,no,
party_battle_leve.pcapng,s2c,0,84,2,216,0x0183,0,1158679876,4,12,1,no,
party_battle_leve.pcapng,s2c,0,84,2,216,0x0183,1,43723073,0,12,1,no,
party_battle_leve.pcapng,s2c,0,84,2,216,0x0183,2,43722707,0,12,1,no,
party_battle_leve.pcapng,s2c,0,84,2,216,0x0183,3,1158679877,4,12,1,no,
party_battle_leve.pcapng,s2c,0,84,2,216,0x0183,4,1158679878,4,12,1,no,
party_battle_leve.pcapng,s2c,0,85,2,216,0x0183,0,1158679876,4,12,1,no,
party_battle_leve.pcapng,s2c,0,85,2,216,0x0183,1,43723073,0,12,1,no,
party_battle_leve.pcapng,s2c,0,85,2,216,0x0183,2,43722707,0,12,1,no,
party_battle_leve.pcapng,s2c,0,85,2,216,0x0183,3,1158679877,4,12,1,no,
party_battle_leve.pcapng,s2c,0,85,2,216,0x0183,4,1158679878,4,12,1,no,
party_battle_leve.pcapng,s2c,0,85,2,216,0x0183,5,1158679879,4,12,1,no,
party_battle_leve.pcapng,s2c,0,86,2,216,0x0183,0,1158679876,4,12,1,no,
party_battle_leve.pcapng,s2c,0,86,2,216,0x0183,1,43723073,0,12,1,no,
party_battle_leve.pcapng,s2c,0,86,2,216,0x0183,2,43722707,0,12,1,no,
party_battle_leve.pcapng,s2c,0,86,2,216,0x0183,3,1158679877,4,12,1,no,
party_battle_leve.pcapng,s2c,0,86,2,216,0x0183,4,1158679878,4,12,1,no,
party_battle_leve.pcapng,s2c,0,86,2,216,0x0183,5,1158679879,4,12,1,no,
party_battle_leve.pcapng,s2c,0,86,2,216,0x0183,6,1158679880,4,12,1,no,
party_battle_leve.pcapng,s2c,0,89,2,216,0x0183,0,1158679876,4,12,1,no,
party_battle_leve.pcapng,s2c,0,89,2,216,0x0183,1,43723073,0,12,1,no,
party_battle_leve.pcapng,s2c,0,89,2,216,0x0183,2,43722707,0,12,1,no,
party_battle_leve.pcapng,s2c,0,89,2,216,0x0183,3,1158679877,4,12,1,no,
party_battle_leve.pcapng,s2c,0,89,2,216,0x0183,4,1158679878,4,12,1,no,
party_battle_leve.pcapng,s2c,0,89,2,216,0x0183,5,1158679879,4,12,1,no,
party_battle_leve.pcapng,s2c,0,89,2,216,0x0183,6,1158679880,4,12,1,no,
party_battle_leve.pcapng,s2c,0,89,2,216,0x0183,7,1158679881,4,12,1,no,
party_battle_leve.pcapng,s2c,0,89,7,1336,0x0183,0,1158679876,4,12,1,no,
party_battle_leve.pcapng,s2c,0,89,7,1336,0x0183,1,43723073,0,12,1,no,
party_battle_leve.pcapng,s2c,0,89,7,1336,0x0183,2,43722707,0,12,1,no,
party_battle_leve.pcapng,s2c,0,89,7,1336,0x0183,3,1158679877,4,12,1,no,
party_battle_leve.pcapng,s2c,0,89,7,1336,0x0183,4,1158679878,4,12,1,no,
party_battle_leve.pcapng,s2c,0,89,7,1336,0x0183,5,1158679879,4,12,1,no,
party_battle_leve.pcapng,s2c,0,89,7,1336,0x0183,6,1158679880,4,12,1,no,
party_battle_leve.pcapng,s2c,0,89,7,1336,0x0183,7,1158679881,4,12,1,no,
party_battle_leve.pcapng,s2c,0,92,2,216,0x0183,0,1158679876,4,12,1,no,
party_battle_leve.pcapng,s2c,0,92,2,216,0x0183,1,43723073,0,12,1,no,
party_battle_leve.pcapng,s2c,0,92,2,216,0x0183,2,43722707,0,12,1,no,
party_battle_leve.pcapng,s2c,0,92,2,216,0x0183,3,1158679877,4,12,1,no,
party_battle_leve.pcapng,s2c,0,92,2,216,0x0183,4,1158679878,4,12,1,no,
party_battle_leve.pcapng,s2c,0,92,2,216,0x0183,5,1158679879,4,12,1,no,
party_battle_leve.pcapng,s2c,0,92,2,216,0x0183,6,1158679880,4,12,1,no,
party_battle_leve.pcapng,s2c,0,92,2,216,0x0183,7,1158679881,4,12,1,no,
party_battle_leve.pcapng,s2c,0,92,3,368,0x0183,0,1158679882,4,12,1,no,
party_battle_leve.pcapng,s2c,0,95,2,216,0x0183,0,1158679876,4,12,1,no,
party_battle_leve.pcapng,s2c,0,95,2,216,0x0183,1,43723073,0,12,1,no,
party_battle_leve.pcapng,s2c,0,95,2,216,0x0183,2,43722707,0,12,1,no,
party_battle_leve.pcapng,s2c,0,95,2,216,0x0183,3,1158679877,4,12,1,no,
party_battle_leve.pcapng,s2c,0,95,2,216,0x0183,4,1158679878,4,12,1,no,
party_battle_leve.pcapng,s2c,0,95,2,216,0x0183,5,1158679879,4,12,1,no,
party_battle_leve.pcapng,s2c,0,95,2,216,0x0183,6,1158679880,4,12,1,no,
party_battle_leve.pcapng,s2c,0,95,2,216,0x0183,7,1158679881,4,12,1,no,
party_battle_leve.pcapng,s2c,0,95,3,368,0x0183,0,1158679882,4,12,1,no,
party_battle_leve.pcapng,s2c,0,95,3,368,0x0183,1,1158679883,4,12,1,no,
party_battle_leve.pcapng,s2c,0,97,2,216,0x0183,0,1158679876,4,12,1,no,
party_battle_leve.pcapng,s2c,0,97,2,216,0x0183,1,43723073,0,12,1,no,
party_battle_leve.pcapng,s2c,0,97,2,216,0x0183,2,43722707,0,12,1,no,
party_battle_leve.pcapng,s2c,0,97,2,216,0x0183,3,1158679877,4,12,1,no,
party_battle_leve.pcapng,s2c,0,97,2,216,0x0183,4,1158679878,4,12,1,no,
party_battle_leve.pcapng,s2c,0,97,2,216,0x0183,5,1158679879,4,12,1,no,
party_battle_leve.pcapng,s2c,0,97,2,216,0x0183,6,1158679880,4,12,1,no,
party_battle_leve.pcapng,s2c,0,97,2,216,0x0183,7,1158679881,4,12,1,no,
party_battle_leve.pcapng,s2c,0,97,3,368,0x0183,0,1158679882,4,12,1,no,
party_battle_leve.pcapng,s2c,0,97,3,368,0x0183,1,1158679883,4,12,1,no,
party_battle_leve.pcapng,s2c,0,98,2,216,0x0183,0,1158679876,4,12,1,no,
party_battle_leve.pcapng,s2c,0,98,2,216,0x0183,1,43723073,0,12,1,no,
party_battle_leve.pcapng,s2c,0,98,2,216,0x0183,2,43722707,0,12,1,no,
party_battle_leve.pcapng,s2c,0,98,2,216,0x0183,3,1158679877,4,12,1,no,
party_battle_leve.pcapng,s2c,0,98,2,216,0x0183,4,1158679878,4,12,1,no,
party_battle_leve.pcapng,s2c,0,98,2,216,0x0183,5,1158679879,4,12,1,no,
party_battle_leve.pcapng,s2c,0,98,2,216,0x0183,6,1158679880,4,12,1,no,
party_battle_leve.pcapng,s2c,0,98,2,216,0x0183,7,1158679881,4,12,1,no,
party_battle_leve.pcapng,s2c,0,98,3,368,0x0183,0,1158679882,4,12,1,no,
party_battle_leve.pcapng,s2c,0,98,3,368,0x0183,1,1158679883,4,12,1,no,
party_battle_leve.pcapng,s2c,0,98,3,368,0x0183,2,1158679884,4,12,1,no,
party_battle_leve.pcapng,s2c,0,102,2,216,0x0183,0,1158679876,4,12,1,no,
party_battle_leve.pcapng,s2c,0,102,2,216,0x0183,1,43723073,0,12,1,no,
party_battle_leve.pcapng,s2c,0,102,2,216,0x0183,2,43722707,0,12,1,no,
party_battle_leve.pcapng,s2c,0,102,2,216,0x0183,3,1158679877,4,12,1,no,
party_battle_leve.pcapng,s2c,0,102,2,216,0x0183,4,1158679878,4,12,1,no,
party_battle_leve.pcapng,s2c,0,102,2,216,0x0183,5,1158679879,4,12,1,no,
party_battle_leve.pcapng,s2c,0,102,2,216,0x0183,6,1158679880,4,12,1,no,
party_battle_leve.pcapng,s2c,0,102,2,216,0x0183,7,1158679881,4,12,1,no,
party_battle_leve.pcapng,s2c,0,102,3,368,0x0183,0,1158679882,4,12,1,no,
party_battle_leve.pcapng,s2c,0,102,3,368,0x0183,1,1158679883,4,12,1,no,
party_battle_leve.pcapng,s2c,0,102,3,368,0x0183,2,1158679884,4,12,1,no,
party_battle_leve.pcapng,s2c,0,102,3,368,0x0183,3,1158679885,4,12,1,no,
party_battle_leve.pcapng,s2c,0,104,6,528,0x0183,0,1158679876,4,12,1,no,
party_battle_leve.pcapng,s2c,0,104,6,528,0x0183,1,43723073,0,12,1,no,
party_battle_leve.pcapng,s2c,0,104,6,528,0x0183,2,43722707,0,12,1,no,
party_battle_leve.pcapng,s2c,0,104,6,528,0x0183,3,1158679877,4,12,1,no,
party_battle_leve.pcapng,s2c,0,104,6,528,0x0183,4,1158679878,4,12,1,no,
party_battle_leve.pcapng,s2c,0,104,6,528,0x0183,5,1158679879,4,12,1,no,
party_battle_leve.pcapng,s2c,0,104,6,528,0x0183,6,1158679880,4,12,1,no,
party_battle_leve.pcapng,s2c,0,104,6,528,0x0183,7,1158679881,4,12,1,no,
party_battle_leve.pcapng,s2c,0,104,7,680,0x0183,0,1158679882,4,12,1,no,
party_battle_leve.pcapng,s2c,0,104,7,680,0x0183,1,1158679883,4,12,1,no,
party_battle_leve.pcapng,s2c,0,104,7,680,0x0183,2,1158679884,4,12,1,no,
party_battle_leve.pcapng,s2c,0,104,7,680,0x0183,3,1158679885,4,12,1,no,
party_battle_leve.pcapng,s2c,0,105,2,216,0x0183,0,1158679876,4,12,1,no,
party_battle_leve.pcapng,s2c,0,105,2,216,0x0183,1,43723073,0,12,1,no,
party_battle_leve.pcapng,s2c,0,105,2,216,0x0183,2,43722707,0,12,1,no,
party_battle_leve.pcapng,s2c,0,105,2,216,0x0183,3,1158679877,4,12,1,no,
party_battle_leve.pcapng,s2c,0,105,2,216,0x0183,4,1158679878,4,12,1,no,
party_battle_leve.pcapng,s2c,0,105,2,216,0x0183,5,1158679879,4,12,1,no,
party_battle_leve.pcapng,s2c,0,105,2,216,0x0183,6,1158679880,4,12,1,no,
party_battle_leve.pcapng,s2c,0,105,2,216,0x0183,7,1158679881,4,12,1,no,
party_battle_leve.pcapng,s2c,0,105,3,368,0x0183,0,1158679882,4,12,1,no,
party_battle_leve.pcapng,s2c,0,105,3,368,0x0183,1,1158679883,4,12,1,no,
party_battle_leve.pcapng,s2c,0,105,3,368,0x0183,2,1158679884,4,12,1,no,
party_battle_leve.pcapng,s2c,0,105,3,368,0x0183,3,1158679885,4,12,1,no,
party_battle_leve.pcapng,s2c,0,105,3,368,0x0183,4,1158679886,4,12,1,no,
party_battle_leve.pcapng,s2c,0,107,2,216,0x0183,0,1158679876,4,12,1,no,
party_battle_leve.pcapng,s2c,0,107,2,216,0x0183,1,43723073,0,12,1,no,
party_battle_leve.pcapng,s2c,0,107,2,216,0x0183,2,43722707,0,12,1,no,
party_battle_leve.pcapng,s2c,0,107,2,216,0x0183,3,1158679877,4,12,1,no,
party_battle_leve.pcapng,s2c,0,107,2,216,0x0183,4,1158679878,4,12,1,no,
party_battle_leve.pcapng,s2c,0,107,2,216,0x0183,5,1158679879,4,12,1,no,
party_battle_leve.pcapng,s2c,0,107,2,216,0x0183,6,1158679880,4,12,1,no,
party_battle_leve.pcapng,s2c,0,107,2,216,0x0183,7,1158679881,4,12,1,no,
party_battle_leve.pcapng,s2c,0,107,3,368,0x0183,0,1158679882,4,12,1,no,
party_battle_leve.pcapng,s2c,0,107,3,368,0x0183,1,1158679883,4,12,1,no,
party_battle_leve.pcapng,s2c,0,107,3,368,0x0183,2,1158679884,4,12,1,no,
party_battle_leve.pcapng,s2c,0,107,3,368,0x0183,3,1158679885,4,12,1,no,
party_battle_leve.pcapng,s2c,0,107,3,368,0x0183,4,1158679886,4,12,1,no,
party_battle_leve.pcapng,s2c,0,107,3,368,0x0183,5,1158679887,4,12,1,no,
party_battle_leve.pcapng,s2c,0,108,5,440,0x0183,0,1158679876,4,12,1,no,
party_battle_leve.pcapng,s2c,0,108,5,440,0x0183,1,43723073,0,12,1,no,
party_battle_leve.pcapng,s2c,0,108,5,440,0x0183,2,43722707,0,12,1,no,
party_battle_leve.pcapng,s2c,0,108,5,440,0x0183,3,1158679877,4,12,1,no,
party_battle_leve.pcapng,s2c,0,108,5,440,0x0183,4,1158679878,4,12,1,no,
party_battle_leve.pcapng,s2c,0,108,5,440,0x0183,5,1158679879,4,12,1,no,
party_battle_leve.pcapng,s2c,0,108,5,440,0x0183,6,1158679880,4,12,1,no,
party_battle_leve.pcapng,s2c,0,108,5,440,0x0183,7,1158679881,4,12,1,no,
party_battle_leve.pcapng,s2c,0,108,6,592,0x0183,0,1158679882,4,12,1,no,
party_battle_leve.pcapng,s2c,0,108,6,592,0x0183,1,1158679883,4,12,1,no,
party_battle_leve.pcapng,s2c,0,108,6,592,0x0183,2,1158679884,4,12,1,no,
party_battle_leve.pcapng,s2c,0,108,6,592,0x0183,3,1158679885,4,12,1,no,
party_battle_leve.pcapng,s2c,0,108,6,592,0x0183,4,1158679886,4,12,1,no,
party_battle_leve.pcapng,s2c,0,108,6,592,0x0183,5,1158679887,4,12,1,no,
party_battle_leve.pcapng,s2c,0,111,2,216,0x0183,0,1158679876,4,12,1,no,
party_battle_leve.pcapng,s2c,0,111,2,216,0x0183,1,43723073,0,12,1,no,
party_battle_leve.pcapng,s2c,0,111,2,216,0x0183,2,43722707,0,12,1,no,
party_battle_leve.pcapng,s2c,0,111,2,216,0x0183,3,1158679877,4,12,1,no,
party_battle_leve.pcapng,s2c,0,111,2,216,0x0183,4,1158679878,4,12,1,no,
party_battle_leve.pcapng,s2c,0,111,2,216,0x0183,5,1158679879,4,12,1,no,
party_battle_leve.pcapng,s2c,0,111,2,216,0x0183,6,1158679880,4,12,1,no,
party_battle_leve.pcapng,s2c,0,111,2,216,0x0183,7,1158679881,4,12,1,no,
party_battle_leve.pcapng,s2c,0,111,3,368,0x0183,0,1158679882,4,12,1,no,
party_battle_leve.pcapng,s2c,0,111,3,368,0x0183,1,1158679883,4,12,1,no,
party_battle_leve.pcapng,s2c,0,111,3,368,0x0183,2,1158679884,4,12,1,no,
party_battle_leve.pcapng,s2c,0,111,3,368,0x0183,3,1158679885,4,12,1,no,
party_battle_leve.pcapng,s2c,0,111,3,368,0x0183,4,1158679886,4,12,1,no,
party_battle_leve.pcapng,s2c,0,111,3,368,0x0183,5,1158679887,4,12,1,no,
party_battle_leve.pcapng,s2c,0,111,3,368,0x0183,6,1158679888,4,12,1,no,
party_battle_leve.pcapng,s2c,0,118,6,736,0x0183,0,1158677744,4,12,1,no,
party_battle_leve.pcapng,s2c,0,118,24,2656,0x0183,0,1158677746,4,12,1,no,
party_battle_leve.pcapng,s2c,0,121,2,216,0x0183,0,1158679876,4,12,1,no,
party_battle_leve.pcapng,s2c,0,121,2,216,0x0183,1,43723073,0,12,1,no,
party_battle_leve.pcapng,s2c,0,121,2,216,0x0183,2,43722707,0,12,1,no,
party_battle_leve.pcapng,s2c,0,121,2,216,0x0183,3,1158679877,4,12,1,no,
party_battle_leve.pcapng,s2c,0,121,2,216,0x0183,4,1158679878,4,12,1,no,
party_battle_leve.pcapng,s2c,0,121,2,216,0x0183,5,1158679879,4,12,1,no,
party_battle_leve.pcapng,s2c,0,121,2,216,0x0183,6,1158679880,4,12,1,no,
party_battle_leve.pcapng,s2c,0,121,2,216,0x0183,7,1158679881,4,12,1,no,
party_battle_leve.pcapng,s2c,0,121,3,368,0x0183,0,1158679882,4,12,1,no,
party_battle_leve.pcapng,s2c,0,121,3,368,0x0183,1,1158679883,4,12,1,no,
party_battle_leve.pcapng,s2c,0,121,3,368,0x0183,2,1158679884,4,12,1,no,
party_battle_leve.pcapng,s2c,0,121,3,368,0x0183,3,1158679885,4,12,1,no,
party_battle_leve.pcapng,s2c,0,121,3,368,0x0183,4,1158679886,4,12,1,no,
party_battle_leve.pcapng,s2c,0,121,3,368,0x0183,5,1158679887,4,12,1,no,
party_battle_leve.pcapng,s2c,0,121,3,368,0x0183,6,1158679888,4,12,1,no,
party_battle_leve.pcapng,s2c,0,143,9,1016,0x0183,0,1158679850,4,12,1,no,
party_battle_leve.pcapng,s2c,0,162,9,1016,0x0183,0,1158677509,4,12,1,no,
party_battle_leve.pcapng,s2c,0,162,27,2936,0x0183,0,1158679875,4,12,1,no,
party_battle_leve.pcapng,s2c,0,163,7,904,0x0183,0,1158679855,4,12,1,no,
party_battle_leve.pcapng,s2c,0,228,9,1016,0x0183,0,1158679843,4,12,1,no,
party_battle_leve.pcapng,s2c,0,262,2,216,0x0183,0,1158679876,4,12,1,no,
party_battle_leve.pcapng,s2c,0,262,2,216,0x0183,1,43723073,0,12,1,no,
party_battle_leve.pcapng,s2c,0,262,2,216,0x0183,2,43722707,0,12,1,no,
party_battle_leve.pcapng,s2c,0,262,2,216,0x0183,3,1158679877,4,12,1,no,
party_battle_leve.pcapng,s2c,0,262,2,216,0x0183,4,1158679878,4,12,1,no,
party_battle_leve.pcapng,s2c,0,262,2,216,0x0183,5,1158679879,4,12,1,no,
party_battle_leve.pcapng,s2c,0,262,2,216,0x0183,6,1158679880,4,12,1,no,
party_battle_leve.pcapng,s2c,0,262,2,216,0x0183,7,1158679881,4,12,1,no,
party_battle_leve.pcapng,s2c,0,262,3,368,0x0183,0,1158679882,4,12,1,no,
party_battle_leve.pcapng,s2c,0,262,3,368,0x0183,1,1158679883,4,12,1,no,
party_battle_leve.pcapng,s2c,0,262,3,368,0x0183,2,1158679884,4,12,1,no,
party_battle_leve.pcapng,s2c,0,262,3,368,0x0183,3,1158679885,4,12,1,no,
party_battle_leve.pcapng,s2c,0,262,3,368,0x0183,4,1158679886,4,12,1,no,
party_battle_leve.pcapng,s2c,0,262,3,368,0x0183,5,1158679887,4,12,1,no,
party_battle_leve.pcapng,s2c,0,262,3,368,0x0183,6,1158679888,4,12,1,no,
party_battle_leve.pcapng,s2c,0,276,27,2832,0x0183,0,1158677808,4,12,1,no,
party_battle_leve.pcapng,s2c,0,277,6,736,0x0183,0,1158679472,4,12,1,no,
party_battle_leve.pcapng,s2c,0,312,9,1016,0x0183,0,1158677808,4,12,1,no,
party_battle_leve.pcapng,s2c,0,319,9,1016,0x0183,0,1158679472,4,12,1,no,
party_battle_leve.pcapng,s2c,0,345,2,216,0x0183,0,1158679876,4,12,1,no,
party_battle_leve.pcapng,s2c,0,345,2,216,0x0183,1,43723073,0,12,1,no,
party_battle_leve.pcapng,s2c,0,345,2,216,0x0183,2,43722707,0,12,1,no,
party_battle_leve.pcapng,s2c,0,345,2,216,0x0183,3,1158679877,4,12,1,no,
party_battle_leve.pcapng,s2c,0,345,2,216,0x0183,4,1158679879,4,12,1,no,
party_battle_leve.pcapng,s2c,0,345,2,216,0x0183,5,1158679880,4,12,1,no,
party_battle_leve.pcapng,s2c,0,345,2,216,0x0183,6,1158679881,4,12,1,no,
party_battle_leve.pcapng,s2c,0,345,2,216,0x0183,7,1158679882,4,12,1,no,
party_battle_leve.pcapng,s2c,0,345,3,368,0x0183,0,1158679883,4,12,1,no,
party_battle_leve.pcapng,s2c,0,345,3,368,0x0183,1,1158679884,4,12,1,no,
party_battle_leve.pcapng,s2c,0,345,3,368,0x0183,2,1158679885,4,12,1,no,
party_battle_leve.pcapng,s2c,0,345,3,368,0x0183,3,1158679886,4,12,1,no,
party_battle_leve.pcapng,s2c,0,345,3,368,0x0183,4,1158679887,4,12,1,no,
party_battle_leve.pcapng,s2c,0,345,3,368,0x0183,5,1158679888,4,12,1,no,
party_battle_leve.pcapng,s2c,0,359,6,480,0x0183,0,1158679876,4,12,1,no,
party_battle_leve.pcapng,s2c,0,359,6,480,0x0183,1,43723073,0,12,1,no,
party_battle_leve.pcapng,s2c,0,359,6,480,0x0183,2,43722707,0,12,1,no,
party_battle_leve.pcapng,s2c,0,359,6,480,0x0183,3,1158679877,4,12,1,no,
party_battle_leve.pcapng,s2c,0,359,6,480,0x0183,4,1158679879,4,12,1,no,
party_battle_leve.pcapng,s2c,0,359,6,480,0x0183,5,1158679880,4,12,1,no,
party_battle_leve.pcapng,s2c,0,359,6,480,0x0183,6,1158679881,4,12,1,no,
party_battle_leve.pcapng,s2c,0,359,6,480,0x0183,7,1158679882,4,12,1,no,
party_battle_leve.pcapng,s2c,0,359,7,632,0x0183,0,1158679883,4,12,1,no,
party_battle_leve.pcapng,s2c,0,359,7,632,0x0183,1,1158679884,4,12,1,no,
party_battle_leve.pcapng,s2c,0,359,7,632,0x0183,2,1158679885,4,12,1,no,
party_battle_leve.pcapng,s2c,0,359,7,632,0x0183,3,1158679886,4,12,1,no,
party_battle_leve.pcapng,s2c,0,359,7,632,0x0183,4,1158679887,4,12,1,no,
party_battle_leve.pcapng,s2c,0,359,7,632,0x0183,5,1158679888,4,12,1,no,
party_battle_leve.pcapng,s2c,0,372,2,216,0x0183,0,1158679876,4,12,1,no,
party_battle_leve.pcapng,s2c,0,372,2,216,0x0183,1,43723073,0,12,1,no,
party_battle_leve.pcapng,s2c,0,372,2,216,0x0183,2,43722707,0,12,1,no,
party_battle_leve.pcapng,s2c,0,372,2,216,0x0183,3,1158679877,4,12,1,no,
party_battle_leve.pcapng,s2c,0,372,2,216,0x0183,4,1158679879,4,12,1,no,
party_battle_leve.pcapng,s2c,0,372,2,216,0x0183,5,1158679880,4,12,1,no,
party_battle_leve.pcapng,s2c,0,372,2,216,0x0183,6,1158679881,4,12,1,no,
party_battle_leve.pcapng,s2c,0,372,2,216,0x0183,7,1158679882,4,12,1,no,
party_battle_leve.pcapng,s2c,0,372,3,368,0x0183,0,1158679883,4,12,1,no,
party_battle_leve.pcapng,s2c,0,372,3,368,0x0183,1,1158679884,4,12,1,no,
party_battle_leve.pcapng,s2c,0,372,3,368,0x0183,2,1158679885,4,12,1,no,
party_battle_leve.pcapng,s2c,0,372,3,368,0x0183,3,1158679886,4,12,1,no,
party_battle_leve.pcapng,s2c,0,372,3,368,0x0183,4,1158679887,4,12,1,no,
party_battle_leve.pcapng,s2c,0,372,3,368,0x0183,5,1158679888,4,12,1,no,
party_battle_leve.pcapng,s2c,0,372,3,368,0x0183,6,1158679889,4,12,1,no,
party_battle_leve.pcapng,s2c,0,374,9,1016,0x0183,0,1158679889,4,12,1,no,
party_battle_leve.pcapng,s2c,0,374,13,1440,0x0183,0,1158679876,4,12,1,no,
party_battle_leve.pcapng,s2c,0,374,13,1440,0x0183,1,43723073,0,12,1,no,
party_battle_leve.pcapng,s2c,0,374,13,1440,0x0183,2,43722707,0,12,1,no,
party_battle_leve.pcapng,s2c,0,374,13,1440,0x0183,3,1158679877,4,12,1,no,
party_battle_leve.pcapng,s2c,0,374,13,1440,0x0183,4,1158679879,4,12,1,no,
party_battle_leve.pcapng,s2c,0,374,13,1440,0x0183,5,1158679880,4,12,1,no,
party_battle_leve.pcapng,s2c,0,374,13,1440,0x0183,6,1158679881,4,12,1,no,
party_battle_leve.pcapng,s2c,0,374,13,1440,0x0183,7,1158679882,4,12,1,no,
party_battle_leve.pcapng,s2c,0,374,14,1592,0x0183,0,1158679883,4,12,1,no,
party_battle_leve.pcapng,s2c,0,374,14,1592,0x0183,1,1158679884,4,12,1,no,
party_battle_leve.pcapng,s2c,0,374,14,1592,0x0183,2,1158679885,4,12,1,no,
party_battle_leve.pcapng,s2c,0,374,14,1592,0x0183,3,1158679886,4,12,1,no,
party_battle_leve.pcapng,s2c,0,374,14,1592,0x0183,4,1158679887,4,12,1,no,
party_battle_leve.pcapng,s2c,0,374,14,1592,0x0183,5,1158679888,4,12,1,no,
party_battle_leve.pcapng,s2c,0,374,14,1592,0x0183,6,1158679889,4,12,1,no,
party_battle_leve.pcapng,s2c,0,378,2,216,0x0183,0,1158679876,4,12,1,no,
party_battle_leve.pcapng,s2c,0,378,2,216,0x0183,1,43723073,0,12,1,no,
party_battle_leve.pcapng,s2c,0,378,2,216,0x0183,2,43722707,0,12,1,no,
party_battle_leve.pcapng,s2c,0,378,2,216,0x0183,3,1158679877,4,12,1,no,
party_battle_leve.pcapng,s2c,0,378,2,216,0x0183,4,1158679879,4,12,1,no,
party_battle_leve.pcapng,s2c,0,378,2,216,0x0183,5,1158679880,4,12,1,no,
party_battle_leve.pcapng,s2c,0,378,2,216,0x0183,6,1158679882,4,12,1,no,
party_battle_leve.pcapng,s2c,0,378,2,216,0x0183,7,1158679883,4,12,1,no,
party_battle_leve.pcapng,s2c,0,378,3,368,0x0183,0,1158679884,4,12,1,no,
party_battle_leve.pcapng,s2c,0,378,3,368,0x0183,1,1158679885,4,12,1,no,
party_battle_leve.pcapng,s2c,0,378,3,368,0x0183,2,1158679886,4,12,1,no,
party_battle_leve.pcapng,s2c,0,378,3,368,0x0183,3,1158679887,4,12,1,no,
party_battle_leve.pcapng,s2c,0,378,3,368,0x0183,4,1158679888,4,12,1,no,
party_battle_leve.pcapng,s2c,0,378,3,368,0x0183,5,1158679889,4,12,1,no,
party_battle_leve.pcapng,s2c,0,378,3,368,0x0183,6,1158679890,4,12,1,no,
party_battle_leve.pcapng,s2c,0,381,3,280,0x0183,0,1158679876,4,12,1,no,
party_battle_leve.pcapng,s2c,0,381,3,280,0x0183,1,43723073,0,12,1,no,
party_battle_leve.pcapng,s2c,0,381,3,280,0x0183,2,43722707,0,12,1,no,
party_battle_leve.pcapng,s2c,0,381,3,280,0x0183,3,1158679877,4,12,1,no,
party_battle_leve.pcapng,s2c,0,381,3,280,0x0183,4,1158679879,4,12,1,no,
party_battle_leve.pcapng,s2c,0,381,3,280,0x0183,5,1158679880,4,12,1,no,
party_battle_leve.pcapng,s2c,0,381,3,280,0x0183,6,1158679882,4,12,1,no,
party_battle_leve.pcapng,s2c,0,381,3,280,0x0183,7,1158679883,4,12,1,no,
party_battle_leve.pcapng,s2c,0,381,4,432,0x0183,0,1158679884,4,12,1,no,
party_battle_leve.pcapng,s2c,0,381,4,432,0x0183,1,1158679885,4,12,1,no,
party_battle_leve.pcapng,s2c,0,381,4,432,0x0183,2,1158679886,4,12,1,no,
party_battle_leve.pcapng,s2c,0,381,4,432,0x0183,3,1158679887,4,12,1,no,
party_battle_leve.pcapng,s2c,0,381,4,432,0x0183,4,1158679888,4,12,1,no,
party_battle_leve.pcapng,s2c,0,381,4,432,0x0183,5,1158679889,4,12,1,no,
party_battle_leve.pcapng,s2c,0,381,4,432,0x0183,6,1158679890,4,12,1,no,
party_battle_leve.pcapng,s2c,0,381,8,856,0x0183,0,1158679889,4,12,1,no,
party_battle_leve.pcapng,s2c,0,381,8,856,0x0183,1,1158679890,4,12,1,no,
party_battle_leve.pcapng,s2c,0,425,3,280,0x0183,0,1158679876,4,12,1,no,
party_battle_leve.pcapng,s2c,0,425,3,280,0x0183,1,43723073,0,12,1,no,
party_battle_leve.pcapng,s2c,0,425,3,280,0x0183,2,43722707,0,12,1,no,
party_battle_leve.pcapng,s2c,0,425,3,280,0x0183,3,1158679877,4,12,1,no,
party_battle_leve.pcapng,s2c,0,425,3,280,0x0183,4,1158679879,4,12,1,no,
party_battle_leve.pcapng,s2c,0,425,3,280,0x0183,5,1158679880,4,12,1,no,
party_battle_leve.pcapng,s2c,0,425,3,280,0x0183,6,1158679882,4,12,1,no,
party_battle_leve.pcapng,s2c,0,425,3,280,0x0183,7,1158679883,4,12,1,no,
party_battle_leve.pcapng,s2c,0,425,4,432,0x0183,0,1158679884,4,12,1,no,
party_battle_leve.pcapng,s2c,0,425,4,432,0x0183,1,1158679886,4,12,1,no,
party_battle_leve.pcapng,s2c,0,425,4,432,0x0183,2,1158679887,4,12,1,no,
party_battle_leve.pcapng,s2c,0,425,4,432,0x0183,3,1158679888,4,12,1,no,
party_battle_leve.pcapng,s2c,0,425,4,432,0x0183,4,1158679889,4,12,1,no,
party_battle_leve.pcapng,s2c,0,425,4,432,0x0183,5,1158679890,4,12,1,no,
party_battle_leve.pcapng,s2c,0,723,4,368,0x0183,0,1158679876,4,12,1,no,
party_battle_leve.pcapng,s2c,0,723,4,368,0x0183,1,43723073,0,12,1,no,
party_battle_leve.pcapng,s2c,0,723,4,368,0x0183,2,43722707,0,12,1,no,
party_battle_leve.pcapng,s2c,0,723,4,368,0x0183,3,1158679877,4,12,1,no,
party_battle_leve.pcapng,s2c,0,723,4,368,0x0183,4,1158679879,4,12,1,no,
party_battle_leve.pcapng,s2c,0,723,4,368,0x0183,5,1158679880,4,12,1,no,
party_battle_leve.pcapng,s2c,0,723,4,368,0x0183,6,1158679882,4,12,1,no,
party_battle_leve.pcapng,s2c,0,723,4,368,0x0183,7,1158679883,4,12,1,no,
party_battle_leve.pcapng,s2c,0,723,5,520,0x0183,0,1158679884,4,12,1,no,
party_battle_leve.pcapng,s2c,0,723,5,520,0x0183,1,1158679886,4,12,1,no,
party_battle_leve.pcapng,s2c,0,723,5,520,0x0183,2,1158679887,4,12,1,no,
party_battle_leve.pcapng,s2c,0,723,5,520,0x0183,3,1158679888,4,12,1,no,
party_battle_leve.pcapng,s2c,0,723,5,520,0x0183,4,1158679889,4,12,1,no,
party_battle_leve.pcapng,s2c,0,723,9,944,0x0183,0,1158679889,4,12,1,no,
party_battle_leve.pcapng,s2c,0,794,2,216,0x0183,0,1158679876,4,12,1,no,
party_battle_leve.pcapng,s2c,0,794,2,216,0x0183,1,43723073,0,12,1,no,
party_battle_leve.pcapng,s2c,0,794,2,216,0x0183,2,43722707,0,12,1,no,
party_battle_leve.pcapng,s2c,0,794,2,216,0x0183,3,1158679877,4,12,1,no,
party_battle_leve.pcapng,s2c,0,794,2,216,0x0183,4,1158679879,4,12,1,no,
party_battle_leve.pcapng,s2c,0,794,2,216,0x0183,5,1158679880,4,12,1,no,
party_battle_leve.pcapng,s2c,0,794,2,216,0x0183,6,1158679882,4,12,1,no,
party_battle_leve.pcapng,s2c,0,794,2,216,0x0183,7,1158679884,4,12,1,no,
party_battle_leve.pcapng,s2c,0,794,3,368,0x0183,0,1158679886,4,12,1,no,
party_battle_leve.pcapng,s2c,0,794,3,368,0x0183,1,1158679887,4,12,1,no,
party_battle_leve.pcapng,s2c,0,794,3,368,0x0183,2,1158679888,4,12,1,no,
party_battle_leve.pcapng,s2c,0,794,3,368,0x0183,3,1158679889,4,12,1,no,
party_battle_leve.pcapng,s2c,0,851,5,440,0x0183,0,1158679876,4,12,1,no,
party_battle_leve.pcapng,s2c,0,851,5,440,0x0183,1,43723073,0,12,1,no,
party_battle_leve.pcapng,s2c,0,851,5,440,0x0183,2,43722707,0,12,1,no,
party_battle_leve.pcapng,s2c,0,851,5,440,0x0183,3,1158679877,4,12,1,no,
party_battle_leve.pcapng,s2c,0,851,5,440,0x0183,4,1158679879,4,12,1,no,
party_battle_leve.pcapng,s2c,0,851,5,440,0x0183,5,1158679880,4,12,1,no,
party_battle_leve.pcapng,s2c,0,851,5,440,0x0183,6,1158679882,4,12,1,no,
party_battle_leve.pcapng,s2c,0,851,5,440,0x0183,7,1158679884,4,12,1,no,
party_battle_leve.pcapng,s2c,0,851,6,592,0x0183,0,1158679886,4,12,1,no,
party_battle_leve.pcapng,s2c,0,851,6,592,0x0183,1,1158679887,4,12,1,no,
party_battle_leve.pcapng,s2c,0,851,6,592,0x0183,2,1158679888,4,12,1,no,
party_battle_leve.pcapng,s2c,0,927,9,1016,0x0183,0,1158679550,4,12,1,no,
party_battle_leve.pcapng,s2c,0,953,27,2832,0x0183,0,1158679857,4,12,1,no,
party_battle_leve.pcapng,s2c,0,982,2,216,0x0183,0,1158679876,4,12,1,no,
party_battle_leve.pcapng,s2c,0,982,2,216,0x0183,1,43723073,0,12,1,no,
party_battle_leve.pcapng,s2c,0,982,2,216,0x0183,2,43722707,0,12,1,no,
party_battle_leve.pcapng,s2c,0,982,2,216,0x0183,3,1158679877,4,12,1,no,
party_battle_leve.pcapng,s2c,0,982,2,216,0x0183,4,1158679879,4,12,1,no,
party_battle_leve.pcapng,s2c,0,982,2,216,0x0183,5,1158679880,4,12,1,no,
party_battle_leve.pcapng,s2c,0,982,2,216,0x0183,6,1158679882,4,12,1,no,
party_battle_leve.pcapng,s2c,0,982,2,216,0x0183,7,1158679884,4,12,1,no,
party_battle_leve.pcapng,s2c,0,982,3,368,0x0183,0,1158679886,4,12,1,no,
party_battle_leve.pcapng,s2c,0,982,3,368,0x0183,1,1158679887,4,12,1,no,
party_battle_leve.pcapng,s2c,0,982,3,368,0x0183,2,1158679888,4,12,1,no,
party_battle_leve.pcapng,s2c,0,993,9,1016,0x0183,0,1158678237,4,12,1,no,
party_battle_leve.pcapng,s2c,0,1004,9,1016,0x0183,0,1158679843,4,12,1,no,
party_battle_leve.pcapng,s2c,0,1049,2,216,0x0183,0,1158679876,4,12,1,no,
party_battle_leve.pcapng,s2c,0,1049,2,216,0x0183,1,43723073,0,12,1,no,
party_battle_leve.pcapng,s2c,0,1049,2,216,0x0183,2,43722707,0,12,1,no,
party_battle_leve.pcapng,s2c,0,1049,2,216,0x0183,3,1158679877,4,12,1,no,
party_battle_leve.pcapng,s2c,0,1049,2,216,0x0183,4,1158679879,4,12,1,no,
party_battle_leve.pcapng,s2c,0,1049,2,216,0x0183,5,1158679880,4,12,1,no,
party_battle_leve.pcapng,s2c,0,1049,2,216,0x0183,6,1158679882,4,12,1,no,
party_battle_leve.pcapng,s2c,0,1049,2,216,0x0183,7,1158679884,4,12,1,no,
party_battle_leve.pcapng,s2c,0,1049,3,368,0x0183,0,1158679886,4,12,1,no,
party_battle_leve.pcapng,s2c,0,1049,3,368,0x0183,1,1158679887,4,12,1,no,
party_battle_leve.pcapng,s2c,0,1049,3,368,0x0183,2,1158679888,4,12,1,no,
party_battle_leve.pcapng,s2c,0,1064,3,280,0x0183,0,1158679876,4,12,1,no,
party_battle_leve.pcapng,s2c,0,1064,3,280,0x0183,1,43723073,0,12,1,no,
party_battle_leve.pcapng,s2c,0,1064,3,280,0x0183,2,43722707,0,12,1,no,
party_battle_leve.pcapng,s2c,0,1064,3,280,0x0183,3,1158679877,4,12,1,no,
party_battle_leve.pcapng,s2c,0,1064,3,280,0x0183,4,1158679879,4,12,1,no,
party_battle_leve.pcapng,s2c,0,1064,3,280,0x0183,5,1158679880,4,12,1,no,
party_battle_leve.pcapng,s2c,0,1064,3,280,0x0183,6,1158679882,4,12,1,no,
party_battle_leve.pcapng,s2c,0,1064,3,280,0x0183,7,1158679884,4,12,1,no,
party_battle_leve.pcapng,s2c,0,1064,4,432,0x0183,0,1158679886,4,12,1,no,
party_battle_leve.pcapng,s2c,0,1064,4,432,0x0183,1,1158679887,4,12,1,no,
party_battle_leve.pcapng,s2c,0,1064,4,432,0x0183,2,1158679888,4,12,1,no,
party_battle_leve.pcapng,s2c,0,1071,9,1016,0x0183,0,1158679618,4,12,1,no,
party_battle_leve.pcapng,s2c,0,1096,2,216,0x0183,0,1158679876,4,12,1,no,
party_battle_leve.pcapng,s2c,0,1096,2,216,0x0183,1,43723073,0,12,1,no,
party_battle_leve.pcapng,s2c,0,1096,2,216,0x0183,2,43722707,0,12,1,no,
party_battle_leve.pcapng,s2c,0,1096,2,216,0x0183,3,1158679877,4,12,1,no,
party_battle_leve.pcapng,s2c,0,1096,2,216,0x0183,4,1158679879,4,12,1,no,
party_battle_leve.pcapng,s2c,0,1096,2,216,0x0183,5,1158679880,4,12,1,no,
party_battle_leve.pcapng,s2c,0,1096,2,216,0x0183,6,1158679882,4,12,1,no,
party_battle_leve.pcapng,s2c,0,1096,2,216,0x0183,7,1158679884,4,12,1,no,
party_battle_leve.pcapng,s2c,0,1096,3,368,0x0183,0,1158679886,4,12,1,no,
party_battle_leve.pcapng,s2c,0,1096,3,368,0x0183,1,1158679887,4,12,1,no,
party_battle_leve.pcapng,s2c,0,1096,3,368,0x0183,2,1158679888,4,12,1,no,
party_battle_leve.pcapng,s2c,0,1114,9,1016,0x0183,0,1158676916,4,12,1,no,
party_battle_leve.pcapng,s2c,0,1133,2,216,0x0183,0,1158679876,4,12,1,no,
party_battle_leve.pcapng,s2c,0,1133,2,216,0x0183,1,43723073,0,12,1,no,
party_battle_leve.pcapng,s2c,0,1133,2,216,0x0183,2,43722707,0,12,1,no,
party_battle_leve.pcapng,s2c,0,1133,2,216,0x0183,3,1158679877,4,12,1,no,
party_battle_leve.pcapng,s2c,0,1133,2,216,0x0183,4,1158679879,4,12,1,no,
party_battle_leve.pcapng,s2c,0,1133,2,216,0x0183,5,1158679882,4,12,1,no,
party_battle_leve.pcapng,s2c,0,1133,2,216,0x0183,6,1158679884,4,12,1,no,
party_battle_leve.pcapng,s2c,0,1133,2,216,0x0183,7,1158679886,4,12,1,no,
party_battle_leve.pcapng,s2c,0,1133,3,368,0x0183,0,1158679887,4,12,1,no,
party_battle_leve.pcapng,s2c,0,1133,3,368,0x0183,1,1158679888,4,12,1,no,
party_battle_leve.pcapng,s2c,0,1136,2,216,0x0183,0,1158679876,4,12,1,no,
party_battle_leve.pcapng,s2c,0,1136,2,216,0x0183,1,43723073,0,12,1,no,
party_battle_leve.pcapng,s2c,0,1136,2,216,0x0183,2,43722707,0,12,1,no,
party_battle_leve.pcapng,s2c,0,1136,2,216,0x0183,3,1158679877,4,12,1,no,
party_battle_leve.pcapng,s2c,0,1136,2,216,0x0183,4,1158679879,4,12,1,no,
party_battle_leve.pcapng,s2c,0,1136,2,216,0x0183,5,1158679882,4,12,1,no,
party_battle_leve.pcapng,s2c,0,1136,2,216,0x0183,6,1158679884,4,12,1,no,
party_battle_leve.pcapng,s2c,0,1136,2,216,0x0183,7,1158679886,4,12,1,no,
party_battle_leve.pcapng,s2c,0,1136,3,368,0x0183,0,1158679887,4,12,1,no,
party_battle_leve.pcapng,s2c,0,1136,3,368,0x0183,1,1158679888,4,12,1,no,
party_battle_leve.pcapng,s2c,0,1359,2,216,0x0183,0,1158679876,4,12,1,no,
party_battle_leve.pcapng,s2c,0,1359,2,216,0x0183,1,43723073,0,12,1,no,
party_battle_leve.pcapng,s2c,0,1359,2,216,0x0183,2,43722707,0,12,1,no,
party_battle_leve.pcapng,s2c,0,1359,2,216,0x0183,3,1158679877,4,12,1,no,
party_battle_leve.pcapng,s2c,0,1359,2,216,0x0183,4,1158679879,4,12,1,no,
party_battle_leve.pcapng,s2c,0,1359,2,216,0x0183,5,1158679882,4,12,1,no,
party_battle_leve.pcapng,s2c,0,1359,2,216,0x0183,6,1158679884,4,12,1,no,
party_battle_leve.pcapng,s2c,0,1359,2,216,0x0183,7,1158679886,4,12,1,no,
party_battle_leve.pcapng,s2c,0,1359,3,368,0x0183,0,1158679887,4,12,1,no,
party_battle_leve.pcapng,s2c,0,1359,3,368,0x0183,1,1158679888,4,12,1,no,
party_battle_leve.pcapng,s2c,0,1359,3,368,0x0183,2,1158679892,4,12,1,no,
party_battle_leve.pcapng,s2c,0,1360,2,216,0x0183,0,1158679876,4,12,1,no,
party_battle_leve.pcapng,s2c,0,1360,2,216,0x0183,1,43723073,0,12,1,no,
party_battle_leve.pcapng,s2c,0,1360,2,216,0x0183,2,43722707,0,12,1,no,
party_battle_leve.pcapng,s2c,0,1360,2,216,0x0183,3,1158679877,4,12,1,no,
party_battle_leve.pcapng,s2c,0,1360,2,216,0x0183,4,1158679879,4,12,1,no,
party_battle_leve.pcapng,s2c,0,1360,2,216,0x0183,5,1158679882,4,12,1,no,
party_battle_leve.pcapng,s2c,0,1360,2,216,0x0183,6,1158679884,4,12,1,no,
party_battle_leve.pcapng,s2c,0,1360,2,216,0x0183,7,1158679886,4,12,1,no,
party_battle_leve.pcapng,s2c,0,1360,3,368,0x0183,0,1158679887,4,12,1,no,
party_battle_leve.pcapng,s2c,0,1360,3,368,0x0183,1,1158679888,4,12,1,no,
party_battle_leve.pcapng,s2c,0,1360,3,368,0x0183,2,1158679892,4,12,1,no,
party_battle_leve.pcapng,s2c,0,1362,9,1016,0x0183,0,1158679892,4,12,1,no,
party_battle_leve.pcapng,s2c,0,1363,2,216,0x0183,0,1158679876,4,12,1,no,
party_battle_leve.pcapng,s2c,0,1363,2,216,0x0183,1,43723073,0,12,1,no,
party_battle_leve.pcapng,s2c,0,1363,2,216,0x0183,2,43722707,0,12,1,no,
party_battle_leve.pcapng,s2c,0,1363,2,216,0x0183,3,1158679877,4,12,1,no,
party_battle_leve.pcapng,s2c,0,1363,2,216,0x0183,4,1158679879,4,12,1,no,
party_battle_leve.pcapng,s2c,0,1363,2,216,0x0183,5,1158679882,4,12,1,no,
party_battle_leve.pcapng,s2c,0,1363,2,216,0x0183,6,1158679884,4,12,1,no,
party_battle_leve.pcapng,s2c,0,1363,2,216,0x0183,7,1158679886,4,12,1,no,
party_battle_leve.pcapng,s2c,0,1363,3,368,0x0183,0,1158679887,4,12,1,no,
party_battle_leve.pcapng,s2c,0,1363,3,368,0x0183,1,1158679888,4,12,1,no,
party_battle_leve.pcapng,s2c,0,1363,3,368,0x0183,2,1158679892,4,12,1,no,
party_battle_leve.pcapng,s2c,0,1363,3,368,0x0183,3,1158679893,4,12,1,no,
party_battle_leve.pcapng,s2c,0,1366,2,216,0x0183,0,1158679876,4,12,1,no,
party_battle_leve.pcapng,s2c,0,1366,2,216,0x0183,1,43723073,0,12,1,no,
party_battle_leve.pcapng,s2c,0,1366,2,216,0x0183,2,43722707,0,12,1,no,
party_battle_leve.pcapng,s2c,0,1366,2,216,0x0183,3,1158679877,4,12,1,no,
party_battle_leve.pcapng,s2c,0,1366,2,216,0x0183,4,1158679879,4,12,1,no,
party_battle_leve.pcapng,s2c,0,1366,2,216,0x0183,5,1158679882,4,12,1,no,
party_battle_leve.pcapng,s2c,0,1366,2,216,0x0183,6,1158679884,4,12,1,no,
party_battle_leve.pcapng,s2c,0,1366,2,216,0x0183,7,1158679886,4,12,1,no,
party_battle_leve.pcapng,s2c,0,1366,3,368,0x0183,0,1158679887,4,12,1,no,
party_battle_leve.pcapng,s2c,0,1366,3,368,0x0183,1,1158679888,4,12,1,no,
party_battle_leve.pcapng,s2c,0,1366,3,368,0x0183,2,1158679892,4,12,1,no,
party_battle_leve.pcapng,s2c,0,1366,3,368,0x0183,3,1158679893,4,12,1,no,
party_battle_leve.pcapng,s2c,0,1366,7,792,0x0183,0,1158679892,4,12,1,no,
party_battle_leve.pcapng,s2c,0,1366,7,792,0x0183,1,1158679893,4,12,1,no,
party_battle_leve.pcapng,s2c,0,1413,2,216,0x0183,0,1158679876,4,12,1,no,
party_battle_leve.pcapng,s2c,0,1413,2,216,0x0183,1,43723073,0,12,1,no,
party_battle_leve.pcapng,s2c,0,1413,2,216,0x0183,2,43722707,0,12,1,no,
party_battle_leve.pcapng,s2c,0,1413,2,216,0x0183,3,1158679877,4,12,1,no,
party_battle_leve.pcapng,s2c,0,1413,2,216,0x0183,4,1158679879,4,12,1,no,
party_battle_leve.pcapng,s2c,0,1413,2,216,0x0183,5,1158679882,4,12,1,no,
party_battle_leve.pcapng,s2c,0,1413,2,216,0x0183,6,1158679884,4,12,1,no,
party_battle_leve.pcapng,s2c,0,1413,2,216,0x0183,7,1158679886,4,12,1,no,
party_battle_leve.pcapng,s2c,0,1413,3,368,0x0183,0,1158679888,4,12,1,no,
party_battle_leve.pcapng,s2c,0,1413,3,368,0x0183,1,1158679892,4,12,1,no,
party_battle_leve.pcapng,s2c,0,1413,3,368,0x0183,2,1158679893,4,12,1,no,
party_battle_leve.pcapng,s2c,0,1598,9,1016,0x0183,0,1158678237,4,12,1,no,
party_battle_leve.pcapng,s2c,0,1652,2,216,0x0183,0,1158679876,4,12,1,no,
party_battle_leve.pcapng,s2c,0,1652,2,216,0x0183,1,43723073,0,12,1,no,
party_battle_leve.pcapng,s2c,0,1652,2,216,0x0183,2,43722707,0,12,1,no,
party_battle_leve.pcapng,s2c,0,1652,2,216,0x0183,3,1158679877,4,12,1,no,
party_battle_leve.pcapng,s2c,0,1652,2,216,0x0183,4,1158679879,4,12,1,no,
party_battle_leve.pcapng,s2c,0,1652,2,216,0x0183,5,1158679882,4,12,1,no,
party_battle_leve.pcapng,s2c,0,1652,2,216,0x0183,6,1158679884,4,12,1,no,
party_battle_leve.pcapng,s2c,0,1652,2,216,0x0183,7,1158679886,4,12,1,no,
party_battle_leve.pcapng,s2c,0,1652,3,368,0x0183,0,1158679888,4,12,1,no,
party_battle_leve.pcapng,s2c,0,1652,3,368,0x0183,1,1158679892,4,12,1,no,
party_battle_leve.pcapng,s2c,0,1652,3,368,0x0183,2,1158679893,4,12,1,no,
party_battle_leve.pcapng,s2c,0,1705,3,280,0x0183,0,1158679876,4,12,1,no,
party_battle_leve.pcapng,s2c,0,1705,3,280,0x0183,1,43723073,0,12,1,no,
party_battle_leve.pcapng,s2c,0,1705,3,280,0x0183,2,43722707,0,12,1,no,
party_battle_leve.pcapng,s2c,0,1705,3,280,0x0183,3,1158679877,4,12,1,no,
party_battle_leve.pcapng,s2c,0,1705,3,280,0x0183,4,1158679879,4,12,1,no,
party_battle_leve.pcapng,s2c,0,1705,3,280,0x0183,5,1158679882,4,12,1,no,
party_battle_leve.pcapng,s2c,0,1705,3,280,0x0183,6,1158679884,4,12,1,no,
party_battle_leve.pcapng,s2c,0,1705,3,280,0x0183,7,1158679886,4,12,1,no,
party_battle_leve.pcapng,s2c,0,1705,4,432,0x0183,0,1158679888,4,12,1,no,
party_battle_leve.pcapng,s2c,0,1705,4,432,0x0183,1,1158679892,4,12,1,no,
party_battle_leve.pcapng,s2c,0,1705,8,856,0x0183,0,1158679892,4,12,1,no,
party_battle_leve.pcapng,s2c,0,1808,3,280,0x0183,0,1158679876,4,12,1,no,
party_battle_leve.pcapng,s2c,0,1808,3,280,0x0183,1,43723073,0,12,1,no,
party_battle_leve.pcapng,s2c,0,1808,3,280,0x0183,2,43722707,0,12,1,no,
party_battle_leve.pcapng,s2c,0,1808,3,280,0x0183,3,1158679877,4,12,1,no,
party_battle_leve.pcapng,s2c,0,1808,3,280,0x0183,4,1158679879,4,12,1,no,
party_battle_leve.pcapng,s2c,0,1808,3,280,0x0183,5,1158679882,4,12,1,no,
party_battle_leve.pcapng,s2c,0,1808,3,280,0x0183,6,1158679884,4,12,1,no,
party_battle_leve.pcapng,s2c,0,1808,3,280,0x0183,7,1158679886,4,12,1,no,
party_battle_leve.pcapng,s2c,0,1808,4,432,0x0183,0,1158679888,4,12,1,no,
party_battle_leve.pcapng,s2c,0,1808,4,432,0x0183,1,1158679892,4,12,1,no,
party_battle_leve.pcapng,s2c,0,1809,9,1016,0x0183,0,1158679618,4,12,1,no,
party_battle_leve.pcapng,s2c,0,1856,2,216,0x0183,0,1158679876,4,12,1,no,
party_battle_leve.pcapng,s2c,0,1856,2,216,0x0183,1,43723073,0,12,1,no,
party_battle_leve.pcapng,s2c,0,1856,2,216,0x0183,2,43722707,0,12,1,no,
party_battle_leve.pcapng,s2c,0,1856,2,216,0x0183,3,1158679877,4,12,1,no,
party_battle_leve.pcapng,s2c,0,1856,2,216,0x0183,4,1158679879,4,12,1,no,
party_battle_leve.pcapng,s2c,0,1856,2,216,0x0183,5,1158679882,4,12,1,no,
party_battle_leve.pcapng,s2c,0,1856,2,216,0x0183,6,1158679886,4,12,1,no,
party_battle_leve.pcapng,s2c,0,1856,2,216,0x0183,7,1158679888,4,12,1,no,
party_battle_leve.pcapng,s2c,0,1856,3,368,0x0183,0,1158679892,4,12,1,no,
party_battle_leve.pcapng,s2c,0,1874,2,216,0x0183,0,1158679876,4,12,1,no,
party_battle_leve.pcapng,s2c,0,1874,2,216,0x0183,1,43723073,0,12,1,no,
party_battle_leve.pcapng,s2c,0,1874,2,216,0x0183,2,43722707,0,12,1,no,
party_battle_leve.pcapng,s2c,0,1874,2,216,0x0183,3,1158679877,4,12,1,no,
party_battle_leve.pcapng,s2c,0,1874,2,216,0x0183,4,1158679879,4,12,1,no,
party_battle_leve.pcapng,s2c,0,1874,2,216,0x0183,5,1158679882,4,12,1,no,
party_battle_leve.pcapng,s2c,0,1874,2,216,0x0183,6,1158679886,4,12,1,no,
party_battle_leve.pcapng,s2c,0,1874,2,216,0x0183,7,1158679888,4,12,1,no,
party_battle_leve.pcapng,s2c,0,1921,9,1016,0x0183,0,1158678237,4,12,1,no,
party_battle_leve.pcapng,s2c,0,1921,27,2936,0x0183,0,1158679857,4,12,1,no,
party_battle_leve.pcapng,s2c,0,1930,9,1016,0x0183,0,1158679618,4,12,1,no,
party_battle_leve.pcapng,s2c,0,1958,2,216,0x0183,0,1158679618,4,12,1,no,
party_battle_leve.pcapng,s2c,0,1968,9,1016,0x0183,0,1158677808,4,12,1,no,
party_battle_leve.pcapng,s2c,0,1977,27,2832,0x0183,0,1158679617,4,12,1,no,
party_battle_leve.pcapng,s2c,0,1990,9,1016,0x0183,0,1158679843,4,12,1,no,
party_battle_leve.pcapng,s2c,0,2096,9,1016,0x0183,0,1158679850,4,12,1,no,
party_battle_leve.pcapng,s2c,0,2143,2,216,0x0183,0,1158679876,4,12,1,no,
party_battle_leve.pcapng,s2c,0,2143,2,216,0x0183,1,43723073,0,12,1,no,
party_battle_leve.pcapng,s2c,0,2143,2,216,0x0183,2,43722707,0,12,1,no,
party_battle_leve.pcapng,s2c,0,2143,2,216,0x0183,3,1158679879,4,12,1,no,
party_battle_leve.pcapng,s2c,0,2143,2,216,0x0183,4,1158679882,4,12,1,no,
party_battle_leve.pcapng,s2c,0,2143,2,216,0x0183,5,1158679886,4,12,1,no,
party_battle_leve.pcapng,s2c,0,2143,2,216,0x0183,6,1158679888,4,12,1,no,
party_battle_leve.pcapng,s2c,0,2283,2,216,0x0183,0,1158679876,4,12,1,no,
party_battle_leve.pcapng,s2c,0,2283,2,216,0x0183,1,43723073,0,12,1,no,
party_battle_leve.pcapng,s2c,0,2283,2,216,0x0183,2,43722707,0,12,1,no,
party_battle_leve.pcapng,s2c,0,2283,2,216,0x0183,3,1158679879,4,12,1,no,
party_battle_leve.pcapng,s2c,0,2283,2,216,0x0183,4,1158679882,4,12,1,no,
party_battle_leve.pcapng,s2c,0,2283,2,216,0x0183,5,1158679886,4,12,1,no,
party_battle_leve.pcapng,s2c,0,2283,2,216,0x0183,6,1158679888,4,12,1,no,
party_battle_leve.pcapng,s2c,0,2283,2,216,0x0183,7,1158679894,4,12,1,no,
party_battle_leve.pcapng,s2c,0,2285,9,1016,0x0183,0,1158679894,4,12,1,no,
party_battle_leve.pcapng,s2c,0,2285,13,1440,0x0183,0,1158679876,4,12,1,no,
party_battle_leve.pcapng,s2c,0,2285,13,1440,0x0183,1,43723073,0,12,1,no,
party_battle_leve.pcapng,s2c,0,2285,13,1440,0x0183,2,43722707,0,12,1,no,
party_battle_leve.pcapng,s2c,0,2285,13,1440,0x0183,3,1158679879,4,12,1,no,
party_battle_leve.pcapng,s2c,0,2285,13,1440,0x0183,4,1158679882,4,12,1,no,
party_battle_leve.pcapng,s2c,0,2285,13,1440,0x0183,5,1158679886,4,12,1,no,
party_battle_leve.pcapng,s2c,0,2285,13,1440,0x0183,6,1158679894,4,12,1,no,
party_battle_leve.pcapng,s2c,0,2289,2,216,0x0183,0,1158679876,4,12,1,no,
party_battle_leve.pcapng,s2c,0,2289,2,216,0x0183,1,43723073,0,12,1,no,
party_battle_leve.pcapng,s2c,0,2289,2,216,0x0183,2,43722707,0,12,1,no,
party_battle_leve.pcapng,s2c,0,2289,2,216,0x0183,3,1158679879,4,12,1,no,
party_battle_leve.pcapng,s2c,0,2289,2,216,0x0183,4,1158679882,4,12,1,no,
party_battle_leve.pcapng,s2c,0,2289,2,216,0x0183,5,1158679886,4,12,1,no,
party_battle_leve.pcapng,s2c,0,2289,2,216,0x0183,6,1158679894,4,12,1,no,
party_battle_leve.pcapng,s2c,0,2289,2,216,0x0183,7,1158679895,4,12,1,no,
party_battle_leve.pcapng,s2c,0,2290,3,280,0x0183,0,1158679876,4,12,1,no,
party_battle_leve.pcapng,s2c,0,2290,3,280,0x0183,1,43723073,0,12,1,no,
party_battle_leve.pcapng,s2c,0,2290,3,280,0x0183,2,43722707,0,12,1,no,
party_battle_leve.pcapng,s2c,0,2290,3,280,0x0183,3,1158679879,4,12,1,no,
party_battle_leve.pcapng,s2c,0,2290,3,280,0x0183,4,1158679882,4,12,1,no,
party_battle_leve.pcapng,s2c,0,2290,3,280,0x0183,5,1158679886,4,12,1,no,
party_battle_leve.pcapng,s2c,0,2290,3,280,0x0183,6,1158679894,4,12,1,no,
party_battle_leve.pcapng,s2c,0,2290,3,280,0x0183,7,1158679895,4,12,1,no,
party_battle_leve.pcapng,s2c,0,2290,7,704,0x0183,0,1158679894,4,12,1,no,
party_battle_leve.pcapng,s2c,0,2290,7,704,0x0183,1,1158679895,4,12,1,no,
party_battle_leve.pcapng,s2c,0,2333,2,216,0x0183,0,1158679876,4,12,1,no,
party_battle_leve.pcapng,s2c,0,2333,2,216,0x0183,1,43723073,0,12,1,no,
party_battle_leve.pcapng,s2c,0,2333,2,216,0x0183,2,43722707,0,12,1,no,
party_battle_leve.pcapng,s2c,0,2333,2,216,0x0183,3,1158679879,4,12,1,no,
party_battle_leve.pcapng,s2c,0,2333,2,216,0x0183,4,1158679886,4,12,1,no,
party_battle_leve.pcapng,s2c,0,2333,2,216,0x0183,5,1158679894,4,12,1,no,
party_battle_leve.pcapng,s2c,0,2333,2,216,0x0183,6,1158679895,4,12,1,no,
party_battle_leve.pcapng,s2c,0,2525,4,584,0x0183,0,1158679896,4,12,1,no,
party_battle_leve.pcapng,s2c,0,2535,9,1016,0x0183,0,1158678237,4,12,1,no,
party_battle_leve.pcapng,s2c,0,2536,6,736,0x0183,0,1158679618,4,12,1,no,
party_battle_leve.pcapng,s2c,0,2536,24,2656,0x0183,0,1158679617,4,12,1,no,
party_battle_leve.pcapng,s2c,0,2627,9,1016,0x0183,0,1158679617,4,12,1,no,
party_battle_leve.pcapng,s2c,0,2627,27,2936,0x0183,0,1158679618,4,12,1,no,
party_battle_leve.pcapng,s2c,0,2660,9,1016,0x0183,0,1158679617,4,12,1,no,
party_battle_leve.pcapng,s2c,0,2668,2,216,0x0183,0,1158679876,4,12,1,no,
party_battle_leve.pcapng,s2c,0,2668,2,216,0x0183,1,43723073,0,12,1,no,
party_battle_leve.pcapng,s2c,0,2668,2,216,0x0183,2,43722707,0,12,1,no,
party_battle_leve.pcapng,s2c,0,2668,2,216,0x0183,3,1158679879,4,12,1,no,
party_battle_leve.pcapng,s2c,0,2668,2,216,0x0183,4,1158679886,4,12,1,no,
party_battle_leve.pcapng,s2c,0,2668,2,216,0x0183,5,1158679895,4,12,1,no,
party_battle_leve.pcapng,s2c,0,2668,6,640,0x0183,0,1158679895,4,12,1,no,
party_battle_leve.pcapng,s2c,0,2832,2,216,0x0183,0,1158679876,4,12,1,no,
party_battle_leve.pcapng,s2c,0,2832,2,216,0x0183,1,43723073,0,12,1,no,
party_battle_leve.pcapng,s2c,0,2832,2,216,0x0183,2,43722707,0,12,1,no,
party_battle_leve.pcapng,s2c,0,2832,2,216,0x0183,3,1158679879,4,12,1,no,
party_battle_leve.pcapng,s2c,0,2832,2,216,0x0183,4,1158679895,4,12,1,no,
party_battle_leve.pcapng,s2c,0,2834,9,1016,0x0183,0,1158679617,4,12,1,no,
party_battle_leve.pcapng,s2c,0,2834,27,2936,0x0183,0,1158679618,4,12,1,no,
party_battle_leve.pcapng,s2c,0,2855,6,736,0x0183,0,1158679855,4,12,1,no,
party_battle_leve.pcapng,s2c,0,2864,2,216,0x0183,0,1158679876,4,12,1,no,
party_battle_leve.pcapng,s2c,0,2864,2,216,0x0183,1,43723073,0,12,1,no,
party_battle_leve.pcapng,s2c,0,2864,2,216,0x0183,2,43722707,0,12,1,no,
party_battle_leve.pcapng,s2c,0,2864,2,216,0x0183,3,1158679879,4,12,1,no,
party_battle_leve.pcapng,s2c,0,2864,2,216,0x0183,4,1158679895,4,12,1,no,
party_battle_leve.pcapng,s2c,0,2864,2,216,0x0183,5,1158679897,4,12,1,no,
party_battle_leve.pcapng,s2c,0,2866,9,1016,0x0183,0,1158679897,4,12,1,no,
party_battle_leve.pcapng,s2c,0,2866,13,1440,0x0183,0,1158679876,4,12,1,no,
party_battle_leve.pcapng,s2c,0,2866,13,1440,0x0183,1,43723073,0,12,1,no,
party_battle_leve.pcapng,s2c,0,2866,13,1440,0x0183,2,43722707,0,12,1,no,
party_battle_leve.pcapng,s2c,0,2866,13,1440,0x0183,3,1158679879,4,12,1,no,
party_battle_leve.pcapng,s2c,0,2866,13,1440,0x0183,4,1158679895,4,12,1,no,
party_battle_leve.pcapng,s2c,0,2866,13,1440,0x0183,5,1158679897,4,12,1,no,
party_battle_leve.pcapng,s2c,0,2869,2,216,0x0183,0,1158679876,4,12,1,no,
party_battle_leve.pcapng,s2c,0,2869,2,216,0x0183,1,43723073,0,12,1,no,
party_battle_leve.pcapng,s2c,0,2869,2,216,0x0183,2,43722707,0,12,1,no,
party_battle_leve.pcapng,s2c,0,2869,2,216,0x0183,3,1158679879,4,12,1,no,
party_battle_leve.pcapng,s2c,0,2869,2,216,0x0183,4,1158679895,4,12,1,no,
party_battle_leve.pcapng,s2c,0,2869,2,216,0x0183,5,1158679897,4,12,1,no,
party_battle_leve.pcapng,s2c,0,2869,2,216,0x0183,6,1158679898,4,12,1,no,
party_battle_leve.pcapng,s2c,0,2873,9,1016,0x0183,0,1158679897,4,12,1,no,
party_battle_leve.pcapng,s2c,0,2873,9,1016,0x0183,1,1158679898,4,12,1,no,
party_battle_leve.pcapng,s2c,0,2873,13,1440,0x0183,0,1158679876,4,12,1,no,
party_battle_leve.pcapng,s2c,0,2873,13,1440,0x0183,1,43723073,0,12,1,no,
party_battle_leve.pcapng,s2c,0,2873,13,1440,0x0183,2,43722707,0,12,1,no,
party_battle_leve.pcapng,s2c,0,2873,13,1440,0x0183,3,1158679895,4,12,1,no,
party_battle_leve.pcapng,s2c,0,2873,13,1440,0x0183,4,1158679897,4,12,1,no,
party_battle_leve.pcapng,s2c,0,2873,13,1440,0x0183,5,1158679898,4,12,1,no,
party_battle_leve.pcapng,s2c,0,2886,10,1232,0x0183,0,1158679855,4,12,1,no,
party_battle_leve.pcapng,s2c,0,2889,5,496,0x0183,0,1158679876,4,12,1,no,
party_battle_leve.pcapng,s2c,0,2889,5,496,0x0183,1,43723073,0,12,1,no,
party_battle_leve.pcapng,s2c,0,2889,5,496,0x0183,2,43722707,0,12,1,no,
party_battle_leve.pcapng,s2c,0,2889,5,496,0x0183,3,1158679897,4,12,1,no,
party_battle_leve.pcapng,s2c,0,2889,5,496,0x0183,4,1158679898,4,12,1,no,
party_battle_leve.pcapng,s2c,0,2923,9,1016,0x0183,0,1158679855,4,12,1,no,
party_battle_leve.pcapng,s2c,0,2936,12,1440,0x0183,0,1158679855,4,12,1,no,
party_battle_leve.pcapng,s2c,0,3177,3,304,0x0183,0,1158679876,4,12,1,no,
party_battle_leve.pcapng,s2c,0,3177,3,304,0x0183,1,43723073,0,12,1,no,
party_battle_leve.pcapng,s2c,0,3177,3,304,0x0183,2,43722707,0,12,1,no,
party_battle_leve.pcapng,s2c,0,3177,3,304,0x0183,3,1158679898,4,12,1,no,
party_battle_leve.pcapng,s2c,0,3177,7,728,0x0183,0,1158679898,4,12,1,no,
party_battle_leve.pcapng,s2c,0,3203,9,1016,0x0183,0,1158678237,4,12,1,no,
party_battle_leve.pcapng,s2c,0,3237,9,1016,0x0183,0,1158678237,4,12,1,no,
party_battle_leve.pcapng,s2c,0,3334,9,1016,0x0183,0,1158679855,4,12,1,no,
party_battle_leve.pcapng,s2c,0,3367,2,216,0x0183,0,1158679876,4,12,1,no,
party_battle_leve.pcapng,s2c,0,3367,2,216,0x0183,1,43723073,0,12,1,no,
party_battle_leve.pcapng,s2c,0,3367,2,216,0x0183,2,43722707,0,12,1,no,
party_battle_leve.pcapng,s2c,0,3367,2,216,0x0183,3,1158679898,4,12,1,no,
party_battle_leve.pcapng,s2c,0,3367,2,216,0x0183,4,1158679899,4,12,1,yes,talkDefault
party_battle_leve.pcapng,s2c,0,3368,13,1336,0x0183,0,1158679876,4,12,1,no,
party_battle_leve.pcapng,s2c,0,3368,13,1336,0x0183,1,43723073,0,12,1,no,
party_battle_leve.pcapng,s2c,0,3368,13,1336,0x0183,2,43722707,0,12,1,no,
party_battle_leve.pcapng,s2c,0,3368,13,1336,0x0183,3,1158679898,4,12,1,no,
party_battle_leve.pcapng,s2c,0,3368,13,1336,0x0183,4,1158679899,4,12,1,yes,talkDefault
party_battle_leve.pcapng,s2c,0,3372,2,216,0x0183,0,1158679876,4,12,1,no,
party_battle_leve.pcapng,s2c,0,3372,2,216,0x0183,1,43723073,0,12,1,no,
party_battle_leve.pcapng,s2c,0,3372,2,216,0x0183,2,43722707,0,12,1,no,
party_battle_leve.pcapng,s2c,0,3372,2,216,0x0183,3,1158679899,4,12,1,yes,talkDefault
party_battle_leve.pcapng,s2c,0,3432,3,280,0x0183,0,1158679876,4,12,1,no,
party_battle_leve.pcapng,s2c,0,3432,3,280,0x0183,1,43723073,0,12,1,no,
party_battle_leve.pcapng,s2c,0,3432,3,280,0x0183,2,1158679899,4,12,1,yes,talkDefault
party_battle_leve.pcapng,s2c,0,3446,2,216,0x017F,0,43723073,0,48,301,no,
party_battle_leve.pcapng,s2c,0,3446,2,216,0x017F,1,43722707,0,48,301,no,
party_battle_leve.pcapng,s2c,0,3454,4,584,0x0183,0,1158676679,4,12,1,no,
party_battle_leve.pcapng,s2c,0,3454,22,2504,0x0183,0,1158676673,4,12,1,no,
party_battle_leve.pcapng,s2c,0,3455,4,584,0x0183,0,1158676667,4,12,1,no,
party_battle_leve.pcapng,s2c,0,3455,22,2504,0x0183,0,1158677744,4,12,1,no,
party_battle_leve.pcapng,s2c,0,3456,18,2080,0x0183,0,1158677743,4,12,1,no,
party_battle_leve.pcapng,s2c,0,3457,0,0,0x0183,0,1158677746,4,12,1,no,
party_battle_leve.pcapng,s2c,0,3457,18,1920,0x0183,0,1158679875,4,12,1,no,
party_battle_leve.pcapng,s2c,0,3457,36,3840,0x0183,0,1158677740,4,12,1,no,
party_battle_leve.pcapng,s2c,0,3458,16,1712,0x0183,0,1158679047,4,12,1,no,
return_to_inn.pcapng,s2c,0,38,16,1496,0x017F,0,43723073,0,48,5303,no,
return_to_inn.pcapng,s2c,0,38,16,1496,0x017F,1,3768972602,14,48,4294967295,no,
return_to_inn.pcapng,s2c,0,38,20,2208,0x017F,0,43723073,0,48,5303,no,
teleport_to_camp_nine_ivies.pcapng,s2c,0,73,16,1496,0x017F,0,43723073,0,48,302,no,
teleport_to_camp_nine_ivies.pcapng,s2c,0,73,16,1496,0x017F,1,3768972602,14,48,4294967295,no,
teleport_to_camp_nine_ivies.pcapng,s2c,0,73,20,2208,0x017F,0,43723073,0,48,302,no,
teleport_to_camp_nine_ivies.pcapng,s2c,0,86,4,584,0x0183,0,1152912203,4,12,1,no,
teleport_to_camp_nine_ivies.pcapng,s2c,0,86,22,2504,0x0183,0,1152910032,4,12,1,no,
teleport_to_camp_nine_ivies.pcapng,s2c,0,87,4,584,0x0183,0,1152909453,4,12,1,no,
teleport_to_camp_tranquil.pcapng,s2c,0,47,16,1496,0x017F,0,43723073,0,48,305,no,
teleport_to_camp_tranquil.pcapng,s2c,0,47,16,1496,0x017F,1,3768972602,14,48,4294967295,no,
teleport_to_camp_tranquil.pcapng,s2c,0,47,20,2208,0x017F,0,43723073,0,48,305,no,
teleport_to_camp_tranquil.pcapng,s2c,0,62,4,584,0x0183,0,1154500034,4,12,1,no,
teleport_to_gridania.pcapng,s2c,0,22,9,1016,0x0183,0,1154482319,4,12,1,no,
teleport_to_gridania.pcapng,s2c,0,59,16,1496,0x017F,0,43723073,0,48,321,no,
teleport_to_gridania.pcapng,s2c,0,59,16,1496,0x017F,1,3768972602,14,48,4294967295,no,
teleport_to_gridania.pcapng,s2c,0,59,20,2208,0x017F,0,43723073,0,48,321,no,
war_quest_update2.pcapng,s2c,0,408,2,216,0x0183,0,1163947554,4,12,1,yes,noticeEvent
war_quest_update2.pcapng,s2c,0,408,2,216,0x0183,1,43723073,0,12,1,no,
war_quest_update2.pcapng,s2c,0,408,2,216,0x0183,2,43722707,0,12,1,no,
war_quest_update2.pcapng,s2c,0,408,2,216,0x0183,3,1163947556,4,12,1,no,
war_quest_update2.pcapng,s2c,0,408,2,216,0x0183,4,1163947557,4,12,1,no,
war_quest_update2.pcapng,s2c,0,408,2,216,0x0183,5,1163947558,4,12,1,no,
war_quest_update2.pcapng,s2c,0,408,6,640,0x0183,0,1163947556,4,12,1,no,
war_quest_update2.pcapng,s2c,0,408,6,640,0x0183,1,1163947557,4,12,1,no,
war_quest_update2.pcapng,s2c,0,408,6,640,0x0183,2,1163947558,4,12,1,no,
war_quest_update2.pcapng,s2c,0,494,2,216,0x0183,0,1163947554,4,12,1,yes,noticeEvent
war_quest_update2.pcapng,s2c,0,494,2,216,0x0183,1,43723073,0,12,1,no,
war_quest_update2.pcapng,s2c,0,494,2,216,0x0183,2,43722707,0,12,1,no,
war_quest_update2.pcapng,s2c,0,494,2,216,0x0183,3,1163947556,4,12,1,no,
war_quest_update2.pcapng,s2c,0,494,2,216,0x0183,4,1163947558,4,12,1,no,
war_quest_update2.pcapng,s2c,0,494,6,640,0x0183,0,1163947556,4,12,1,no,
war_quest_update2.pcapng,s2c,0,494,6,640,0x0183,1,1163947558,4,12,1,no,
war_quest_update2.pcapng,s2c,0,587,2,216,0x0183,0,1163947554,4,12,1,yes,noticeEvent
war_quest_update2.pcapng,s2c,0,587,2,216,0x0183,1,43723073,0,12,1,no,
war_quest_update2.pcapng,s2c,0,587,2,216,0x0183,2,43722707,0,12,1,no,
war_quest_update2.pcapng,s2c,0,587,2,216,0x0183,3,1163947556,4,12,1,no,
war_quest_update2.pcapng,s2c,0,587,6,640,0x0183,0,1163947556,4,12,1,no,
war_quest_update2.pcapng,s2c,0,612,2,216,0x017F,0,43723073,0,48,403,no,
war_quest_update2.pcapng,s2c,0,612,2,216,0x017F,1,43722707,0,48,403,no,
war_quest_update2.pcapng,s2c,0,612,6,928,0x0183,0,1163947554,4,12,1,yes,noticeEvent
war_quest_update2.pcapng,s2c,0,612,6,928,0x0183,1,43723073,0,12,1,no,
war_quest_update2.pcapng,s2c,0,612,6,928,0x0183,2,1163947556,4,12,1,no,
war_quest_update2.pcapng,s2c,0,640,18,2080,0x0183,0,1163919573,4,12,1,no,
war_quest_update2.pcapng,s2c,0,641,0,0,0x0183,0,1163919648,4,12,1,no,
war_quest_update2.pcapng,s2c,0,641,18,1920,0x0183,0,1163919757,4,12,1,no,
war_quest_update2.pcapng,s2c,0,641,36,3840,0x0183,0,1163922664,4,12,1,no,
war_quest_update2.pcapng,s2c,0,642,16,1712,0x0183,0,1163919745,4,12,1,no,
war_quest_update2.pcapng,s2c,0,642,34,3632,0x0183,0,1163919789,4,12,1,no,
war_quest_update2.pcapng,s2c,0,643,12,1520,0x0183,0,1163919784,4,12,1,no,
war_quest_update2.pcapng,s2c,0,643,30,3440,0x0183,0,1163919778,4,12,1,no,
war_quest_update2.pcapng,s2c,0,644,11,1480,0x0183,0,1163919790,4,12,1,no,
war_quest_update2.pcapng,s2c,0,644,29,3400,0x0183,0,1163919782,4,12,1,no,
war_quest_update2.pcapng,s2c,0,645,11,1480,0x0183,0,1163919788,4,12,1,no,
war_quest_update3.pcapng,s2c,0,5,9,1016,0x0183,0,1163919697,4,12,1,no,
war_quest_update3.pcapng,s2c,0,33,9,1016,0x0183,0,1163922701,4,12,1,no,
